-27.3209785,-24.9736373,-28.3551609,-24.3358445,-23.7062455,-23.7518360,-24.2176924,-33.2644111
12.2247079,12.1647512,12.7076994,10.5170467,11.1062554,11.1321169,10.7133479,14.3138655
1.0753096,1.5274126,1.6977444,1.5266026,1.7269561,2.1998171,2.0050268,0.3310813
0.8837059,0.4608043,0.0307730,1.5225106,-0.0692048,1.0087716,1.4749458,-1.1646599
6.1695507,5.1766947,4.1648128,5.0431614,3.4347412,4.8189608,5.2214710,6.7155172
-0.9566743,-0.3573447,-2.4967128,-1.2531141,-1.1306922,-0.9773310,-1.0253379,-0.6244155
3.8663047,5.0558664,3.4273777,3.2060016,3.7739097,3.6042298,3.3280814,5.0558618
1.3674031,2.4328890,0.6518793,0.3283547,1.3374382,1.3929319,1.5233154,1.7091264
3.5134416,3.2952869,2.4251016,2.4141558,2.6022468,1.9985903,3.1688329,2.8531859
2.5529902,0.7131562,0.5664239,2.1322809,1.0088523,0.6318071,1.2223415,1.8454530
2.1030280,0.3761166,-0.2577062,1.4152159,0.8757160,0.9085247,0.8631484,2.9507175
1.6893625,1.2517968,0.3622507,-0.0648850,-0.3786526,0.1483163,-0.2029718,1.0237496
5.1977086,3.3778947,2.9927423,2.4595765,1.9756878,2.2548821,0.9160120,3.8612836
3.6025187,1.2957557,1.1209250,1.7274051,1.6378815,0.5808618,0.1655523,2.3557471
1.1869514,0.7350664,0.9265613,-0.0099101,0.3949622,-0.2299983,0.6349877,-0.5632243
2.6658905,2.9868048,2.0510277,2.3337096,3.8919043,4.1258162,4.4481849,4.4937613
-1.0475221,-0.3733614,4.2610209,0.9461181,1.8296330,1.8061615,1.6270129,1.7780675
3.1564077,2.8394530,14.8750234,3.5209974,1.7444502,3.7720020,2.9600598,2.3131704
4.7551358,3.3939448,8.1302863,2.5655268,1.2437833,4.9272788,3.3637471,2.5107813
1.6432599,1.6189318,0.7169557,1.4434062,2.5671270,2.9049963,1.9762112,2.1142426
-4.2857864,-3.2661028,-3.3597971,-1.6241095,0.7301656,-2.5128864,-2.5547912,-2.5502013
-1.8947257,-2.1266412,-0.7529532,-0.4382473,1.7565013,-1.1585401,-0.9706209,-0.0656609
0.2841306,0.1360365,4.4791250,0.5318324,0.7208405,0.3460840,0.6038421,-0.1019610
0.1873979,0.5410875,1.0747380,0.3060607,-0.7999051,0.0213173,0.0340603,-1.9996756
-2.8702758,-2.8645802,-6.7605991,-2.9319056,-3.4289031,-2.7548101,-3.0524986,-4.2205292
0.3819714,-0.4355416,-2.2221640,-0.1564569,-0.7384849,0.2551983,0.0749405,1.0744041
-2.7982998,-3.7675511,-5.6752924,-2.9666093,-3.6884847,-3.5142361,-3.4457226,-2.9969653
0.5921535,-0.5396374,-2.4763091,-0.6784648,-0.3217026,-1.5212287,-1.2345004,1.5314261
-2.5769510,-2.3677845,-3.8382519,-2.3886332,-1.2391019,-2.4796491,-2.0740113,-0.9805244
-4.7607051,-2.9546321,-4.3792754,-2.2897238,-1.7140101,-2.3722586,-1.6293779,-2.5633629
-3.5226815,-2.2501175,-2.8925678,-1.9050853,-1.7361080,-1.8473483,-1.1653910,-1.5896292
-2.9914301,-3.3001309,-3.6863385,-2.4763919,-4.3063241,-3.1722833,-2.5985748,-3.5264149
-3.6872013,-3.6034770,-4.8451014,-3.2862764,-5.6647705,-3.8228694,-3.5411024,-5.9938218
-0.9222822,0.7078404,-0.5433518,-1.5275910,-0.0838860,-0.5719270,-0.9715698,-1.9430455
-2.1158111,0.8013955,-0.8198344,-1.9217988,-1.1542385,-2.1782731,-1.8899812,-1.3511473
-2.4608894,-0.4151213,-1.6810406,-1.1026692,-2.8055795,-2.5892215,-1.1340261,-0.7470595
-0.0865531,-0.4194381,-0.8094365,0.1924246,0.8188185,-0.9403306,0.2167131,0.6711310
3.2904884,2.2032486,2.1192972,2.2030476,2.0199516,1.7144779,1.9922897,3.7415880
0.6143857,0.1537129,0.2502981,0.5388664,-1.1321211,1.3590806,1.3246235,0.0246253
1.3840442,0.8715984,0.9586062,2.0626208,2.7713616,1.3272515,1.3027258,-0.6174926
4.8740071,4.6389299,4.8683196,4.5614722,5.0043567,1.9769489,1.8173604,3.7818559
0.1284824,-0.2015913,-0.0090464,-1.1180034,-1.6461822,-1.5950910,-1.7481903,-0.5867582
-0.7703273,-2.0492188,-1.6340292,-2.4524563,-3.0488952,-1.0940105,-1.3600422,-0.8728955
0.6987252,-0.0833457,0.6048967,-0.3255993,-2.6762269,1.0903935,0.4532373,0.9734091
2.4095989,1.7216693,2.1868991,1.8718606,0.8355914,3.1993245,2.3869580,2.1411551
1.9307003,1.6320355,1.5519364,2.3476934,4.6130894,3.3016493,2.5868535,1.9435840
-0.8661956,0.4978866,0.1865318,0.5642281,3.1354060,1.7049777,1.4150366,0.3249414
-2.7006079,-1.1319629,-0.9931134,-1.6396872,0.0923799,0.1949581,-0.1411303,-1.3375904
-0.7447414,0.1247433,0.4207711,-0.3336702,-0.0040267,0.9748393,0.7855574,-0.6309994
3.2359954,2.6352143,2.9434169,3.2297987,1.8153889,3.4609697,3.7221514,1.9663785
3.7035234,1.5400133,2.3919535,2.8899124,1.9045014,3.4255639,2.9839883,2.4689922
-2.7703243,-3.6556876,-3.8302850,-3.8501591,-3.2826799,-1.8462608,-2.1885689,-2.8444095
-0.7054839,0.6157455,-0.1780224,-0.4996273,0.1877338,0.2380817,0.8888969,1.1109954
1.1994344,3.1889171,2.3193679,3.0586867,4.5721497,1.0092897,1.2961001,1.9410323
1.4055985,1.1805770,0.2181264,1.2619241,3.1506000,-0.2062906,-0.7109172,0.2120189
2.6182466,0.3232004,0.4188501,0.0044792,-0.0649578,0.0498576,-0.4240546,1.2786800
-0.5619687,-2.1278558,-2.0003218,-2.0791678,-1.2590651,-1.7905696,-1.5805947,-0.9303172
-1.7788999,-2.0425079,-2.3188088,-1.6874121,0.6262181,-1.9721772,-2.1135850,-1.4294027
2.3603527,2.0262541,5.3132968,1.8127808,1.4944868,0.5901375,0.3745356,1.1478974
3.8394997,2.5584308,9.8910818,2.2970128,1.6169020,1.0267823,2.9982273,0.9790949
1.0706237,0.0790326,4.2819149,0.2951300,2.5238587,-1.6582055,1.2737824,-0.2734032
-1.5197574,-2.2988331,-3.7030749,-0.8662250,0.5867603,-2.8435786,-1.5672524,-0.9861531
0.6620153,-1.0509163,-2.3251059,0.2973052,-0.1288211,-0.1368686,0.1984147,1.2188161
0.5181899,0.1051231,-0.8715372,-2.0119116,-1.1212245,-2.0343479,-1.4831439,0.4445105
0.0899360,1.3559233,-1.4265155,-1.7983086,-1.3568296,-1.7518176,-1.7374678,0.6810365
0.5189675,1.7775502,-0.8316851,1.2567225,-0.4349322,1.2152495,0.3644857,2.1300096
-0.9206618,0.2918686,-1.7275739,0.4379793,-1.1608125,-0.0751829,-1.3188880,0.7894040
0.3937542,0.4377688,-0.8182503,0.0599043,-1.9210484,0.6753771,-0.1981429,1.2723746
1.0126266,-0.4464838,-0.3338601,-0.2041433,-2.5305184,2.0866034,1.3380240,0.6864310
0.0145590,-1.0947654,-0.7781891,-0.2226633,-1.3147949,1.6896289,0.1666983,-0.0653791
-0.1728833,0.3341266,0.3392662,1.5217478,0.8345358,1.7209589,0.4560213,0.6332648
-4.8160978,-1.7192378,-2.4569480,-0.6417310,-1.2519731,-1.3408492,-2.2162247,-3.2785634
-5.8365959,-1.9053632,-3.1338541,-1.3734958,-2.0738111,-1.9356267,-2.9453071,-3.1047408
-2.0390394,-0.3140641,-0.4775757,0.0168039,-0.9519948,0.0122711,-0.1730402,-0.7147546
1.7073730,2.3984810,2.5423471,2.0543601,1.1076742,2.4832907,2.9427100,1.5299573
-0.2492415,1.2846468,0.6412400,0.7014213,-0.2564032,1.8464426,1.5252414,0.0221682
-4.5710137,-3.6478832,-3.7501179,-2.8101357,-2.9002827,-1.9787448,-3.1802673,-3.3607312
-1.8286923,-2.7399884,-1.9653609,-0.8525374,-0.3189845,-2.0412037,-2.3356839,-0.2893691
3.0596989,1.1403780,2.3817620,2.1039640,1.9421381,0.7235584,1.9067431,1.5605702
2.6795819,1.1078862,2.0221652,0.5229226,0.2211376,0.5882485,1.4636196,-2.0199717
2.2732666,1.3999694,1.7471111,0.7343694,1.1080328,1.3188520,1.0567354,-0.1626937
-0.2470334,-0.1266620,-0.1702315,0.2280616,-0.2473516,0.9395880,0.4210305,0.3821400
-1.3115757,-0.4045876,-0.7399678,0.2773530,-0.9729029,0.2701862,0.3562642,-0.8095224
0.2964518,1.6140504,0.8203814,1.2626057,1.9956500,-0.0411350,0.7294021,0.5501252
0.9131624,2.1024176,1.0087421,0.9509178,2.7834208,-0.4170549,0.1805065,1.4848677
-0.8219434,-1.2508611,-0.7998752,-0.9321259,-0.8399134,-1.5420937,-1.0077971,-2.3693035
-1.5670679,-2.9610889,-1.7044485,-1.6255414,-2.6863852,-1.7813127,-0.5523009,-4.4130883
-0.7759864,-0.8485967,-1.6214299,-0.6065298,-1.3068130,-1.0342440,-0.2906627,-1.9259471
-2.1798987,-1.0092292,-2.5380279,-1.7247600,-2.3369985,-2.8845567,-3.0946351,-2.0153513
-2.4166333,-0.8109984,-1.1387355,-1.6934806,-1.1079852,-2.5070686,-3.1306117,-1.6267224
-0.1680036,0.8367586,1.5977387,0.5565300,2.5218051,1.1514227,0.1901534,1.4605815
1.2372802,0.1835462,1.5386588,0.1403402,1.4916188,1.3249119,0.9728885,2.9523743
2.7174623,0.5996615,1.4212734,-0.4353534,0.3955155,0.3920295,0.7650017,2.7942518
1.8398220,0.5114612,0.5346098,-1.0796110,-0.9492742,-0.1320445,0.4242140,1.0004175
-1.0320435,-1.7656154,-1.5936381,-2.5785436,-2.9590850,-1.5827523,-0.9967122,-0.9354692
0.1680922,-1.0072675,-0.0722049,-0.6195086,-0.7939528,-0.2655446,-0.3500479,-0.2612935
2.2619475,0.9752814,1.9691687,1.2849276,1.6544500,2.2646654,1.4303206,0.9055251
2.5903413,2.6717415,2.5782533,1.6621160,2.7109179,3.1010471,2.6589741,3.2505886
-0.7711757,0.8653667,-0.6991608,-0.2637188,-0.8995660,-0.4791222,0.4939561,0.4736569
-0.1804028,0.3779815,-1.0068968,0.0425601,-1.3208595,-0.9096440,0.5763477,-1.3001417
3.4818476,2.1155402,1.8942368,2.2608948,3.0524276,2.0865264,2.2594383,1.5077216
3.2852772,2.2385828,2.3027096,2.8728236,4.6646286,3.2326105,3.3736634,3.0370144
0.0586573,-0.3091412,1.4711753,0.8400373,2.0856326,0.8106006,2.0152496,0.3127266
-1.3187871,-2.4333868,1.2361568,-0.3963272,-0.9668619,-1.8244547,-2.1157686,-2.1908043
-2.1915965,-2.7074563,-1.5514852,-0.8156630,-2.3907051,-1.9072341,-3.1026197,-1.6181660
-2.2748541,-0.7032113,-2.1936102,-1.0002383,-0.8999691,-0.4910068,0.0490358,1.2330018
-1.5538457,0.2451567,-1.3781486,-1.0664017,0.6109583,-0.5991594,0.1831127,-0.0016592
0.8237250,1.0216480,0.3587973,0.7060189,1.8228709,0.2742454,-0.1847284,-0.9954067
0.2547601,0.2879582,0.8851651,0.9263320,0.0408399,-0.0604568,-1.2691601,-1.1738426
-0.8948416,0.0776040,-0.0501906,-0.0757009,-1.9485945,-0.2190421,-1.5083425,-0.6619790
-0.5240331,-0.4935527,-1.2012554,-1.3276088,-2.6533674,-0.1435142,-1.1337183,0.0534915
-0.8521378,-2.3890322,-2.3523112,-1.7016033,-2.5072716,-1.4806714,-1.7565473,-0.2551687
-0.6727842,-2.1793836,-2.7658542,-1.1375579,-0.8081958,-2.2298693,-1.1917422,-1.0203000
-0.0854053,-0.3810441,-1.3794893,-0.5526277,-0.2751228,-1.7018804,-1.2127400,-1.3236082
-1.6221054,-0.1155780,-1.1956503,-0.4037834,-1.4639345,-1.8015765,-3.1114860,-1.8866870
-0.7292591,0.5393205,-0.4708043,0.6601082,0.2411473,0.0722047,-0.8244644,-0.3981249
1.3234810,0.9443133,0.7637236,1.2970490,1.0883716,2.3595820,2.6857249,1.0941904
-0.1327480,-0.7260709,-1.1614525,-0.7464798,-0.8835460,0.6432800,1.3821913,-0.3972334
-1.2312086,-1.6392896,-2.0836416,-1.9724288,-0.2816641,-1.2591855,-0.4189210,-0.6134128
0.9659838,1.2408792,1.5598366,0.7545758,2.7314222,1.3076463,1.7054035,2.1248866
1.1914978,2.0585848,2.5258288,1.6405345,1.2866320,3.1158154,2.0226506,1.5427722
-0.2740491,-0.6524730,0.3584379,0.4285448,-1.6536170,1.9485253,0.0643151,-0.1355948
-0.1349753,-0.4866007,0.3048749,0.6355332,0.9443552,1.0027863,1.0190551,1.3572814
-1.0231510,0.1363939,0.4247765,-0.4311842,1.4320403,-0.2279462,1.1784415,1.7066639
-2.6705021,-1.6827792,-0.6556268,-2.4788207,-2.4156533,-1.5516484,-0.6793330,-0.4450425
-0.5803339,-0.1299743,0.6894664,-0.9382815,0.1600777,-0.0066378,0.5767643,-0.3614565
4.1433407,4.4149135,4.5076709,4.3565382,5.5588653,3.6357126,3.7226524,3.0038965
4.2245542,4.5114611,4.3432831,5.7208431,4.0336624,3.2884496,2.9381614,3.0790538
1.0089986,1.3033050,1.0308270,1.4334830,-0.0257045,-0.4391449,-0.6283841,-0.4369499
0.7670982,-0.1756666,0.2314962,-1.0980278,-1.6267509,-1.1587880,-0.8207278,-0.9806764
1.1789569,-0.2520012,0.3448021,-1.5726382,-1.6115901,-0.0661113,0.5918863,0.5680597
-0.0302161,-0.8852230,-0.6201562,-2.3369830,-1.2484769,-0.8834632,-1.0788793,-0.2878373
-0.7743525,-1.7013754,-1.3720031,-1.4438171,-1.9098102,-2.1168208,-2.5951492,-1.9002844
-0.5796796,-0.2823637,-0.2826266,-0.1165462,-1.0783742,-1.3153442,-1.3075140,-0.6672804
-1.0471001,0.4384870,0.1054992,-0.8182793,0.2463377,0.3846772,0.1478358,0.7485720
-1.1192541,-1.5174740,-1.3706280,-1.2133133,-0.4416722,1.3071928,1.1627067,0.6005006
0.6119630,-0.6455892,-0.0346718,0.4513525,0.9080787,1.0665504,1.3176101,1.1731898
0.3301333,1.2021851,0.4630603,0.6033920,0.8975957,-0.5421296,-0.5521162,0.5077776
0.9111726,2.0075648,-0.1923203,0.8663228,0.1584573,0.4553089,-0.0631017,0.5504102
2.7958408,2.5503417,1.2945835,1.9082532,2.8849132,1.4044505,1.5124306,1.1006388
1.7198030,1.9752567,1.6687349,1.6633144,3.3867741,-0.0235131,1.2469989,0.7392117
-1.5855649,-1.6383401,-1.6250948,-1.2936431,-2.0794768,-1.6362101,-1.3839307,-1.6999048
-2.2994972,-4.2917265,-3.2316638,-2.7396755,-4.7621792,-2.2915312,-3.0796684,-4.0180721
3.1205031,1.2743907,1.6447180,3.0102850,2.0436572,1.0012771,1.2648996,-0.0548366
6.2180479,6.0542113,4.8015188,6.7134000,6.7809283,3.5840350,3.9994760,3.9452243
1.1721584,2.7537341,1.4687213,2.9337324,2.4696000,1.3324783,0.9134972,1.4158513
-1.9703189,0.5783078,-0.2730607,0.5135665,-0.2488213,-0.1261805,0.0450372,-0.9090559
-3.4097857,-2.0182738,-1.7975583,-1.4345968,-1.5662189,-1.8731688,-0.8938641,-2.4873184
-5.3226785,-5.1571590,-3.9663485,-3.6062940,-3.7109128,-2.6679666,-2.8589683,-3.1418960
-3.6992369,-4.0192805,-3.6230014,-3.3074855,-3.8607714,-1.2737427,-3.0308614,-3.1182010
-0.1129278,-1.0330869,-1.1822403,-1.4952718,-2.1318300,-0.3075986,-1.8597004,-1.9079319
-0.3377106,-0.3835469,-0.6976076,-0.9970457,-0.5417531,-0.7672036,-1.1316796,0.1795058
-3.4773274,-2.6410728,-2.6148293,-2.1720578,-2.5240675,-2.2600638,-1.7098938,-0.2181257
-4.4239569,-5.1098628,-3.3531872,-3.6234883,-6.0025160,-2.9896519,-2.0932121,-1.5770120
-2.0927604,-3.7513819,-1.9179875,-3.0471793,-3.3085283,-1.3711389,-1.1186981,-0.4628412
-1.9034410,-1.8691698,-2.3438146,-2.3613200,-0.2546179,-1.6499432,-2.5447842,-1.7603132
-1.4427078,-0.4746946,-1.5548393,-1.2992160,-0.5004125,-2.3334443,-2.9679027,-2.7261537
0.9892208,0.9510571,1.5742768,0.5896725,0.8152890,-0.6435280,-0.1175593,-0.2738057
0.7595015,0.3861113,1.7297406,0.2211392,1.1456634,0.0971889,1.0904948,0.6994445
-0.2075064,-0.2517901,0.2873165,-0.8293348,-1.2311932,0.5416144,0.9442563,-0.2403693
2.5094892,1.9726697,2.0442798,1.4796339,0.1492027,3.2652154,2.0841284,1.7521448
2.2602371,1.2051402,1.3106750,1.1348869,1.6897611,1.0853282,0.1749620,1.6257303
-0.7818286,-2.1194084,-1.7233556,-1.6995755,0.4746128,-3.2864350,-1.9743678,-1.2034277
0.7481171,-0.3748342,0.0463218,-0.1240649,0.9872192,-0.2471771,1.2067310,0.3750970
3.4289515,3.3059960,2.8808250,1.5267683,1.2006777,3.4622180,3.8524376,2.6700856
3.9679548,3.4542082,3.0095611,0.7422729,1.7994653,2.5438074,2.6135845,2.3300882
3.4465022,2.8174928,3.0471699,1.5164832,3.4422676,1.9721725,1.8346536,2.2081157
1.1951834,2.0635880,1.4830108,1.5238267,2.6679623,0.9612561,1.8532059,0.8976464
0.3657343,0.4475396,-0.3265760,0.5971695,3.6186889,-0.6670119,2.0543471,-0.0579905
0.0429827,-0.3979207,-0.8525960,-0.1801641,4.1430886,-1.6964466,0.4748510,-0.0019251
-0.5216115,-0.2125448,-0.9444103,-0.6502128,1.0104270,-0.9667821,-1.1167480,1.4995820
1.0169609,0.5848818,0.5983699,1.4101387,-0.0123561,2.4369683,1.2589991,4.5265475
1.9012756,2.8998011,2.2013000,3.7461585,1.6316258,3.7956982,3.1706162,3.8787771
1.1082486,3.3939508,1.9334586,3.0078296,2.4154387,1.6377936,1.9145877,1.8287095
-0.2619889,-0.1731621,-0.3495029,0.4442492,0.4025691,-0.9336529,-1.0460014,0.9150353
0.6324325,-0.3599422,-0.5788406,1.1209031,-0.5709163,-0.4712537,-1.2864221,-0.2396653
1.9915871,2.1163417,1.5482832,2.9946570,0.3337699,1.9103445,1.0536538,-0.1643491
1.4285408,2.2165931,1.9341339,2.3949461,-0.8596211,2.8935317,1.1372060,0.5442382
2.7688449,3.2467024,3.1248211,3.9468345,0.4497086,3.2957608,1.8861662,0.4149275
3.7270940,4.2994180,5.2199448,5.3869592,4.4378499,3.0148793,2.7243380,0.3129582
0.1321470,1.0295235,2.5570210,0.8155983,1.6410755,0.4426294,-0.6119396,-1.0978435
-2.8483861,-1.8631299,-1.0690013,-3.0226258,-3.6944644,-1.2032044,-2.6213952,-1.6676612
-3.9620199,-2.3185725,-2.7328674,-4.1787705,-6.0724800,-1.8649479,-2.8227593,-2.3484086
-4.1503137,-3.0131410,-3.2450221,-4.0098189,-6.3647177,-1.9995976,-2.8425777,-3.6586197
-3.3677900,-3.3546052,-2.6824108,-2.2385510,-3.6196637,-1.3963038,-2.2515642,-2.4603010
-3.1170235,-2.7497104,-2.9574175,-2.8356396,-1.3724282,-2.0904906,-2.9212706,-1.6766084
-3.8671163,-3.6687066,-4.5201667,-4.8407752,-2.5384874,-3.1369882,-3.2681061,-3.4571839
-3.3811767,-3.7929900,-3.8901214,-4.1374469,-2.9931331,-2.1516199,-1.1176680,-2.3737642
-0.1937452,-1.0486677,-0.6665539,-1.1729892,-1.5734784,-0.1138933,1.5049780,1.7435065
2.5873866,0.1127643,1.1399337,1.4427287,0.2988114,1.2266890,2.3167327,3.3719042
0.8969896,-1.6226809,-0.5899810,0.3179558,0.6764384,-0.0686226,0.1982617,0.5782195
-2.6473681,-2.8143224,-2.9930640,-2.2829497,-1.0681040,-2.7334879,-1.8362577,-2.5596358
-4.1820597,-3.1168879,-3.6548432,-3.4655311,-2.4983081,-3.7863971,-1.9145206,-3.4286300
-1.8856041,-0.7190349,-1.3771098,-1.9038363,-1.4760089,-2.0709993,-1.2454723,-1.0401509
-0.3285227,0.9503632,0.1450329,1.1396931,0.3616737,-1.2125219,-1.0452536,0.4058879
-1.5817372,-0.6832674,-0.3721678,1.6767709,1.4997007,-1.3934795,-0.6220365,-0.1630687
-1.0357804,-0.2784690,-0.2362969,0.0492782,0.7420497,0.0951530,-0.4513792,-0.5323100
0.7732053,1.9510209,0.7744548,-0.0230431,0.5508664,1.2093584,0.4162669,-1.3961257
1.8679594,2.1981606,1.6340037,0.6401487,2.7103360,0.3557675,1.5328051,-1.1480474
4.0449005,1.5565709,2.3024434,2.2384491,3.7384921,0.9598123,1.7137069,0.5934574
3.2357551,0.8699901,2.3602814,4.2406411,2.1826986,2.1727346,2.3504461,0.5623989
1.6314999,1.7493822,3.3826859,4.1233831,2.6847748,2.0863767,2.8168224,0.1372872
2.9515229,2.7502070,3.8448400,2.8856979,4.6319080,2.1883578,2.1191940,0.7705065
1.6616509,1.3665925,1.2733254,1.0257111,2.1614334,1.0369811,0.4861645,0.7520000
0.9200688,0.6216059,-0.1236056,-0.3410350,-0.6498861,-0.1853193,-0.8280620,0.6449011
1.0397451,0.2485007,-0.2179040,-0.5263412,-0.8010463,-0.1229077,-1.0703047,0.8546815
-3.3892798,-2.7527814,-2.7823381,-2.6807090,-3.7549645,-2.0969951,-2.9630848,-1.5957174
-3.5929819,-2.8809394,-2.5410222,-2.7450434,-3.1059773,-1.9701525,-3.0635496,-2.2411558
1.7540302,1.8279487,1.2961732,1.1120617,2.7314999,1.1487366,0.6496791,1.3160783
2.6865742,2.9813360,1.5019950,1.1553934,1.7386104,0.9245774,1.2457930,2.4057383
0.4552722,0.2848674,-0.2853097,-1.1910352,-2.0868567,0.6810182,0.1764317,2.0512810
0.7746007,0.5552923,0.8600172,-0.2101867,-0.9056862,3.2316161,2.3041898,2.7790676
0.8073636,0.5540023,0.6538697,-0.1944678,-0.0892596,2.0674624,1.6045364,1.2317155
-0.1682432,-0.8374756,-0.9551271,-1.5814423,-0.3410437,-0.6718393,-0.6264420,0.4903801
0.8222516,0.5295480,0.7996369,0.1793594,0.2646791,0.6729549,0.8013248,1.8695646
1.9961714,2.1453347,2.5269950,2.7636716,1.6130240,2.2356167,1.7536751,3.2379021
1.0721228,1.1333121,0.9309922,1.1046234,1.0922461,1.0967190,0.7551456,3.5815082
-1.0584789,-0.6081417,-0.9667812,-1.4388539,-1.8618876,-0.0104433,-0.5354070,0.5465361
-2.0439323,-1.3539519,-1.2303560,-0.9078838,-2.3049710,-0.6532374,-1.1489782,-1.9491494
-2.2990795,-2.4513095,-1.3845929,-1.8420490,-2.6930266,-2.1575664,-1.2802508,-1.5893828
-2.2396744,-2.5905990,-1.7743792,-2.2239911,-2.2135114,-2.2933678,-1.3204951,-0.8863505
-1.0257977,-0.8598374,-1.5959997,-0.6008296,0.4488253,-1.3898151,-0.6564152,-0.2004622
0.3534153,0.1455785,-0.7098474,0.2078631,0.9739065,-0.9168217,0.6925295,0.0784427
1.2326802,0.2728998,-0.0652753,1.7738289,1.5760535,-0.4951027,1.1682993,-1.1360701
2.2163725,1.9170906,1.6439107,2.5899150,2.2525003,0.8094326,1.6374919,-0.9146384
3.0802968,3.6136217,4.2179228,2.7365265,2.7003559,3.0281332,3.1822250,2.5656326
3.3813765,2.7869344,3.7858955,3.0319735,3.3586625,2.9732283,2.6313198,3.5144110
0.9959157,-0.0943693,-0.0875385,0.1705229,-0.1016444,-0.2773866,-0.4397271,-0.9095278
-2.4235600,-2.7735014,-2.8236330,-2.7398230,-2.7664660,-2.6930197,-2.4855108,-4.1872539
-2.4114707,-2.6665867,-2.4453303,-2.1785581,-1.7749176,-2.4304390,-2.7315133,-3.4504418
-0.7760651,-0.6527939,-0.7873077,-0.7238339,-1.3285112,-0.8428574,-1.7323072,-1.5246025
-3.2226274,-1.9585818,-1.8086861,-1.8767755,-1.8982114,-1.7080508,-2.8905408,-2.4262308
-6.0009310,-4.1544829,-4.2895872,-3.6404079,-3.3050091,-3.7428173,-4.7007849,-4.1991030
-2.8612449,-2.0694599,-2.9831405,-1.8891274,-2.1332986,-1.8869398,-1.6506733,-2.7408974
3.3011433,2.2303461,1.9334861,2.8409467,3.6764906,2.8867737,3.6176098,1.5287124
6.0160127,4.9489838,5.1957593,5.1124041,5.5358089,5.3577209,5.5075328,4.8743830
2.6011260,3.5778354,3.6939190,2.4199255,1.9996269,3.5171086,3.4473163,3.4928891
-3.2913554,-1.7251220,-1.2895474,-1.8174120,0.1770247,-0.8386189,-1.2963767,-1.6082627
-4.9184727,-4.3416922,-4.2398861,-3.2235119,-0.9798073,-3.1453404,-3.5837626,-4.1394822
-1.2477901,-1.5959464,-1.7857050,-1.2373760,-2.2000687,-1.0029573,-0.6579342,-1.1692055
3.1828563,2.3203757,2.3459840,1.6813570,0.6269041,2.2026298,2.1344979,2.9712653
1.7814384,2.3886671,2.0483832,1.4769006,1.4788633,1.0018942,1.0376670,2.1261122
-2.3684738,-1.1278539,-0.5340912,-1.1850556,-2.0293250,-2.6374336,-1.4402485,-0.4157562
-1.6614596,-1.5668627,-0.9523657,-1.1501745,-1.1406890,-2.1661198,-1.8336174,-0.2728107
1.1570025,1.6743140,0.0674255,0.8077158,1.7098454,0.5801936,0.1404730,0.6267237
1.5670252,2.6742663,0.8179216,0.8684247,-0.2855086,1.1205240,1.1079514,0.6529549
1.4912288,2.4888811,2.0731044,1.5532141,-1.0410022,2.2902628,1.5821506,1.4285351
1.5775530,1.8006776,2.4861734,1.9040515,0.5139128,1.8304316,1.3709677,2.1603869
1.3484159,-0.1889694,0.9185908,0.4980125,0.5150706,-1.1634807,-0.4323717,1.1220378
0.9746228,-0.9948182,0.0833230,0.3240850,1.0590840,-0.8116616,-0.4178925,0.4275636
-0.5984629,-1.5998608,-0.7145413,-0.8158724,0.0271768,0.1788527,-0.1416115,-0.5497299
-2.1675523,-1.9490792,-2.4144968,-2.4287297,-2.3691639,-1.2602358,-2.1318018,-2.3738534
-0.6363762,0.2576150,-1.4785470,-1.0144863,-2.3673223,-0.8369890,-1.9070956,-1.0156648
0.4920902,0.0820086,-0.5999996,-0.8854113,-3.1328015,-0.2362613,-0.4413304,0.5192723
-1.7444050,-3.1963464,-2.5809795,-2.6815950,-2.8260419,-2.2895786,-1.7549130,-0.8920068
-2.8541391,-3.3177594,-3.1636422,-2.4436940,-0.1083514,-2.9038582,-2.3365084,-2.2095001
-0.7808594,-0.2585320,-0.1633603,0.1422609,1.6614860,-0.1349203,0.4223112,-0.9122935
1.4674182,2.8927846,2.9444965,3.0213820,3.5442384,2.5283919,2.8229023,1.3602014
0.5276323,1.8758095,1.4925002,1.4462340,2.1000178,1.2827832,1.3412250,-0.0063026
-0.7759311,-1.3581972,-0.5780525,-1.1494745,-1.5250802,-0.3990520,0.0768058,-1.0733259
0.9470323,-0.1278715,0.7188990,0.6880433,-0.8940900,1.7400444,1.9012001,1.1499893
1.3755362,1.7579056,0.8298364,1.6810558,2.0504212,2.2521378,1.9896750,1.2180557
1.1644421,1.3682163,0.3455792,0.8251795,3.3689994,0.4075196,0.8087432,0.3387854
2.4698850,0.5645539,0.7318666,0.1707746,1.4723661,0.6296583,0.3298866,1.1453209
1.1921345,-1.0981651,-0.2047294,-1.0364946,0.0158306,-0.2341105,-1.2762759,1.2292186
-0.4836452,-1.2657412,-0.5329715,-1.3784524,-0.2880853,-1.9608226,-1.7780416,-0.1637990
0.5928864,0.3201584,0.3966452,-0.9123601,-2.1618494,-0.6287640,-0.1531072,-1.2891412
2.5219994,1.7077867,1.8964803,1.0171475,-0.3801621,0.7956982,1.4802293,-0.2510948
2.8493200,1.9937618,2.5537955,2.5020961,3.4130901,0.0357961,1.5768713,0.6186496
-0.1040681,-0.5099458,-0.1195099,0.2256770,2.2275070,-1.0267062,-0.4475514,-1.8810105
-0.9768164,-1.5206096,-1.5358861,-0.6032887,1.5392584,-1.1624137,-0.6483449,-2.6520728
1.5150380,0.9564578,0.1946712,1.6112814,2.8970340,0.6112806,2.0759955,2.4869369
0.3974815,0.5257282,-0.9421742,0.5650249,-0.1717275,1.1423922,1.3189164,4.3790137
-1.2167539,-0.2184218,-1.9222466,-0.7634681,-1.0888987,-0.2535954,-0.6454878,1.5883448
-1.5114544,-0.0943205,-1.3107525,-0.3347163,0.3372984,-0.6810809,-0.5547829,0.0614626
-2.0927567,-1.7970737,-1.8886025,-0.9324508,-1.6765494,-1.0378571,-1.9236942,-1.2621558
-0.7697911,-1.3417200,-1.4178418,-0.4384442,-0.6654315,-0.8559401,-2.0193887,-0.9532777
-0.5490073,-0.7809027,-0.2992012,-0.4260137,0.3629142,0.5485342,0.1100519,0.6998097
-1.9597063,-1.8764306,1.5452344,-1.8973382,-2.7432106,0.4638887,0.1743009,0.5493905
-2.1741277,-1.6307605,2.0522160,-1.9900314,-4.4995543,-1.0215135,-1.5568279,-1.6573019
-1.9597483,-1.2605620,-0.2948126,-1.2825263,-5.1866412,-1.0573292,-2.7345549,-3.5442166
-1.1505626,0.3389177,-0.2298746,0.5364052,-1.9623648,0.9092177,-1.0165509,-0.5361314
-0.9194630,1.4239493,0.2540405,1.1782525,2.9168333,1.7033615,1.3574032,1.9939784
-0.8783430,0.3333169,-0.4883212,-0.1511283,1.1913875,0.9176098,1.3981031,0.5330308
-0.2488945,0.2271785,-0.6252350,-0.2680902,-2.2157905,0.2927034,0.3935181,-0.5185907
0.3571291,0.6436693,-0.2963176,0.6714179,-1.2578365,0.4385640,0.2015874,-0.2874528
0.6835111,0.6002857,0.3758920,1.2528946,0.3800880,0.4584183,0.5619986,0.0702340
1.6389191,2.2886466,1.1532906,1.7777067,1.1696536,0.7039354,1.0368522,-0.0122081
2.8851609,3.6000159,1.8018008,1.8400931,2.0515059,1.5954090,1.3778267,-0.8583437
1.7325241,2.1370366,1.6177295,0.9335273,0.5664755,1.2536689,0.8249576,-0.4218561
-0.1931810,0.2869418,0.5817672,0.2044046,-1.8592091,-0.0032823,-0.6374521,0.5028194
0.4174885,-0.7222713,0.0968167,1.1078040,1.0890599,-0.4806725,-0.4441186,0.2556162
-0.0306836,-1.6623005,-0.3130146,0.8275133,2.5966716,-1.1625862,0.7072658,1.0453510
-1.5866518,-1.6849262,-1.2690442,-1.1118382,-1.2903375,-1.4337197,-0.5909877,0.7524485
-1.1767366,-0.9201864,-1.5694696,-1.9354411,-0.9873317,-0.7577462,-2.1961408,-2.7130712
-0.8543089,-0.3729124,-0.5302944,-1.7463802,0.0503913,-0.2640141,-1.3289099,-3.5479909
1.2400029,0.9570267,1.8746978,1.0132187,-0.3270998,0.9883581,1.1165454,-0.1922569
3.4069790,1.9150510,3.2350265,2.9746271,2.4996352,1.8295157,2.7165874,3.1590089
-0.4021954,-0.1701972,1.0540444,0.2208511,1.9606345,0.2600989,0.8928316,2.6552400
-2.4679285,-0.4730405,0.4232601,-0.2884376,0.6424320,-0.0812267,-0.2594307,0.2776546
0.2386588,1.3712140,1.4135113,0.8724303,2.0314151,1.3091921,1.4968367,-0.5048096
1.8907364,0.9267140,0.8996095,0.7566786,1.5625446,2.1931149,2.7459534,-0.5325987
1.6164814,-0.5129387,-0.0180985,0.4749601,0.4060882,0.7678060,0.9145996,-0.9280231
0.1102644,-1.1216113,-1.4872301,-1.1485592,-1.2849518,-2.0085130,-1.6929177,-0.2151032
-0.9170974,-1.2677752,-2.4367218,-1.7194051,-2.8223550,-2.2668634,-1.4030467,0.6654937
-1.9565166,-2.6022608,-3.1880537,-2.2907160,-1.8836942,-2.3358521,-1.5206764,-1.1306494
-2.0124658,-2.3220465,-2.9333372,-2.8792477,0.4533623,-2.5150095,-2.5092774,-2.3396435
0.2151402,1.0241675,-0.2773259,-0.6462006,0.7787426,-0.2926574,-1.5803588,-0.8659690
1.1499116,2.4148514,1.1913346,1.2291541,-0.7290486,1.5651893,0.5950066,1.8298638
1.0924243,2.0622865,1.2528246,2.0523516,1.0986495,1.9932678,2.8901177,4.7511073
0.4685046,0.6660292,0.6395978,1.4273865,2.7344896,1.0758500,1.9795636,2.9879804
-2.5003301,-3.8140678,-2.5631926,-3.0482681,-2.0074570,-1.7954710,-2.0292857,-2.5774663
-4.4485899,-6.3383358,-4.7522356,-5.8151836,-5.3693268,-4.5837296,-4.4827892,-4.7005232
-3.1272017,-3.6024481,-2.8488674,-3.1115417,-3.8519774,-4.3804678,-4.2306033,-3.0668993
-0.4787322,-0.0021312,0.1493967,-0.0653531,-3.8190791,-0.7711424,-1.7457858,0.1002576
1.1718031,1.3429390,1.4070568,1.2115439,-2.1009759,1.7296538,0.9721008,1.9741865
1.0995643,0.9353918,0.8818727,1.7596968,2.1041844,0.8089158,0.7728878,0.3209198
1.5349080,1.3351785,1.2983156,1.4152474,3.6390979,0.2057106,-0.0381467,-0.5570990
1.7932853,1.5210418,2.1031626,0.6273037,2.2044357,0.4133785,0.1318299,0.2501890
-0.9177831,-0.8180808,-0.3197603,-0.5141491,-1.6021376,-0.0739185,-0.9450247,-0.6287935
-1.1197373,0.0244877,-0.3972623,0.0871906,-1.4019985,1.1303601,-0.0840255,0.0811769
2.8553195,4.0153257,3.6771254,2.1725557,3.4164950,2.6338385,2.6929740,2.2326127
4.0441190,4.0789867,3.8275971,3.1210366,4.8847384,2.5366068,3.5286755,2.5972696
1.5492629,1.6005583,0.9437352,2.6046136,2.2912756,2.2916609,3.4365797,2.6391271
-1.4507424,-0.0545990,-0.6551749,0.7642772,-0.1182288,0.7275611,2.4606643,1.5832796
-2.4021096,-1.0603950,-2.1988374,-0.6113748,-0.5796767,-1.8884552,-0.4293896,-0.8993627
1.2850264,1.1515824,0.0236333,1.1737807,1.7464933,-0.3782352,-0.6515986,0.5974310
3.8978594,3.2583265,3.3360942,2.5705750,4.2678936,3.0796490,2.4512403,3.2265511
1.0415896,0.2729881,0.4151355,-0.0650304,1.5561707,1.2428207,1.5740845,0.3560530
-1.4908608,-3.0155588,-3.1480341,-2.3950000,-2.0003589,-2.5924316,-2.2358892,-3.4505209
0.1606807,-1.1545375,-1.3973538,-0.7634262,-1.1746520,-1.2205928,-1.4978481,-1.5009744
0.8952268,0.8095407,0.2613574,-0.2647953,-2.8480412,0.4190203,-0.3595470,0.3369077
-0.4853035,-0.6021646,-0.1432298,-1.3747688,-3.6274152,-1.2574815,-1.2560302,-1.2930084
-0.6242439,-1.0721394,-0.3470122,-0.3847212,1.2952915,-1.7362231,-1.1795937,-1.8761167
0.7044549,0.4705810,0.4214780,1.5074912,3.1651836,0.2552576,-0.0975202,-0.4770704
0.2680954,-0.0647553,0.4256971,0.7610053,-0.5996770,0.6226295,0.2119366,0.0423888
-1.9144631,-1.8564350,-1.1891512,-2.1533082,-3.6394453,-0.9144003,-1.4459180,-1.1981547
-2.0167094,-1.4891064,-1.6592481,-2.1447679,-3.3118512,-0.1988473,-1.2406995,-1.0181317
-0.4430202,-0.0517876,-0.4472851,0.4014771,-0.9660775,0.9997410,0.8788259,1.6971484
0.5272131,0.3239064,0.3095667,0.2358006,0.9806644,-0.4400483,-0.0547803,1.2463946
-0.5786120,-0.7419430,-0.3239944,-1.5707615,0.2696451,-1.6512605,-1.5453618,-2.4251416
-2.8804644,-1.9401211,-1.3676799,-2.1643286,-2.1817226,-0.8223599,-1.2413185,-3.0966040
0.2551553,0.8993223,1.0412505,0.5785870,-0.1958028,1.5830994,0.7382873,1.1070331
2.4955825,2.8499482,2.0785260,2.7842432,3.3969066,0.8741167,1.2206304,2.5453862
-0.3664984,0.4401028,-0.0737498,0.5818726,1.5885346,-1.5020853,-0.5896700,-0.2134521
0.4320278,0.0082186,0.7226521,-0.5353643,-0.7719802,-0.1526739,0.5046714,-0.5497989
0.8997734,0.6460367,0.9920810,-0.1684849,-0.4182872,0.4404674,1.5672425,-0.0726599
-0.2855924,1.0489309,1.0060100,0.1224947,0.1583855,1.0151485,1.4692609,0.8453100
0.4636610,0.9687933,2.0593295,1.1745586,0.5040305,2.5734564,2.0239622,1.8996835
-0.2735431,-0.4462876,-0.0184478,1.2110874,0.6726996,0.6876042,-0.1383872,-0.0294439
0.3417048,0.9013713,-0.2148146,1.6150501,1.3439075,0.4065585,-0.2169068,-0.2081881
0.4968400,0.7575475,0.3928947,0.7086700,0.0107290,0.7896630,0.8372448,0.2641644
0.4173436,0.2148896,0.5380565,0.9780518,0.7411422,0.2571825,-0.1008158,0.2370634
1.8976028,1.4717872,1.8006399,2.3477972,3.3404142,1.4285783,1.0586231,0.6572116
-0.9257601,-1.4002742,-0.7558098,-0.6180336,-0.7905606,0.2284840,1.0618658,-0.8196355
-3.1910865,-2.3166700,-2.4232952,-1.6369066,-2.0778790,-0.4481192,-0.0725959,-0.7242337
-0.7939891,-0.0094882,-0.5722422,0.0069993,2.0879307,0.7813355,0.4587238,-0.1725591
-0.0891908,-0.6580853,-0.6695421,-0.5383972,-0.5959505,-0.7436758,-0.6481863,-1.3325460
-2.5820053,-2.9034954,-2.6474970,-2.7649623,-5.6460958,-2.9159091,-3.0315097,-2.3191209
-2.9192383,-4.1269377,-3.5108575,-4.7251235,-3.9208734,-3.2176923,-3.5677201,-2.1669025
-1.8913165,-3.1865438,-2.8618119,-3.6765391,0.0303354,-3.2025741,-4.0025466,-0.5901374
-1.4218666,-0.7395973,-1.4178265,-1.0614030,-0.0007750,-1.7478376,-2.4739898,1.2098723
0.7224522,1.6405857,0.7774488,0.6298278,-1.2742733,1.4450609,2.0007353,2.8474227
0.0977012,1.3566216,1.0782553,0.3600321,-1.0555585,1.3221783,1.5212676,1.5594943
-2.2543283,-1.3213160,-1.1760556,-1.6632323,-1.0911548,-1.5029604,-1.8216535,-3.1226860
1.1846956,-0.2138914,0.0982911,-0.6018037,0.1648197,-0.3893082,0.0127316,-2.6825995
3.9254229,2.0516334,2.5642029,1.6636133,1.1575185,1.1603335,1.3602750,1.3805818
2.0177345,1.0152409,1.3981346,1.2697318,0.9047247,-0.2009559,0.1619473,1.8859772
1.5454896,1.0633836,1.0552997,1.8195422,1.9199650,0.5198084,1.4064342,1.6074213
2.5662224,2.5223138,2.7553034,3.3004216,2.9660828,3.1282532,2.7535855,2.3702174
1.9999363,1.5715258,2.4003918,2.2974210,3.3943775,3.1980022,1.4102891,0.7721675
1.7876988,1.0270040,1.2103100,0.5038502,2.5990698,1.3662301,0.7519664,-0.6091386
1.9126986,0.9240753,0.0676313,-0.9894701,0.3856397,-0.7475386,0.5297513,-0.4089600
2.6053229,0.6778969,0.6123541,0.1785736,1.8299538,-0.3313435,0.8172244,1.5177361
1.5519811,0.8832685,1.5476003,1.8239042,2.3363987,1.1329015,1.4756855,2.2398671
-1.7327165,-0.7917897,-0.7377516,-0.0354046,-0.6908231,-0.4462478,0.2467903,-0.7563022
-1.7010802,-1.7509660,-2.3154459,-1.2474908,0.1830181,-2.6015654,-1.0882356,-1.5223976
-0.0460114,-0.8533003,-1.0180968,-0.5424882,1.7801806,-2.5880112,-1.4532152,0.8160505
0.1874996,-1.3646434,-0.9906274,-0.4107470,0.2736809,-2.1606713,-1.3434933,1.0971261
1.7590752,0.5444350,-0.7119698,0.9194772,0.7344558,-1.1001327,0.2929587,1.8451504
-1.0539917,0.0992095,-2.4889089,-0.6755870,-1.2888769,-2.1929338,-1.5174370,0.1370277
-5.4824018,-3.5402952,-4.5388128,-3.6339143,-4.6351969,-3.5030023,-3.3008654,-2.8622663
-2.9643514,-1.4235082,-0.9898915,-0.9349808,-2.4643476,0.1776197,0.7014407,-0.9174141
2.1073398,2.5244933,3.4267870,3.4390552,1.1789677,4.5911951,3.7795730,2.1822735
2.0379609,1.5333853,2.4893212,2.7348611,1.8154675,3.0467654,1.5422532,1.0565357
-1.6786487,-0.6650031,-1.0899762,-0.7606749,-0.2654689,-0.7309560,-1.4055386,-1.1425720
-3.1010111,-1.5757809,-2.9422472,-2.5559367,-3.7933211,-1.1501044,-2.4209311,-1.8055652
-0.6656980,-1.0369545,-1.3837038,-1.1525026,-3.7828692,0.3207068,-1.4965116,-1.1924704
3.0846806,2.2667307,2.4896600,1.6417598,0.2975738,2.6454103,1.9893382,1.5050000
3.3280105,3.1523651,3.0206130,1.6105829,0.9797366,3.6060224,3.4640105,2.4258218
-0.6014382,-0.7648329,-0.1608025,-0.8147080,-1.8768375,1.0922616,-0.0008271,-0.8689374
0.2548043,1.3371917,2.3110336,1.0154619,0.8412546,2.5183910,0.5943199,0.5801981
2.0886005,4.6375937,4.5300977,2.8764143,3.8265557,3.7808319,2.2033226,2.7639546
-1.1591970,0.0482825,-0.0931762,-0.5654513,-1.1378542,-1.6631961,-2.0680417,-1.8135429
-2.2616117,-2.2274116,-1.9790630,-2.4223899,-4.5747669,-3.4008837,-3.4680320,-4.3161643
-0.7668355,0.4690509,0.3768670,-0.8388629,-0.5903357,0.1743632,-0.4185460,-2.0900923
-0.6802555,0.5453726,1.1921735,-0.0532094,1.6342984,0.8393809,0.4209914,-0.9126042
0.0930693,-0.0086594,1.4376979,1.2510176,-0.1467653,0.6385134,0.3656736,0.3832393
1.7387000,1.9416369,1.8196961,2.8461049,1.0234966,1.5979211,1.4832658,2.2479788
-0.9828201,0.1131649,-1.6073111,-0.3418839,0.7693397,-1.4748305,-0.2100790,0.0910180
-3.9983094,-3.5979377,-4.2218948,-3.9893598,-2.5157828,-4.2929500,-2.3578322,-2.5706247
-1.5640751,-2.3840445,-1.3687215,-2.0529875,-1.4378468,-1.9646122,-0.9209221,-2.2334452
0.1531484,-0.6229138,0.9476084,1.1401746,0.9849326,-0.5033887,-0.0364685,-1.8301443
-1.7868474,-0.9948220,-0.1053082,1.0563499,-0.1235122,-1.5843792,-1.2653712,-1.9606107
-3.1018561,-1.2688624,-1.9664899,-1.0919098,-1.7007444,-2.3543838,-1.8936248,-1.0784977
-3.1172013,-2.6997115,-3.5970086,-2.7787176,-1.9274509,-2.9555241,-1.9113171,-1.0648010
0.1635965,-1.4621378,-0.7505759,-0.7783813,0.7208944,0.0296035,1.0452897,0.6296860
2.9924841,0.2399656,1.9239829,0.5820585,1.9597346,2.8995207,2.9972744,2.4157962
1.0568496,-2.0531555,-0.8936046,-1.2104511,-0.1991842,0.5382255,-0.6746386,-0.8420419
0.4502771,-0.8193916,-0.3863325,0.1238512,1.0739150,-0.1617686,-1.5710697,-2.3275774
2.6101095,3.5186425,3.8210352,3.1301336,3.5264376,2.7417052,2.9737165,2.3445830
1.4431203,1.8922633,1.4630985,1.5841389,1.2489586,2.1013209,3.0270032,3.4553645
-0.3480970,-0.5748500,-1.9931123,-0.6075315,-0.3422988,-0.2237168,-0.0259163,1.0552784
0.3827991,0.4080002,-0.4655062,0.2361529,0.8312414,0.1109453,0.0051065,1.9894254
1.6438492,1.2031326,0.9443385,1.8237517,1.7165834,1.2401772,0.6328223,3.5673888
0.7774553,0.3979438,-0.4110026,-0.1159173,0.3483259,-0.4913716,-0.8842830,0.8658213
1.6639746,2.0134475,1.0624354,-0.6252403,0.7485208,-0.8479462,0.2974908,0.6545479
2.0635844,1.9085028,1.1824899,0.4601925,-0.7664206,-0.2310175,0.6494709,0.5959391
-1.4467550,-2.2370527,-2.2600277,-1.5898157,-5.0493193,-2.0096781,-2.3376232,-2.3342869
-1.8725026,-2.0127957,-0.9804739,-1.1959036,-1.5390646,-1.6427532,-2.0430908,-1.7779081
1.5291148,1.9682236,1.8369324,1.5214562,2.7529809,0.8854651,0.3140684,0.2590212
1.1814784,1.8458960,0.0085121,0.3801783,-0.4422614,0.1090839,-0.0170365,-0.3417058
-0.3686781,0.0208349,-0.8582880,-1.1950717,-1.5991544,-1.6010531,-0.9316909,-0.5879353
-0.6704142,-1.0925260,-1.1714683,-1.8015787,-1.6694207,-1.5264866,-1.1048708,-1.5863131
-1.1692262,-2.4744911,-1.5544782,-1.7129050,-2.2387958,-0.1844961,-0.3852666,-2.0127890
0.4194440,-1.1982353,0.7922868,0.8283631,1.3248819,2.2042981,1.4340524,0.8645872
3.6794122,2.9380250,3.2368659,4.1499044,5.4154032,4.3240921,4.3998308,3.5489921
1.1050620,1.8133355,1.1335773,1.6960077,3.0342909,2.0449979,3.0591692,0.8823593
-2.2388513,-0.5100923,-0.5361190,-1.2548303,-0.6040940,0.1746539,-0.6172234,-0.8225278
-1.7533212,-0.9082439,-0.3631571,-0.6520606,-1.0124251,0.2931303,-1.3761886,-0.8936205
-1.7782625,-2.3211431,-1.1463638,-1.3426302,-1.0434421,-0.5623472,-0.2741887,-2.0141716
0.0342713,-0.5028540,0.0508288,0.3821048,0.2188073,0.9692993,1.6790378,0.8208838
1.4120104,1.4946944,1.0698120,2.5283907,1.9441824,1.6408284,2.1668154,3.8200207
-1.4515108,0.0671078,-0.8340443,-0.0866090,1.6095402,-0.8416336,0.5695618,1.2710387
-0.1720055,1.1191109,-0.0494460,-0.0310511,1.1065192,0.9714610,0.5213432,0.5505827
3.4692310,2.8222279,2.0448840,2.3631680,1.5227880,3.6155030,1.1366351,1.8450921
1.7472443,1.7861899,1.0888650,1.4266488,1.2105595,0.9655997,0.4844425,0.1214319
-1.6276830,0.0293776,-1.3624717,-1.1293429,-1.4234026,-1.7771530,-0.8916813,-0.8032550
-1.6061807,-0.9633990,-0.2161058,-1.6083794,-1.3252060,-2.2538099,-1.8800736,0.5392943
-1.9818782,-2.4021015,1.2642436,-1.6588432,-0.6648367,-3.4387857,-2.3654926,-1.1441192
-2.4359811,-2.8025036,-1.0224773,-2.0260392,-2.5894030,-2.3683319,-1.3331810,-2.7571709
0.7998389,-0.1841107,-0.8334991,-0.1327877,-1.4459432,0.0898042,-0.0657005,-0.2639224
0.0527583,0.0296602,-0.7594911,-0.6502447,-0.7677268,-1.4855781,-1.9276221,-0.9411302
-2.3416612,-1.3397999,-1.8741885,-2.0065521,-0.9762739,-1.7287722,-2.3991133,-2.2468523
2.1335104,1.4238424,1.4868158,2.2277456,2.1322107,1.7001444,1.1579825,1.2118865
4.4344737,2.6628240,2.7121476,4.1197435,2.1586958,1.4709177,1.8462346,1.2775230
0.3506142,-0.2756732,-1.3914240,-0.3643474,-1.6496529,-1.8801465,-1.2405106,-1.9599117
-0.4382947,0.9075647,-1.1368289,-1.4886490,-1.3583712,-1.2136137,-1.0759537,-0.9125957
0.2230706,2.2162071,1.1001059,0.0511141,-0.6837103,0.4101122,-0.9116409,-0.2990352
-1.1814838,-0.2638132,0.0083824,-0.1932003,-1.2519021,-0.9634166,-2.7710819,-1.0523065
-1.8639200,-1.7925243,-1.5342557,-0.9695087,-1.1197374,-2.5160586,-2.1194717,-1.6801883
0.3123573,0.2368134,0.0339343,0.2020788,-0.2229569,-0.2179266,2.1459237,-0.2864598
0.5534942,0.8579691,0.6879237,-0.1241197,0.2213370,0.6141339,2.7392691,-0.5007221
-0.4647063,-0.1862241,0.4342829,-0.5678425,0.1657208,-0.1714260,-0.3179439,-1.1877307
0.5017267,0.8251958,1.6550615,1.5987064,0.5822151,2.0104226,-0.2295090,1.7865484
2.0494141,2.0957102,2.8479742,3.0387523,1.5169909,3.6001737,2.4162596,3.6516796
-0.5951416,-1.7862367,-0.5031115,-0.2360683,-0.3660580,0.3677315,0.8300286,-0.4727071
-4.1465687,-5.6983083,-4.1213055,-4.1240786,-2.8873047,-2.6700482,-1.7635794,-3.0259037
-4.1825714,-4.8464434,-4.1964429,-4.2648451,-3.2763610,-2.7928218,-1.9658501,-2.0477437
-0.5854051,-0.5711336,-1.3344593,-0.3568489,-0.4159199,0.7164750,-0.1147459,1.7915621
0.2416737,0.2655265,-0.6532082,0.6986623,1.3035843,2.1198551,0.8982898,2.6333845
0.6931394,-0.1346056,-0.1841847,0.2392935,2.0540306,0.8757363,1.6570931,1.7860394
2.3614713,0.4175955,0.9950985,1.1663003,2.8498365,0.4017421,1.5354062,1.7713887
2.9172668,0.8392133,1.3843421,1.6562451,2.5443246,0.9654109,1.3953310,1.0262629
1.6670649,1.0187469,0.7104664,1.3404171,0.6382537,0.7976612,0.7351301,-0.0429180
-0.0010675,1.2907699,1.0311013,1.2604491,-0.0013287,0.4454995,-0.2312735,0.3136512
1.0235403,2.4477697,2.5683428,1.1624299,1.6432595,1.5913996,1.1141516,0.9179125
3.7501072,3.8164895,3.6750990,2.3045378,2.1915792,3.4616905,2.8776014,1.7322231
1.3068559,1.7510395,1.6057624,1.1140307,-0.9764830,1.5633633,0.3565158,0.4751269
-1.7827109,-0.0973564,-0.8649606,-1.0681166,-2.0125642,-0.9406037,-1.9012619,-0.4085275
-2.6812396,-1.0366860,-2.0973766,-1.2363839,-0.7610968,-1.0441604,-1.7734609,-0.9363942
-3.9760863,-2.4662684,-2.6396608,-1.5571119,-1.0177463,-0.8189289,-1.1008961,-2.4086237
-4.5948808,-2.7020935,-2.4282393,-1.5233204,-1.4926242,-0.8422108,0.1546558,-2.1580312
-2.2828006,-1.6363955,-0.5252646,-0.1535060,0.0902435,-0.1644194,1.0869452,0.0003034
1.9665054,-0.0592830,1.7504594,0.6524978,1.5399150,0.0719369,-0.0221051,0.3484067
2.0278753,-0.1454035,0.4227543,-0.1844217,-0.8369568,-1.6125434,-2.0297375,-0.5108544
-1.7323604,-2.0262158,-2.7729490,-2.3401955,-3.3952346,-3.2854191,-2.5075344,-0.9796508
-1.7711784,-2.0027776,-1.9590163,-2.8053445,-2.2610958,-2.2051729,-1.7707316,-2.3653912
1.1852415,0.0789280,0.9161553,-1.2278092,-0.0222206,-0.2128820,-0.6376994,-1.6822120
1.6557310,-0.1331832,-0.0634032,-1.6075738,0.1508409,-1.2683881,-0.8765184,-0.5512139
2.7250921,0.0870714,-0.0033149,-0.8722743,0.4767420,-1.2785245,-0.1461992,-0.3773609
2.7851533,1.4957673,1.3007476,0.3344409,0.8870447,-0.0472587,0.6215514,0.7570612
0.0142016,-0.2804256,-0.3802618,-1.2095198,0.1851529,-1.3835001,-1.0838291,0.6409462
1.4325438,-0.0519834,0.6461539,0.4447250,2.2811476,-0.2082711,0.6895107,0.1827810
4.2746096,3.5444366,3.4104661,3.7520059,5.3386103,2.8748473,3.9360394,1.5515053
1.6232641,1.7024003,0.3039075,1.1712352,2.1819865,0.4411859,1.3703405,0.6036106
-0.7912251,-0.5451323,-2.2430403,-1.1761680,-0.9346244,-2.2614319,-1.4435895,0.3665075
-0.6204790,1.0882896,-0.5514664,0.4054642,0.1903215,-1.4818929,-1.3828333,2.2856425
-0.3062681,0.7851579,-0.4169993,0.9641135,-0.5635257,-0.7216738,-0.8292461,2.1427449
0.3775409,0.1454603,-1.1258788,0.5699058,-1.0847875,0.8897254,0.8277308,1.0838025
1.1467451,1.8423661,0.6382985,2.2700984,1.3584715,2.5956529,2.2659872,1.2543497
-1.1236316,0.6724496,0.3188469,2.1083970,0.8993011,1.0430367,0.1964503,-1.1516460
-1.8737254,-0.0906281,0.2957321,0.9861454,0.1748142,0.7767590,-0.4800514,-1.7142687
-0.4649476,0.1792610,1.3221117,0.8594502,-0.3564024,0.8943953,-0.1482242,0.5738765
-1.1598577,-1.3617523,0.1951932,-0.0876582,-3.5080048,0.2285577,-0.2018075,-0.4568544
0.0448207,0.9857466,1.6429545,0.9422889,-2.6608428,2.6807855,1.3331189,-0.5617316
3.1579037,4.7726221,5.0643421,3.4708797,2.0616497,5.0729913,1.6751709,2.7628687
-0.1840224,0.8996558,1.7687791,0.5839295,1.2173467,1.7579005,0.2297394,0.8507099
-3.2448743,-2.6046339,-1.4882228,-2.1162561,0.0855436,-1.4435363,0.2865688,-0.6742498
-1.0377276,-1.2063812,-0.5189875,-0.7337802,0.3626720,-0.5909151,0.7281227,0.3640857
1.8347569,1.5252965,1.0089157,1.0000630,-0.2662684,1.5396626,2.1597498,0.7083034
0.2369934,0.6499164,0.0203842,0.1527262,-0.0982706,0.5507043,0.5199643,-0.6427413
-0.3467138,0.2436862,0.5273222,1.0145393,1.6042359,0.9518879,-0.2646750,1.4162012
-1.7589808,-1.1278232,-1.3659369,-0.9225081,-0.7020247,-0.6152149,-0.6518167,0.8333047
-4.8673230,-4.9510746,-5.2601170,-5.4071960,-4.3600948,-4.9459148,-3.5112192,-3.3247444
-1.8554687,-2.5144300,-2.5204683,-2.5154395,-2.6769007,-1.9538037,-1.4466957,-1.3646102
2.0005001,1.7933570,1.4728567,1.7463993,0.7921408,3.4356878,3.4779862,2.2165319
-2.0123186,-1.8725046,-2.2844289,-1.7304216,-0.5593837,-0.3547484,-0.1402009,-1.2557485
-0.6962460,-0.3483831,-0.4944390,-0.2993149,0.7587302,-1.5230155,-1.3646658,0.8271840
-0.5583340,0.0804188,0.3181013,0.1136980,0.1675906,-2.1155857,-0.8187059,-0.5655258
-2.6007381,-2.4181910,-2.0116404,-1.8582114,-1.8766374,-3.7877014,-2.2681579,-4.7790462
0.9142089,0.5241332,0.6026044,0.6751368,-0.3854873,-0.3465718,-0.5271876,-2.0501581
5.7465581,5.2308953,4.9874132,3.4506791,3.4551927,4.4579325,3.4004244,2.6579322
2.7857066,2.4040149,2.4490961,0.9075836,1.9100695,2.7280177,1.0195223,-0.1312081
0.7811929,-1.1067880,0.3077930,-0.6481288,-1.0470770,0.8973089,-1.2830803,-1.0904763
4.1376974,0.6233979,2.2563848,0.8545934,0.8190807,1.7352922,1.2135648,2.3313404
1.9801592,-0.1793298,0.8724735,-0.3371239,-0.0835571,-0.1550545,0.4563983,-0.6274862
-2.3032496,-2.9873960,-2.0856794,-2.9230473,-3.0058073,-2.7892142,-2.8934899,-3.9149412
0.4543891,-0.7112492,-0.3454281,-0.6428639,-0.5145664,-0.6403098,-0.1229162,1.0201016
0.3468770,-0.5816645,-1.1226682,0.0353034,-0.0418712,0.1116645,0.4080744,-0.4150284
-0.5998461,0.1499364,-1.2529152,-0.0923912,0.3431705,-0.1182249,-2.0273890,-1.2029563
0.2711375,2.1699572,1.5209677,1.1948509,1.2761378,0.9380765,-0.1282393,4.3316887
-2.6891829,-0.7976631,-0.6019086,-0.6114995,-0.6793608,-1.4836891,-0.3046330,0.8621249
-4.1413461,-1.9353011,-3.0516438,-1.3116095,-0.6325943,-3.2152774,-2.0051742,-3.2292606
-1.9719696,-0.9324591,-2.1741591,0.2490720,0.1360797,-1.7640264,-0.0473180,-0.5445584
0.5839373,-0.7892995,-1.1440665,0.7658292,1.2371941,-0.4524902,0.9706836,0.4571470
-1.7406276,-2.0354665,-2.1287159,-2.1842446,-0.9942658,-1.5740985,-1.9442803,-1.5321006
-0.0876897,0.8350793,1.9914693,-0.5779151,-0.8706789,0.8194264,0.7391460,3.4456095
2.5241835,2.4328586,2.6623596,1.9805516,1.7851363,1.5459094,1.7952934,2.6498544
-0.7558472,-1.0586622,-2.1344564,0.0653307,-0.2014332,-2.0914216,-1.7290776,-4.6297251
-2.0343435,-1.7906127,-1.9369412,-0.5499273,-2.1230128,-1.6669419,-0.9801060,-2.9624313
0.1990439,1.4709607,0.7824739,1.2956139,1.6592416,1.7916885,1.0302903,2.3647884
-2.6906148,-0.3986138,-1.5271266,0.0385761,1.6647666,-0.1266700,-0.9247783,-0.9983809
1.0961581,1.5645291,2.5585342,3.3206890,1.8543207,2.2200109,3.1493732,2.0028706
3.7293530,1.9928289,3.2170986,3.0573797,1.6163813,3.1085648,3.3015707,2.7668570
0.6698051,-0.6869238,-1.1934779,-0.9647326,0.0303541,1.1931037,-0.0432207,-0.2952367
-0.1585787,0.0830435,-1.1182767,-0.2313024,0.6228220,1.2609405,0.6700042,1.0473214
1.0123013,2.4536340,1.5893024,2.2047743,3.3642033,0.7489003,1.9257698,3.0100526
-2.6183547,-1.9684592,-2.2300628,-2.5127927,-1.9258718,-3.8860035,-2.4159410,-3.3271440
-2.1230664,-3.2300698,-2.8439424,-3.9630470,-5.0297218,-3.6587933,-3.7028874,-4.9263553
1.6421750,0.8771754,0.2770712,-0.4003836,-0.4192052,0.4202537,0.0187652,0.8027406
0.2736344,-0.4181387,-1.9064170,-1.5624184,-1.1599425,-1.3931421,-0.8368706,-0.1622548
-0.1199314,-0.8873788,-1.8828314,-1.4660851,-2.3766608,-2.5060132,-2.1203663,-2.3007295
4.6285225,4.5025396,3.9965805,3.2304793,2.3335138,2.9421508,3.0504097,3.8719832
1.8580441,1.2958940,2.1820359,0.5167352,-0.3606254,1.3934360,1.4118624,1.7751261
-1.7377072,-1.6741091,0.2486021,-1.4956251,-2.0716157,-0.4209945,-1.0810922,-1.5359767
0.9995887,2.4269805,3.2278059,1.6962891,2.4181488,3.0857208,1.8207805,3.5196014
-0.4971736,0.6413042,0.5251435,-0.0764833,0.1256490,-0.0240972,-1.6116536,1.1542551
-3.9203437,-2.8794161,-3.0845324,-2.7931237,-3.3387794,-3.9747069,-4.1349478,-4.7773092
1.0016007,0.7662863,1.8715559,1.2897215,1.4665548,0.9294295,2.2153928,-0.1734463
3.9606552,1.0734538,3.7067828,2.8175412,2.4026293,2.7792402,2.1187373,1.5789774
-0.2004914,-1.4959970,-0.5727977,-1.0633562,-1.4309530,-0.3111065,-2.6441732,-1.9256149
1.4300031,2.6586826,2.1805641,0.9927604,2.5533123,2.9421884,2.3803282,2.8125625
2.0421510,1.4187396,2.4089125,2.1733750,2.9186679,2.9219179,4.7395633,3.5919509
-3.9764705,-4.6092355,-4.1767454,-2.7805486,-3.6631043,-2.5751641,-1.1905032,-2.5642588
-2.1272192,-1.1055722,-2.0792530,-1.3273792,-0.7031948,-0.7760071,-1.4655039,0.0089993
-1.3476019,-1.3710198,-1.2273625,-0.7908245,-0.4797549,-1.3803707,-1.5107815,0.2331639
-4.2410549,-4.4184066,-3.7904380,-3.3267813,-4.7332003,-3.7469443,-2.0625733,-3.2034760
-0.8119441,-0.6552821,-0.6992645,-0.2661192,0.5911244,-0.3291322,0.6413099,-2.5247383
3.8790602,3.2984799,3.4067622,4.0040098,6.0305149,3.3827773,2.8270161,1.9630820
-0.8536558,-0.9016629,-1.1973618,-0.6541220,0.3389103,-0.0544583,-0.7449898,0.0433337
-1.8590220,-3.0822857,-2.4951704,-3.1772815,-2.1145821,-1.4738752,-1.3725494,-1.2719152
1.4729695,-0.6602683,0.6334245,-0.7237488,-1.2396960,0.3481000,0.7649983,1.0266512
1.3839617,2.4800589,2.1020739,1.2901323,-0.2252371,1.2487788,1.0969218,1.9315928
-1.9250876,0.7538758,0.1992351,0.0379374,0.1813128,0.0493889,-0.7785057,-0.2039789
0.5120094,1.3135942,1.4548742,1.8225862,2.0861188,1.5928110,1.4185127,2.8381084
1.5879666,2.0135476,0.8938923,2.6678902,1.9040441,1.3763195,1.3039675,1.1769038
2.4308854,2.2827417,1.8705264,2.1630036,1.7112104,1.9652772,1.2495109,0.8502152
2.1277299,1.8832834,2.0068923,0.5729580,0.5628909,1.3200407,1.4060253,1.1630327
2.8937682,3.9301946,2.7782978,2.3981517,2.0160400,1.7721702,2.3132808,1.4486706
2.8782141,3.3064385,2.5816426,3.4915529,2.1263813,1.6607040,1.4271482,0.9423917
0.8909293,0.7213332,0.2946027,1.5759400,0.3090564,-0.4298078,-1.0670578,-0.5879991
-1.6347352,-1.1850440,-1.9996419,-1.2773821,-1.1739003,-1.4535894,-2.0930236,-1.3182246
-3.7254335,-4.0431647,-3.8168953,-4.0671193,-4.8642422,-2.5948612,-2.7099796,-3.4422007
-1.7596019,-1.7647136,-1.8112157,-2.5561718,-4.2486102,-1.7453652,-1.7074320,-2.8635857
0.0499533,0.9100867,0.2755179,-0.1843979,0.3565881,-0.2305758,-0.8860480,-0.4595526
2.4726005,1.9094426,2.2470762,2.7826884,3.9537572,1.2369717,0.9980863,2.0708605
0.0157527,-0.2767900,-0.5593106,0.8670290,0.0152332,-1.3053406,-1.0102823,-1.4478409
-2.4444427,-2.4129433,-2.4897370,-2.7561751,-4.1698895,-2.3497166,-2.6160962,-3.0882918
-0.4525998,-1.6193572,-0.8263003,-2.2443359,-2.2196169,-0.3394255,-0.3504993,-0.9491158
1.7881443,1.2566213,1.3197634,0.8748931,2.6040289,1.1001968,1.7421981,1.9511238
-2.6845544,-2.0007930,-3.0207219,-1.7808509,0.1802121,-2.1873415,-2.5373767,-2.3805272
3.3357317,2.5314674,2.3840564,2.3116047,2.9296352,1.9253217,2.0731632,3.9376638
0.8392245,-0.7016952,-0.1162170,-0.7081127,0.0820731,-1.0329324,0.3031795,0.3920080
-0.5368587,-1.5307391,-0.9526412,-1.5855876,0.3553191,-0.3416002,0.5912619,-0.5212692
-0.1765983,-0.2150656,0.2527890,-0.7232057,1.0744182,1.1978820,2.2091312,1.6083242
-0.2540969,-0.4475908,0.1951081,-0.5731431,1.1005817,-0.0247573,1.4770577,1.6702327
-2.4432114,-3.9758173,-4.3712676,-2.7160057,-0.6031448,-2.6159716,-1.5505932,-2.6994437
1.8986447,-0.5829508,-0.8561420,0.0087665,1.8622577,0.0896438,1.3876544,3.2803923
0.5390619,-0.8906590,-0.8913822,-1.4191788,0.9401926,-1.6700833,-0.2248319,2.2523319
-3.6643305,-3.4609537,-3.7605766,-2.5957433,-0.7631670,-3.2310044,-2.6799422,-3.0459414
-1.6599157,-0.8080322,-1.0088153,1.1081683,-0.6934850,-0.1335036,-0.8671081,-0.2700671
3.7488320,4.0207215,3.4025635,3.4052962,1.2312109,2.6466247,1.7990852,4.1406572
-4.5903633,-2.9210303,-5.3162707,-4.8295716,-4.0258937,-5.4099251,-5.3153222,-6.4630770
-2.2300299,-0.2638269,-1.8659438,-0.7154538,-1.6589722,-3.1029617,-2.4931968,-2.2413465
5.9158181,5.5277768,6.8509587,6.0682905,1.7342775,4.1573821,3.4668706,6.9333508
-3.6972123,-3.7913076,-2.3142401,-3.3158662,-6.8106206,-3.2473141,-4.4211366,-5.1322310
0.7154697,0.9918291,1.2241903,0.0465513,-1.3452677,0.7464472,0.4205268,-1.5348788
8.9236217,8.5546370,9.0987728,6.9025900,6.3863697,8.0348992,6.8812873,7.0038848
-1.6790680,-0.7410792,2.4310224,-0.9552934,-2.0717350,-0.8922182,-1.5542655,-3.4407784
-3.1462739,-1.8229368,2.6765117,-1.1885389,-3.0874822,-1.2795273,-1.4136762,-3.7643756
7.6603844,7.6942065,9.2271495,8.2039378,7.8115887,9.3956695,7.3153640,9.4353717
-1.0591384,-0.4040653,-1.5625764,0.6434167,0.9843323,1.9887804,-0.2839497,-0.3701276
-4.9037828,-3.5984559,-3.2587374,-3.5394092,-4.2571574,-1.6232990,-2.0354253,-4.6478446
7.2645873,7.6395909,9.3083602,6.3472865,6.2701496,8.1930478,8.5343482,11.0145455
-1.4265669,-0.3422468,-0.8040144,-0.8602218,-0.1915399,0.3352907,-0.2873279,0.5619200
-6.9813332,-5.5562178,-6.6949183,-4.6385319,-4.0754369,-4.6484621,-5.3565145,-8.3534043
10.1290243,9.3216184,10.4873636,11.0788449,11.5933053,9.2537789,10.3030932,11.2413284
2.7067332,2.0686725,4.0792259,3.7030563,3.6673417,3.0759649,3.7349548,3.3131252
-14.1920282,-13.5405072,-9.4824749,-12.4204361,-12.9174189,-12.0324025,-13.4367829,-16.4155531
4.5916265,3.7333339,12.2522236,3.9680474,3.1670671,3.5609588,2.3520987,6.8903853
-1.5467629,-0.8422100,2.1022342,-0.6732609,-2.1317731,0.1122733,-0.0734810,0.5340271
-12.4866858,-10.4702981,-15.3352726,-10.6540010,-11.3732036,-9.9176274,-9.3357741,-13.7829184
-0.6593209,-0.3761507,-3.5811928,-0.5196945,1.1124052,-0.4649797,-0.0375479,-0.9825585
9.9216408,8.3484611,6.8700032,7.7462293,8.5972425,8.6247482,9.3088337,12.7295417
-16.9494594,-16.6975833,-22.5635632,-15.6855515,-15.3755899,-13.6149130,-14.7752876,-18.1285201
1.7922765,2.5193833,-2.8652465,0.8163400,2.3548894,2.6703704,0.7164002,4.5290488
3.9836082,5.3917037,-0.0989548,3.5252051,4.2782969,4.9653401,4.8193876,5.7778751
-16.8302389,-15.3124350,-20.6448819,-13.9244160,-13.6790117,-13.1588875,-12.8451159,-20.3790397
-4.0526024,-3.4368451,-6.3438337,-3.4678891,-4.1425533,-3.3983070,-3.3843716,-5.2496727
2.5491738,3.2194185,2.3244075,2.2868378,0.3801360,2.7912055,3.8537401,3.2474469
-5.7385691,-5.3116417,-4.4607308,-4.3334341,-4.3575989,-4.5217250,-3.4803839,-7.0897507
-20.7505734,-19.4724875,-22.2983411,-17.1696469,-16.8116146,-19.2548165,-20.0779734,-27.2085201
3.4042021,4.2716223,0.3472642,4.0877025,2.0779044,0.8578187,0.6422646,1.4735842
38.8109638,38.8610430,39.0966171,36.3552453,34.0193289,32.9139777,34.5802631,44.7930501
