-0.5448289,1.4746081,2.0174168,0.6210394,0.6554584,1.0987469,0.6158588,-2.9975208
-3.8561419,-1.2034228,-0.5106424,-2.1992462,-2.1453005,-0.9262963,-1.2527181,-2.8902471
-0.0301290,1.3166841,1.3619794,-0.2640973,-0.6485558,0.9979639,1.0116105,-1.2847934
-0.3392781,0.8827109,0.7194086,-0.9535673,-0.8221419,0.1893700,0.1476986,-1.1855748
-1.4868717,-0.7288492,-0.5603076,-1.2177150,-0.3487709,-1.0017871,-0.7536453,-1.6094407
0.0715147,0.2841367,0.6555334,0.5968442,1.5554784,0.5738446,0.8403187,0.1059253
0.2827693,0.3816515,0.5789299,0.4495345,1.0483092,0.7412966,0.7365626,0.6003066
0.6399129,0.5635194,1.0324642,0.2793749,0.8926397,0.7768014,1.2202114,-0.2315051
1.2184582,1.4164564,2.2086952,0.6916459,1.4348558,1.8879159,2.8017481,2.1220378
1.6727303,1.8263495,2.1688183,1.0859036,1.5097435,2.3008096,2.8887267,3.5221752
-0.2331604,-0.7806214,-0.7614690,-0.7711152,-0.1133272,-0.3755768,-0.0984487,1.3712911
-2.2690098,-2.7119685,-2.6616659,-2.1039233,-1.3089769,-2.4637678,-2.3697530,-1.1408116
-2.4494404,-2.3154408,-2.3473263,-1.8155493,-1.3135413,-2.0410828,-2.3340018,-1.8152376
-1.2163255,-1.5718303,-1.4009185,-1.5460212,-1.2398254,-0.8692604,-1.6238669,-0.5774455
0.8785761,-0.0830860,0.4324105,-0.2193146,-0.9286518,0.8218523,-0.3064164,0.8283451
2.0023608,1.1189960,1.4418907,1.0757218,0.0540592,1.5531407,1.0457162,0.9308573
1.5331563,0.4501864,0.2885609,0.4941365,0.5880215,0.1215058,0.4605241,0.5541640
-0.5281280,-1.3148658,-1.7893929,-1.2097608,-1.1455578,-2.2272513,-2.1224658,-0.5090752
-1.7812844,-1.0496468,-1.4339933,-1.1756952,-1.5396511,-1.9295217,-2.1550528,-1.0409895
-0.2728760,0.7294655,0.5716191,0.4817564,0.3925527,0.8155658,0.5926481,1.1967943
0.4962325,0.4474342,0.3106611,0.5742662,-0.1456320,1.1787353,1.0876804,1.4094685
-1.4935507,-1.6983721,-1.7633868,-1.1793616,-2.1855267,-0.9746410,-0.5079278,-0.6190680
-1.0886726,-1.0433613,-0.8742443,-0.6442711,-0.6051484,-0.4858778,0.0864049,0.2292997
0.8375039,0.5740032,0.8721603,0.9744232,1.4320780,0.8766718,0.8020673,2.2111478
1.9498203,1.1042210,1.2317064,1.4448684,1.6627412,1.1244683,0.6975601,1.8048756
1.4460314,0.1827608,0.0563936,0.4517651,0.0948973,0.3854167,0.0478912,-0.3434741
0.7630987,0.1964342,-0.0070273,0.6275685,-0.6736178,0.0044885,-0.1842245,-1.9214978
1.4778927,1.5971265,1.3774083,1.9946783,1.3670800,0.7109957,0.6583720,0.0358901
2.4613028,2.2905697,2.2174594,2.3103991,3.0901679,1.9841716,1.7367487,1.7394030
1.7639116,1.4724947,1.8146983,0.9854323,2.4746175,2.0840881,2.0238560,1.6886179
1.6934338,1.3107661,1.8988065,0.8579241,2.3295073,1.6741529,2.1091536,1.9436346
0.7901357,0.3026886,0.6688156,0.6546235,0.4575595,0.6987915,0.9824806,1.0873897
-0.7676017,-0.8207835,-0.9200333,-0.4811159,-1.6407300,-0.4242862,-0.3613208,-1.4766593
-1.0270670,-1.3011200,-1.6957667,-1.7262600,-1.2265127,-1.4992083,-1.4593545,-3.0222150
-1.1994341,-1.6633287,-2.0183900,-1.9969739,-1.0039688,-2.0052177,-2.0125833,-2.7546370
-1.8729730,-0.1053641,-0.5043457,-0.4007209,-0.9602616,-1.4600589,-1.4560598,-1.3024660
-1.8030419,1.5975793,1.0700086,0.7265809,-0.4822331,-1.0212665,-1.1498933,-0.7743745
-2.7204098,-0.8617141,-1.4374764,-1.3836706,-2.1104929,-2.3490865,-2.2422312,-2.7364854
-3.0857500,-2.3941375,-3.0914017,-2.4759939,-2.3277957,-2.1875089,-1.7044728,-2.1076050
-0.9112965,-0.7048544,-1.0612786,-0.9218357,0.2964426,0.2473686,0.6519633,1.0652144
0.4134764,-0.0090850,0.1256144,-0.2268541,1.0077749,0.7169795,1.0940174,0.0074495
-0.1674893,0.1861167,0.4018558,-0.1949511,0.2487737,0.3754077,0.5396487,-1.3596826
-0.7762785,0.0290295,0.4043585,0.0988685,-0.1560124,0.4982842,0.5796395,0.2747421
-0.6266064,-0.5310195,-0.2056908,0.1738996,-0.9154137,-0.5892834,-0.0507320,0.4977066
0.4756531,0.3871251,0.3196728,0.5325002,-0.3881568,-0.6864917,-0.4525438,0.4430192
0.5020917,1.0839579,0.9267007,0.6901855,0.9398974,0.5316667,0.0704456,0.9697019
-1.8312769,-0.8703495,-0.8208188,-0.9842105,-0.6219736,-0.4117006,-0.9718163,-0.1777928
-2.0599180,-2.0214758,-1.8257787,-1.6379461,-2.2181161,-1.4326449,-1.9577724,-0.6129939
-0.1786352,-1.1169698,-1.1676141,-0.6377615,-1.6908098,-1.0170201,-0.9918610,0.4055364
0.9006960,0.3459660,0.0280826,0.3546683,-0.2854233,-0.0634716,0.4180645,1.0116684
2.6625179,2.1927367,2.0684984,2.1684664,2.0211632,2.0998139,2.0372652,2.2565030
2.4052702,1.3452411,1.3191458,1.5110177,1.5498456,1.7063843,1.1287009,0.9296250
-1.3537653,-2.0531091,-2.2088246,-2.1486026,-1.8119860,-1.8730800,-2.4152649,-2.2499481
-0.8202992,-1.5817339,-1.6867720,-2.0576817,-1.5607769,-1.2875013,-1.4699238,-1.1467441
2.6611955,0.9396304,1.0001485,0.4771805,1.5181484,1.9552830,2.0513900,2.9487821
2.6340852,1.4608002,1.5823068,1.4542997,2.4617142,2.9683674,2.9327995,4.6404990
0.7847769,1.5947063,1.5925850,1.7388862,1.3584505,2.7910737,2.7635404,2.2679891
-0.2070410,1.5552510,1.4563679,1.4858119,1.5725280,1.8919231,1.9111089,-1.0126406
-0.7065837,-0.2397544,-0.2139500,0.0695254,1.4623895,-0.1748414,-0.2496004,-2.0378526
-0.6121547,-1.4147880,-1.2946983,-0.8267636,-0.5387175,-1.7433526,-1.6549203,-1.6724204
0.4885231,0.4762789,0.7181469,0.4232757,-0.5147633,-0.5993144,-0.4458690,-0.7792860
1.0466578,2.0065423,2.7217872,1.9405319,1.3055502,1.6528993,1.8228665,1.3381388
0.0788846,0.6637445,1.5626606,1.1478308,0.9622677,0.9333933,1.1059650,1.7911243
-0.3440082,-0.2943426,0.1305823,-0.2341615,-0.4169150,-0.9063333,-1.1002654,-0.9274812
0.3211550,0.3251829,0.4123267,-0.1346238,-0.3362122,-0.3881729,-0.6494219,-0.8042931
1.4274311,0.8195614,0.9549389,0.6937862,0.6421614,0.3963811,0.5257312,1.6061950
1.7201086,0.4052652,0.5279125,0.9729493,0.8176681,-0.3045664,0.2792375,1.5314502
1.3941893,0.2414176,0.2494787,1.1436188,0.7144428,-0.0271230,0.4163877,1.0930131
1.5099445,0.1402173,0.2209408,0.6725066,0.6303383,0.1259775,-0.2561215,-0.7015106
1.0883072,-0.4715332,-0.3867866,-0.2982481,-0.0870262,-0.9419419,-1.1613598,-2.1360994
1.2283146,0.3777541,0.0399538,0.6635590,0.6077554,-0.0421265,0.3547503,0.2423616
1.6491182,0.5534386,-0.0632853,1.0035213,1.1403951,0.2541544,0.2550628,-0.1125897
0.6278919,-1.6567491,-2.0433738,-0.7580468,-0.8985209,-1.7394628,-1.9977046,-2.6729867
0.2710931,-1.7659783,-1.8899020,-0.3180770,-1.2577693,-1.5057820,-1.8914406,-1.5956009
0.1895939,-0.6322642,-0.7549044,0.5136472,-0.2202222,-0.1930692,-1.0487490,-0.0890002
-1.3652602,-1.7259805,-1.9699136,-1.5512523,-1.4060734,-0.9451596,-1.7738113,-1.8884842
-2.8746668,-2.4122959,-2.6965474,-2.6436519,-2.2708467,-1.6805109,-2.2316420,-3.1347001
-1.9647605,-0.0247260,-0.3033453,0.0472515,0.1364572,0.2882795,0.0112761,-0.0394077
0.1814588,2.5957715,2.5182006,2.5603965,2.6348033,2.8186180,2.8053892,2.6141366
0.7031006,2.8557331,3.2623585,2.1748520,1.9789556,3.2427326,3.2052258,1.9764565
-0.4560327,1.8722397,2.3385949,1.1167742,0.7811838,2.3384313,2.4273008,1.6924713
-2.1105464,0.3089917,0.2298219,-0.0943019,0.2715966,0.2109953,0.4479811,0.7090956
-3.1971489,-2.2980379,-2.6468963,-2.8157456,-1.8945173,-2.7980273,-2.3422231,-1.9846129
-2.6804410,-3.1866432,-3.3262985,-3.9145390,-3.1221973,-3.2825555,-2.3561578,-2.1525268
-3.2166986,-2.8305060,-2.9200986,-3.4814679,-3.0537303,-2.9330837,-2.1919194,-0.9832943
-3.8591494,-2.6666251,-2.7612542,-3.4267076,-3.8264792,-3.0719096,-2.6512940,-0.9162580
-2.4370232,-1.7018070,-1.6061392,-3.1858810,-4.3141993,-2.1384740,-1.6726861,-1.0358081
-2.7453836,-1.9372149,-1.7376560,-3.8259942,-3.7988915,-2.3272839,-2.2155658,-2.3484550
-2.7846344,-1.3281997,-0.9267953,-2.1509739,-0.7281168,-0.9956831,-1.0771664,-1.4513076
-0.0146251,1.4354934,1.7704528,1.2360714,1.7503728,1.7954603,1.5334940,1.4524761
1.8604622,2.4292261,2.2328129,1.7387146,1.1925246,2.1969494,1.7259129,2.6101596
2.6617794,2.3483988,2.1305792,2.0555106,1.9698295,2.9830555,3.0610874,3.0467448
2.5058895,2.1752925,1.9827029,2.1709950,2.1492133,2.6745721,2.6724204,1.3165618
1.9449463,1.7056672,1.3251069,1.3740897,0.8442581,1.1322649,0.6870507,0.3732899
2.4585855,1.6419579,1.7717909,1.5242979,1.5141170,1.9374130,1.7302156,2.2284811
2.3117990,1.1092091,1.6708040,1.3390577,1.9687232,2.1004618,1.7904392,1.5167225
1.4269139,0.4085856,0.9857101,1.4602285,1.7331272,1.1846881,1.1866375,-0.1286656
0.4051529,-0.3682835,0.1932942,1.2732306,1.0249485,0.0970105,0.6557450,-0.7568914
-0.2873490,-1.1670458,-1.1875713,-0.4981128,-0.9376966,-1.9534690,-1.7559348,-3.0755480
0.3113661,-0.3240266,-0.8045285,-0.3053603,-0.9133344,-1.7122240,-1.3977716,-2.5399901
2.0229756,2.1093733,2.0129623,2.7469999,1.9991892,1.2396458,1.9052949,1.8659863
2.3515183,2.4336653,2.5834641,3.4813870,3.2699221,1.6258708,1.8840204,2.1923239
1.0376537,0.9916968,0.8673482,1.7506949,2.1978902,-0.0004833,0.3245390,0.0083845
0.8832767,0.8356245,0.4494299,1.0326797,1.1045228,0.0351219,0.7024707,1.3847803
0.7176902,0.5000162,0.0972020,0.6178056,-0.1589525,0.2416217,0.7269736,2.3944016
-0.6737808,-0.9565000,-1.3108361,-0.4904843,-1.0134836,-0.4122171,0.0417164,0.4439552
-0.9149448,-1.5819077,-2.0963436,-1.4602438,-0.8569359,-1.0459441,-0.7706424,-1.2972416
-1.0692101,-2.0716224,-2.4213202,-2.1580175,-1.3442103,-2.2433061,-2.5132168,-2.0772343
-2.0678206,-2.8804261,-2.7517117,-2.5875494,-2.3142975,-2.7899777,-3.4142557,-2.8611526
-1.4382449,-1.9043557,-1.7704646,-2.0027265,-1.9185133,-0.9816093,-1.8766364,-1.3001439
0.7484833,0.7937433,0.8981238,-0.0175012,0.6270000,1.7763306,1.0048735,1.6835790
0.9359155,1.7521538,2.0655187,0.7601057,1.9112515,2.0572885,1.8855274,0.6842429
0.3740515,1.1405045,1.4613936,0.2908497,0.4500924,0.6136610,0.4636464,-1.2178099
1.2986912,1.4917905,1.7084519,0.8894397,0.3911511,0.5232222,-0.0800540,0.1335210
0.7434104,1.4767236,1.6430763,0.8494544,1.2267996,0.9745483,0.6250402,1.0022391
-0.9614129,0.3628422,0.5510819,-0.3783536,0.4513336,0.7366448,0.9609002,1.2725183
-1.5656042,-0.3903987,-0.3521202,-0.7769755,-0.6692849,-0.4299642,0.0003421,1.5051267
-2.6723447,-2.0144631,-2.2318016,-1.7097903,-2.7326288,-2.6492693,-2.0595389,-0.7736773
-2.3331430,-2.4551833,-2.4532126,-1.6609530,-2.3028569,-2.0198084,-1.8295380,-0.9257645
0.2787149,0.2302413,0.4258972,1.1548311,1.5545079,1.3928962,0.8597721,2.1742942
0.3442183,0.2552905,0.2923689,1.0164035,1.0382059,0.9630106,0.2052241,0.8604437
-1.0101964,-1.9366236,-1.6739301,-1.3844489,-1.2831687,-1.1177160,-2.1630393,-1.8228931
-0.3229705,-1.4910757,-0.8830574,-1.1395228,-1.0903320,-0.4787110,-1.4725213,-1.4618256
0.1484780,-1.3421385,-0.8018618,-1.5183235,-2.6637334,-1.0225593,-1.2402913,-2.0938406
0.0534244,-1.5956815,-1.1960877,-2.2916370,-2.7270924,-1.6721103,-1.3975539,-1.8879509
1.0979617,0.2390762,0.5354216,-0.5002326,0.7044034,0.6075611,1.0603516,0.3026855
1.6465447,1.5248661,1.4012551,1.3530604,2.3582106,2.5235534,2.8895730,2.1214209
1.0362294,1.3063835,0.8712093,1.9167283,2.1656788,2.4647467,2.3348180,2.6764686
0.8064567,1.1936152,0.7636086,1.6443154,1.0990918,1.2410439,1.3802637,1.2421799
0.0055321,0.6222195,-0.2002803,0.4200623,-0.8589657,-0.6981913,-0.0581958,-0.0901671
-1.6030209,-0.6501737,-1.6556852,-0.7644109,-2.0595818,-2.2449347,-1.9274026,-1.8682329
-0.4850900,0.4807468,0.1086109,0.5916989,-0.1971377,-0.7454416,-0.2422190,-1.7644638
2.2558913,2.9881341,3.2991968,3.1958952,3.8909678,2.5640227,3.2413044,1.6706884
1.0822417,1.2534911,1.9701066,1.7342591,2.5671146,1.1829596,1.3206537,0.0713270
-1.3342375,-1.1941834,-0.6661997,-0.8253732,-2.0067682,-1.9008600,-1.6507683,-2.5040744
0.0571673,0.8839667,0.6987721,0.5846452,-0.4371218,0.1680957,0.8560204,1.2739245
1.7711546,2.3697825,1.9111595,1.5786853,2.2306810,2.2115862,2.7526955,2.8255787
0.1282717,0.1260925,-0.3636547,-0.1274992,0.0624555,-0.3159916,-0.5242426,-0.8077019
-2.5250906,-2.1305758,-2.9451620,-1.8217697,-2.2415610,-3.0184043,-3.5362125,-3.3268810
-2.5924135,-2.3276193,-3.2204359,-2.5845309,-2.1158414,-2.6210347,-2.3518112,-2.4448495
-1.3093831,-2.1912549,-2.7587203,-2.7533326,-2.2273554,-1.2003560,-0.8771867,-0.4714945
-1.5183246,-2.7567056,-2.9061461,-3.0579948,-3.1570839,-1.4930287,-2.0653724,-1.2108169
-1.8916199,-2.6085303,-2.3977934,-2.7538253,-2.9081020,-2.1083550,-2.7859597,-2.0331222
0.0278596,-0.5346718,-0.0221542,-0.2268414,0.1967219,0.2633537,-0.2831863,1.7655443
2.2634302,0.8005831,1.6375049,1.1811161,2.7557148,2.5457867,1.7270780,3.7218976
2.6542199,0.6301036,1.2819988,0.5001455,1.2842819,1.9611794,1.1814827,0.9631551
3.0781436,2.5195975,2.6305675,2.0194290,1.5698939,2.6462949,2.1382261,0.8347738
3.0584909,4.0853658,4.1776451,3.3889561,4.2069107,3.6291579,3.6072304,1.9769212
1.6783846,2.8281719,3.0131343,2.4319614,3.4963724,2.0874762,2.5125459,1.2195348
1.1228935,2.2841180,2.5243258,2.1858039,2.0653817,1.1980565,1.2834732,0.8706924
-0.0849279,1.4536491,1.9803615,1.1379389,0.4235495,0.7643145,0.5683319,1.2301203
-2.6838401,-1.4567090,-1.0176773,-1.6438941,-2.5079299,-1.4433396,-1.4262271,-0.1301412
-2.8793744,-2.7064893,-2.5091344,-2.3341071,-2.2594149,-2.8306294,-2.9199160,-3.3815717
-0.8754206,-1.4790494,-1.1872465,-0.6761989,-0.0436514,-1.9553583,-2.2651624,-3.2923098
0.5086833,-0.6402432,-0.3464564,0.3698530,0.2851453,-0.6907303,-0.8373703,-0.1155979
1.0916065,0.1517299,0.2761542,0.6334367,-0.2515924,0.0055301,0.1720388,0.4240541
1.1573885,0.5590260,0.4059244,0.4200875,-0.7394577,-0.6276435,-0.3350867,-1.2121727
1.7356662,0.2360966,-0.3298733,0.6298830,0.0279403,-1.1284355,-0.7322471,-0.9495397
2.8595937,1.0353856,0.2707393,1.9183125,1.7628510,-0.2480988,0.1907116,0.8765596
2.8280041,1.0160476,0.3286969,1.8111816,1.3485390,-0.4074655,-0.0151309,0.3919135
1.3486502,-0.8096433,-1.3429743,-0.0150509,-0.4741293,-1.4315801,-0.9209823,-0.5179128
0.9462043,-0.4025183,-0.6319749,0.4641735,0.3459498,0.2729723,0.7108848,1.6817177
1.2246370,1.2018845,0.9441703,2.5117268,2.3296953,2.4686935,2.7934123,3.3476971
-0.9626046,0.0215530,-0.7863659,1.4761090,1.3477124,0.7384332,1.0622787,1.4921725
-3.7536896,-2.5517621,-3.2449563,-1.5607601,-2.0396379,-2.1083594,-1.9512038,-0.9817028
-4.9863766,-3.8200307,-3.8102777,-3.5332661,-4.6391319,-3.1281088,-3.3460653,-2.2096607
-4.4680590,-2.4456371,-2.0684044,-3.1478586,-3.3325832,-1.9081303,-2.4637287,-2.1710026
-0.8966046,1.2564172,1.7289227,-0.0175655,0.9381418,1.6935347,1.6321100,0.4461418
1.2016638,2.5825921,2.9732870,1.4516009,2.4038894,2.7943805,3.2425238,2.2907584
-1.4625975,-0.2088446,0.3298366,-1.0017577,-0.5263848,-0.0465493,0.0659435,0.1454452
-2.6531715,-1.3828164,-0.4440554,-2.0154942,-2.0766817,-0.4507701,-0.7884826,-0.0115224
-1.4001471,0.1498071,1.1078905,-0.5043227,-0.1486610,1.5729134,1.0387857,1.7704981
-1.8030971,0.0439267,0.7055756,-0.8665581,0.1096297,0.9930569,0.8947135,-0.6857049
-1.9042397,-0.8493908,-0.2203084,-2.0492807,-1.2659014,-0.2355127,-0.0546501,-1.6877700
0.2825764,0.7903329,1.4651206,-0.1465406,0.7342508,1.3610959,1.1539255,1.6338635
2.5307158,3.3613524,3.6236234,2.6973128,3.5365650,3.3285931,3.0680707,2.5019167
3.0755944,3.5796779,3.7049408,2.5596552,2.3069595,3.2721525,2.8136720,1.9560382
2.5706451,2.1679449,2.4988374,0.9172631,0.4135500,2.0522146,1.3572955,2.0416460
1.2578762,0.1687238,0.2939853,-0.3969128,0.2304973,0.3173350,0.3575839,0.5164336
-0.4256147,-1.4921862,-1.5204997,-0.7769516,-0.3725408,-0.9907450,-0.2978677,-0.5394706
-1.0153963,-1.2131308,-1.5013798,-0.0946689,-0.9124934,-1.6148359,-1.2650613,-0.2961408
-1.3880002,-1.4145468,-2.3936286,-1.1733285,-2.0922444,-2.6862319,-3.0289878,-1.6344041
-1.7228347,-2.3672049,-3.5458379,-2.7237671,-2.9721863,-2.9566748,-3.5651443,-3.7318982
-1.1040520,-2.0749586,-2.9256597,-2.4217293,-1.9090680,-2.3300896,-2.5666610,-4.4687615
-0.4517523,-1.2531156,-1.9782838,-1.6795004,-1.0757897,-2.0241878,-1.9055920,-3.3808821
0.6773574,0.6524026,0.0858566,0.3629323,0.6008706,-0.3896527,-0.4434991,-0.4530344
2.1004250,1.9412403,1.7345727,2.0450907,1.9630933,1.2489471,1.0101731,1.0076049
1.4054486,0.5563000,0.5284584,1.0826453,0.4660295,0.3931517,0.3767993,0.8177253
-0.0066035,-0.5688780,-0.6821175,0.2025243,-0.5258444,-0.9707675,-0.6110384,0.8348711
-0.0710410,-0.9269524,-1.2459673,-0.4224883,-0.8733939,-1.7328615,-0.8979597,-0.8915938
0.0424890,-1.0480569,-1.3087855,-0.7910306,-1.0292674,-1.3466937,-0.5460378,-1.7169462
0.1389381,-0.1556433,-0.2286999,0.4016133,0.4893107,0.0738847,0.0145456,-0.0250107
0.7397317,0.7997094,0.5062755,1.6553389,1.8215072,0.9669616,0.7389219,0.7360187
0.1287864,0.0933292,-0.4671573,0.6380584,0.3665513,0.0682299,0.5546956,-0.6793974
-1.4172848,-2.0194506,-2.2510425,-1.8299444,-2.5888232,-2.0105061,-1.5234355,-2.4500397
-0.5546631,-0.9541094,-0.4282271,-0.1893992,-0.4939057,0.0112643,0.1313760,0.2260982
1.6741062,2.6832688,3.4156041,3.9770632,4.7082590,4.4737435,4.9517841,4.5580728
1.8523277,2.8541015,3.3092972,3.5090651,4.7364953,4.1685046,4.5173630,3.9631909
0.7473058,1.0627120,1.6168742,0.8347278,2.0619711,1.5396061,0.8399321,0.9759125
-0.0663382,0.4467544,1.0863768,-0.4135522,0.0626595,0.0854135,-0.8687888,-0.5023244
-0.9142225,-0.7235361,0.0550611,-1.7148484,-2.3086046,-1.1039724,-1.3974257,-0.6179762
-0.8932375,-1.1881705,-0.2886207,-1.5134885,-2.1666484,-0.8948197,-0.6106886,-0.1046801
0.3273047,0.3103188,0.4210324,0.3920245,0.2227841,0.2906164,0.9623826,0.4991154
-0.3661926,-0.5301794,-1.2727616,-0.7101186,-1.4025786,-1.5940853,-0.9721237,-1.7553895
-0.8647091,-1.2829531,-2.0115924,-1.7084774,-2.8373444,-2.6881290,-2.7800790,-3.1692101
1.7046840,1.5942535,1.3480649,1.2385894,1.3012571,1.5645001,1.1114191,1.7793062
2.2024405,2.2317657,2.2966872,1.8032927,2.5882270,3.0053338,2.9021655,3.3880949
0.1913873,0.2163008,0.0169088,-0.4116092,-0.2218225,-0.2918791,-0.0564738,-0.8218185
0.1357077,-0.2809089,-0.7379550,-0.2099156,-0.3858186,-1.1845495,-0.6128580,-0.6734986
1.2852851,0.2750004,0.1665852,1.0382647,0.9680455,0.3346435,0.7169167,1.6208677
1.0533648,-0.0952727,0.2428646,0.1734557,0.3335856,0.6901920,0.3674124,0.6537291
-0.3526396,-1.4471148,-1.0931237,-1.7943436,-1.0845116,-0.2629272,-0.5280965,-0.2763239
-0.6819742,-1.3983391,-1.1995076,-2.1297484,-1.1682689,-0.7888836,-0.9398559,-0.0009499
-0.5073376,-0.8093827,-0.8324685,-1.4138771,-2.5480028,-1.9607422,-2.3909870,-0.9898675
-1.3672445,-1.1902266,-1.4007164,-1.1419861,-4.0234025,-3.1431824,-3.2570721,-1.4248983
-1.5182473,-0.6954891,-0.6738366,-0.2603932,-1.1152708,-1.4456925,-1.3651633,-0.2547420
-0.5271852,0.8446574,0.8583386,1.2320977,1.7865605,0.8745242,0.6437455,0.4667396
0.0147589,1.4250044,1.1704243,0.8502455,0.6328395,0.9307470,0.2967138,0.7229204
0.3665097,0.8838252,0.9404463,0.0179193,-0.1800344,0.5383107,-0.5249475,0.7985271
0.6653681,0.8133491,1.1347301,0.8923750,1.0349670,1.2609722,0.1200515,0.8803019
-0.2582900,0.3354734,0.5284850,0.5616041,1.0840299,1.3508988,0.4101223,0.2336088
-1.2756939,-0.9146416,-0.6934268,-0.3718520,0.3210702,0.8336924,0.2926650,-0.1869467
-1.4351990,-1.1492536,-0.8584148,-0.0579946,0.5861500,0.9124011,1.0509811,-0.0509526
-1.7589764,-0.5919109,-0.4654983,0.3059857,1.4926253,1.0867355,1.8168680,-1.1876485
-1.5944613,-0.0170753,-0.1104719,1.0408704,1.8157275,0.9524493,1.5049673,-1.1874510
-1.2189808,0.1563220,-0.0402040,1.1852057,1.3140013,0.2862471,0.2681198,-0.0243691
-2.0187907,-0.6315722,-0.8168576,-0.4045263,0.2223421,-0.8783103,-1.0287666,-1.1066438
-2.2215648,-0.7672640,-0.9208901,-1.3941458,-1.2704510,-1.4628859,-1.4034731,-2.8215855
-0.4149450,1.0819832,0.8895380,0.1697796,-0.7220082,-0.3509856,0.2033631,-1.1931981
1.3911666,2.4796864,2.3047989,1.8341714,1.3752175,0.2807422,0.9235536,1.0649479
1.1074811,0.8379264,0.5874652,-0.0184297,0.1103071,-1.8400236,-1.5591170,-0.9250864
-0.0574197,-2.1979100,-2.4867856,-3.3630746,-3.6081987,-3.8334727,-3.5328131,-3.2416630
0.3496706,-2.6667301,-2.6066865,-3.7346430,-3.9098694,-2.8522256,-2.6233335,-1.7745532
1.6899919,-0.3906778,-0.2000919,-1.7919222,-1.3953253,-0.3561888,-0.4307893,0.7913770
2.3739444,1.4822310,1.5367888,0.3122952,0.3049246,2.1264214,2.1517368,3.3373564
3.2226957,2.7127254,2.8688010,2.8255699,2.9534345,4.5346096,4.9688423,5.6516265
3.5013424,2.7483748,2.8205991,3.5164025,4.3663094,4.0353931,4.6014288,4.8283633
2.1459757,1.1370228,0.9830177,1.8050624,2.4106328,1.4634968,1.6890678,1.9490480
1.1237015,0.7208355,0.7289463,1.3636179,1.9844244,1.6894945,1.3380038,0.8165423
-0.0303214,-0.3364054,0.0475285,0.6177580,0.5941708,1.2120724,0.7492717,-0.2255411
-1.3827834,-2.5808267,-2.0717215,-1.4588750,-2.5454624,-1.2603831,-1.0625992,-1.5995156
-0.8003178,-1.7459470,-1.5356768,-1.2332934,-1.3817523,-0.9357845,-0.6872826,-0.6866180
-1.0568072,-1.1335729,-1.2711665,-1.2380293,-0.3549752,-1.1568479,-1.5781727,0.2791167
-1.9678762,-1.7343498,-1.9412571,-2.0568380,-2.0307562,-2.2549632,-2.3624773,-0.1025747
-0.4659625,-0.3875736,-0.3699704,-0.5534068,-1.6285739,-0.6368588,-0.0771334,-0.4683869
0.8533344,-0.0022955,0.2384041,0.4710715,-0.1327472,-0.1084109,0.2501195,-0.5698757
1.2478533,-0.2304076,-0.1056669,0.3751532,0.6970879,-1.0295870,-0.9949689,-0.5956847
2.0168982,0.7032970,0.7061781,1.0974275,1.0001849,-0.5462249,-0.5003466,-1.0732615
2.8709649,2.0720806,2.1630746,2.9626596,2.3292445,1.2866728,1.4438976,0.2690544
3.8519892,3.5441482,3.7730912,5.0128991,4.8585880,3.4420960,3.6111976,2.8208168
3.1389508,2.3749784,2.4526610,3.6755839,3.5332878,2.4137554,2.2750168,1.4249220
-0.3123320,-1.5936999,-2.1238062,-0.8650778,-1.4496342,-2.2050584,-2.5846677,-2.4510116
-3.3278377,-4.5573277,-5.5483610,-3.9601416,-4.4045621,-5.5577064,-5.7790642,-4.6116087
-2.2969929,-2.9100692,-3.9327927,-2.0436555,-2.2599152,-3.3389395,-3.2450648,-3.1223557
0.4612214,1.5084191,0.5155529,2.2313153,2.2156261,1.6194694,2.0277037,0.6716902
-0.2941300,1.9427725,0.7688461,1.8546970,1.6829878,1.7409402,1.7520277,0.7006542
-2.2401160,-0.1904389,-1.2745082,-1.1312856,-1.3242345,-0.6449701,-1.2546785,-1.3471432
-1.5154012,0.0855251,-0.0853916,-0.7265664,-0.2478104,0.2532847,-0.0734362,-0.0282291
-0.3664108,1.1564782,1.9270400,0.8580162,1.1766819,1.8102203,1.6221909,2.6336706
-0.2078174,1.3979976,2.2949712,0.9132784,0.4333776,1.7657087,1.5851780,2.8575794
-1.3244438,0.4860510,1.2201961,-0.4520646,-0.8369446,0.7827460,0.8537530,0.6760565
-2.6977572,-0.2616481,0.7367681,-1.7964203,-1.6854914,0.4186906,-0.0493992,-0.0093727
-2.5546564,0.0793764,1.3453352,-1.7869293,-2.1981881,0.4583578,-0.7396286,-0.4808916
-2.1363124,-0.4441958,0.7496669,-1.9788411,-2.8469937,-0.6333057,-1.7024948,-1.9157873
-1.2403696,-0.8986309,0.2549950,-2.1911077,-2.2461171,-0.9335863,-1.4526203,-1.3142182
0.3322084,-0.5072237,0.3879699,-1.5273955,-1.1066688,-0.5866287,-0.8607713,-0.7021366
1.1128306,0.4403901,0.6731417,-0.2172748,0.4807817,0.1505070,0.3185900,0.7379694
0.1808488,0.3433097,-0.0629300,-0.2136641,0.8154290,0.1049094,1.0674837,1.6056411
-2.0374305,-2.2023178,-2.8814295,-2.6208496,-2.1320728,-2.8175141,-2.0020176,-1.4493341
-1.5327941,-1.3886525,-2.0201531,-1.7452916,-1.3577694,-1.9260723,-1.9060441,-0.9530306
1.2535924,1.9964223,1.4730694,2.0171275,2.3129492,2.0827295,2.0490361,2.2784237
1.1753407,0.8584378,0.5408706,1.7878444,1.3813487,0.9944336,1.5056546,1.2496095
-0.4420240,-1.5937061,-1.8255327,-0.3826418,-0.4871967,-1.5248705,-0.5135559,-0.4088735
-1.4705507,-2.2575641,-2.6580966,-1.6708935,-1.3416568,-2.3937608,-1.3532433,-2.0324135
-1.8693601,-2.2087748,-2.6388714,-2.3424745,-2.2236443,-2.6016569,-1.9351979,-3.1171626
-0.2659513,-1.1380399,-1.4075707,-1.2977932,-1.2448608,-0.9395328,-0.2574519,-0.7389924
0.8696389,-0.7529064,-0.7403357,-0.3825428,-0.2414168,0.1724495,0.5515481,0.1159119
0.1078403,-0.5332872,-0.1280840,-0.0168136,0.4462547,0.2311038,-0.2399428,-0.8851020
0.7420128,1.0207906,1.6924530,1.4468281,1.8781795,1.2190245,0.9012282,0.0667545
2.0160431,1.4729706,1.9723434,2.0910092,1.6558175,1.2403894,1.1977267,0.0679338
2.7227570,1.7571607,1.7747785,2.3696650,1.6900055,1.5408825,1.0246352,0.5726695
3.1535574,2.0939512,1.7880709,2.2807041,2.4021931,2.1840922,1.5297974,2.4955076
0.8891960,-0.7759188,-1.1054223,-0.7750209,-0.5671310,-1.1833923,-1.6080139,0.1479700
-1.2284856,-2.4572868,-2.6798914,-2.1489798,-2.2748197,-3.2916084,-3.2727700,-2.6654824
0.3765150,0.6918866,0.2687816,1.2639116,0.9754423,0.3265466,0.5983212,-0.0593380
2.2037227,3.4180869,2.7496098,3.9059714,3.0964681,3.4260744,3.5651136,3.2619628
1.4187744,2.1405704,1.7228818,2.2973540,1.9904574,2.6486589,3.0789249,2.6768915
-0.4469503,-0.1097152,-0.3359345,-0.2061440,0.8535012,0.6909932,1.2788297,1.5555619
-0.9782666,-0.6611571,-0.8304774,-0.5501992,-0.0620298,0.0394347,0.1938310,2.0609244
-0.9089759,-1.4912632,-1.3482809,-1.2400747,-2.5018073,-0.4838259,-0.8142444,0.0888514
-1.4233557,-2.1685373,-1.7940592,-2.3777794,-2.5983574,-1.0508139,-1.8494565,-2.4090559
-1.1543972,-0.6761231,-0.3100440,-1.0624536,0.8009098,0.1204454,-0.4988097,-0.2838629
0.5414812,1.1958526,1.7013605,1.2925748,2.4068453,1.7263777,1.5892635,2.0812161
1.6785507,1.5489716,2.3838154,1.7549027,1.6679775,1.7882752,1.3105107,0.5874857
1.4689074,1.4909582,2.0969292,1.1965674,0.9183725,1.1268533,0.3587506,-0.7880663
1.1522696,1.8034978,1.9529251,1.3901727,1.1075445,1.2908847,0.9472293,-0.3660097
-0.6532110,-0.0390552,0.2214871,0.0108825,0.6188176,0.4036501,0.3463322,-0.4837888
-2.5938899,-2.3876706,-2.1432782,-2.1010777,-1.3122960,-1.6591872,-1.8369236,-1.0368258
-1.1795590,-0.8534909,-1.1452384,-1.0135922,-1.2374810,-1.4648499,-1.7431421,-0.7756907
-0.6622708,0.7984104,-0.0498970,0.1361033,-0.5271091,-0.8966315,-0.9979232,0.2520329
-2.2317804,-0.2703157,-1.1388593,-0.7628703,-2.1970537,-1.6625231,-1.4634783,0.0366182
-0.9274266,-0.4132861,-1.0391633,-0.9317335,-2.5149364,-1.3398419,-1.0091309,-1.9424504
1.9898462,1.5558149,0.9124641,0.7401608,0.5384727,0.6162591,1.0940752,-1.2856845
2.7886699,2.3879783,1.8688366,1.8230520,2.1156427,1.5848830,1.8803491,0.4728534
0.7343337,-0.2712130,-0.6465845,-0.7263993,-0.2579802,-0.9687912,-1.1745518,-1.2816713
-0.7331469,-1.7752678,-2.0879340,-2.0882182,-1.3092702,-2.0191817,-1.5282551,-1.2165302
0.9117108,0.1182179,0.4385683,0.4898593,1.0587073,1.3300704,2.6104539,2.0081171
2.3947762,1.5763998,2.4873685,2.3546859,2.8542427,3.4939521,3.8677793,4.3689119
1.4799003,1.4653657,2.0417093,2.1279688,2.2845347,2.0914153,1.7731329,3.2693585
-0.7130005,-0.3851110,-0.0482543,0.1562786,-0.2171664,-0.8594957,-1.0514174,-1.6120011
-1.5823814,-1.6769377,-1.1342840,-1.0666276,-1.8280645,-1.8624839,-1.9839270,-2.5775166
-0.4543071,-0.5288983,-0.1152123,0.5562387,-0.2269208,-0.3447060,-0.0941491,-0.0239025
-0.4973935,-0.4227899,-0.1107046,1.0977077,0.8969810,0.0862723,0.4411383,0.0575104
-2.0292714,-2.0029194,-1.8175196,-1.1644663,-1.2194355,-1.6254689,-1.4205004,-0.6621273
-2.1988231,-2.5640967,-2.7137891,-2.4237205,-3.0578022,-2.8929765,-2.6225431,-2.0281818
-1.5513336,-1.9742386,-2.0809635,-1.7555580,-2.5690559,-2.3626329,-2.3298851,-2.4824786
-0.6243071,-0.0470024,0.1420557,-0.0730639,-0.3133903,-0.8158488,-1.1311148,-0.0349235
1.1672554,2.5184065,2.8125190,2.1204399,2.6854430,1.5332642,1.0835737,1.7869135
1.7446283,2.7374169,2.9298780,2.1249508,2.4809876,2.8790930,2.5343423,1.3412203
0.8534671,1.1145894,1.2702219,0.2994681,-0.2359566,1.4260477,1.4255600,-0.0545381
0.1033303,-0.1559746,-0.0733083,-1.1262942,-1.1293354,-0.5027225,-0.4136764,-0.7676923
-0.1784415,-0.3901434,-0.6718463,-1.5305848,-0.7245316,-0.6486539,-0.8083548,-0.0089124
-0.4716734,-0.3590655,-0.9061958,-1.3027051,-0.8056040,-0.8125047,-1.1056867,0.1009030
-0.9316690,-0.9541953,-1.4736784,-1.5152790,-1.6588546,-1.7750538,-1.9032008,-0.3940710
-1.7833721,-1.8878788,-2.4103560,-2.4461237,-2.7765984,-2.5161374,-2.2313505,-1.9823962
-2.4576987,-2.8942849,-3.3274284,-3.5323569,-3.2700662,-3.4402891,-2.9380749,-4.9917956
0.2550195,-0.7839172,-0.8803157,-1.2334012,-1.1281177,-1.1169145,-0.9251503,-1.7974890
4.0480636,3.7380781,3.5974423,3.3079393,3.1851548,3.9191991,3.5909141,5.0747654
2.6920385,2.9657101,2.6403944,2.5958141,3.5515648,3.4236200,2.8021619,3.7564575
-0.1670387,-0.4160521,-0.3020760,-0.3220667,0.3540927,0.3885810,0.0975002,-0.5272562
0.6285586,0.7677851,1.2965538,1.2019914,0.1868306,1.6286187,1.6050043,1.2046256
0.9264190,2.1003048,2.4365982,2.5175360,1.7878170,2.4135684,2.3004799,2.6362397
-1.0625588,0.5829608,0.4621624,0.7749953,1.9266262,0.7206790,0.9250076,-0.0373739
-1.5882840,-0.8801628,-1.1528231,-0.3846067,1.2242831,-0.3145001,-0.1846849,-1.7449656
-0.2999793,-1.5448101,-1.5690404,-0.5619290,-0.2076428,-0.4729029,-0.5960907,-0.9293512
0.0884268,-1.7244523,-1.5251462,-1.1629606,-1.9596640,-0.4498220,-0.2462991,-0.3199366
-1.8530712,-2.1250457,-1.8072577,-1.9195821,-2.3511282,-1.2403553,-0.8673943,-0.9958310
-3.0172403,-1.7341156,-1.4401523,-1.3454166,-0.5372199,-1.5215616,-1.0799439,-0.4689791
-1.4042940,-0.2946230,-0.1675024,0.0677012,0.9875415,-0.4302484,-0.0121510,0.3262220
0.2860403,0.3361270,0.6428749,0.6846940,0.4216191,0.3529139,0.5167010,-0.0861452
1.9733303,0.8777189,1.5147270,1.2602872,-0.0011787,1.0018437,0.6859024,1.0289759
4.4537784,2.0668849,2.4409347,2.4099096,1.9772885,2.3571347,1.8178277,2.9111282
4.7043221,1.4261612,1.4597418,2.0273839,2.6440288,2.1165945,1.8834485,2.4325641
2.3773425,-1.0314270,-1.2343666,-0.3294546,-0.8391968,-1.4003397,-1.6446241,-0.6147501
1.6770528,-1.0340092,-1.9005786,-0.7464686,-2.1801400,-3.1275844,-3.2139061,-2.2898498
2.6550081,1.1256350,-0.0486838,1.2033580,0.3837329,-0.7078782,-0.4802709,-0.5778035
2.6824135,2.1775085,1.3684033,2.6716055,2.5844396,1.6696210,1.6192576,1.6394493
1.6376645,1.7566751,1.1470814,2.6646306,2.8149345,1.8453095,1.4671071,1.5222414
0.1399205,0.6319629,-0.0089823,1.4880294,1.6755910,0.9482163,0.0762976,0.2565770
-0.3451384,0.1708177,-0.0447235,1.1380066,1.7499210,0.7690903,-0.1034690,0.9068550
-0.0875771,0.2542243,0.7247138,1.3481180,1.3127896,0.7630971,1.0851316,1.4493647
-1.2853172,-0.3755982,0.1651961,0.1201149,-1.3179954,0.1303033,0.9650028,1.3211218
-3.7170478,-2.0345585,-1.7037172,-2.4698943,-3.3875111,-1.5164017,-1.3156554,0.9482399
-4.2749095,-2.7783346,-2.3199998,-3.8500174,-3.1842065,-2.7174821,-2.8273895,-1.5838190
-2.7748676,-1.6318603,-1.0571575,-2.7766587,-1.3563982,-1.4517117,-1.5518268,-3.1704226
-2.1138462,-0.8340167,-0.2972021,-1.8919317,-0.9176608,-0.1684978,-0.1865632,-2.2686252
-1.6921807,0.3465051,0.8280927,-0.8714964,-0.6700820,0.8799790,1.0157676,-0.1359039
-1.5209621,1.3285050,1.5884559,-0.1228081,0.1787345,1.1533338,1.2532623,0.9062385
-2.1340863,0.2105309,0.3006492,-1.4596840,-0.9452014,-0.7711462,-0.5278513,-0.8929859
-1.9737649,-0.2259465,-0.1485128,-1.6315611,-1.1421275,-1.1285972,-0.9058480,-1.4548550
-1.5835721,0.1295184,0.1766908,-0.5312830,-0.2448379,0.0917103,-0.0473023,-0.6210480
-1.0303568,0.0352551,0.1565798,-0.0773196,-0.6453767,0.4871010,0.5134061,-1.3966854
-0.6869629,0.1574670,0.1273095,-0.0887097,-0.7385659,0.1052582,0.3862579,-2.5803439
-1.2482021,-0.3485492,-0.5888878,-1.1445548,-0.8000080,-1.1940049,-1.0753415,-2.7828905
-0.5669738,-0.2495165,-0.2961222,-0.8341556,-0.3098493,-0.9546856,-1.1195465,-1.1916223
0.9787049,1.3963905,1.4866677,1.7333909,1.7100972,1.7576465,1.4563856,1.8763775
1.3324460,2.1481287,2.1075055,2.9576913,2.3549004,3.1570120,3.1457280,3.7186601
1.0558506,0.9231727,0.3520013,1.0636537,0.4457967,0.9443092,1.2317516,2.2162701
0.8626219,-0.5452969,-1.5004446,-1.3880848,-1.1659296,-1.6896017,-1.3490479,-0.4910520
0.7307336,-0.6923751,-1.1753772,-1.2401934,-0.7668397,-1.3770961,-1.0678432,-0.8641012
0.4490536,-0.7686276,-0.7766481,-0.2444012,-0.1640246,-0.5129723,-0.3163296,-0.1454825
0.7938465,-0.6088039,-0.6057282,0.0298165,-0.4964093,-0.2360693,0.0726878,0.1908596
1.6607408,0.6388166,0.3595949,0.2914660,-0.5609141,0.1281090,0.5403877,0.2137432
1.2401734,0.5185114,-0.0152548,0.0641685,-0.1001489,-0.5757010,-0.4218125,-0.0972624
0.4806092,-0.6380521,-1.0146875,0.0299845,0.3253373,-1.0950379,-1.0363806,0.5250627
-0.3137277,-1.7249404,-1.9527276,-0.5471962,-0.3276066,-1.8319804,-1.8355234,-0.1543010
-0.9055831,-2.1714336,-2.1603907,-1.0815478,-1.3772346,-2.5121534,-2.5816547,-1.5000591
0.8251915,-0.1006157,0.4120439,0.7528306,-0.2987279,-0.5407620,-0.3307443,-0.1254570
1.7021852,1.0992639,1.7901062,1.7305232,0.7002503,0.7660506,0.6847037,-0.1977550
-0.4233315,-0.6310004,-0.0680024,0.2901930,-0.1510550,-0.3363372,-0.9240897,-2.0130090
-0.5817006,-0.4533493,-0.0636946,0.2792643,0.9363067,0.2456172,-0.2417206,-1.3030056
1.7170888,1.3542438,1.8225822,1.3932244,2.3248068,2.0460299,1.4409910,1.1220524
3.0079798,1.8187320,2.5878883,1.6838849,0.9818076,2.6343920,1.9758412,3.4135661
2.9062792,2.5905768,2.9654579,2.1198861,0.8884315,2.8691929,2.3242199,3.8820034
2.0580891,2.9809555,2.9974869,2.2788885,2.7934028,2.9339163,2.4195070,3.0114263
1.3795495,1.7458379,2.4002658,1.6872709,3.2199518,2.5486232,2.4193871,2.8661603
0.4470299,0.3284539,1.2107527,0.4936657,1.2621834,1.3158980,1.1295695,1.4900861
-0.7969593,-0.8625903,-0.3526584,-0.7673181,-1.2100616,-0.4582287,-0.6582088,-0.7286104
-2.0823949,-2.3843544,-1.9708680,-1.8439405,-2.5313095,-2.0054802,-1.5145115,-1.3621412
-3.0311258,-3.1857802,-2.9774997,-2.9473642,-2.4375602,-2.5870918,-2.1655792,-1.4774197
-1.6616837,-1.2486048,-1.2739559,-1.4445069,-0.0854725,-0.4713255,-0.5381649,-0.0555994
-0.3787241,0.4495098,0.3169199,0.8056509,1.9802310,1.2872265,1.4733036,1.9476057
-1.5198942,-0.9956599,-1.5271282,-0.5677733,-0.0471811,-0.6514654,0.3275587,-0.0644378
-1.6765195,-2.2655953,-3.0735683,-2.2989676,-2.6972245,-2.5940327,-1.1207665,-3.0082446
0.0483260,-1.5692844,-2.1509577,-1.6323902,-1.3772733,-1.9913417,-1.1182293,-2.1093868
-0.2940777,-1.4471128,-1.9481610,-1.7615137,-0.2917653,-1.9944572,-1.8167454,-1.8753427
-1.5068895,-1.1205990,-1.8784366,-2.0504918,-1.5576100,-2.3954682,-2.3100071,-3.5286857
-0.1437782,1.3891534,0.4472085,0.3659399,-0.3829906,0.0022059,0.0094730,-1.3963762
-0.3291218,0.9137491,-0.1747071,0.3489719,-0.3161673,-0.1002415,-0.0410760,0.0441651
-1.5536956,-1.8357592,-3.0233822,-2.2864822,-3.0583223,-3.5308790,-3.6377073,-2.7984974
0.2907451,0.2180349,-0.9071300,-0.5023599,-1.8556166,-2.1286553,-2.7099549,-2.2712898
1.1459501,2.2444724,1.6138937,1.7814646,0.2600441,1.0984281,0.5380932,0.3818124
0.7206562,1.1295461,1.3552744,1.3581151,0.3658619,1.8400740,1.2759164,0.4020664
1.2748811,1.4311399,1.9463349,1.9111371,1.8790770,2.7767841,1.8391965,0.5445740
0.5888775,1.1284825,1.6521441,1.3688830,1.8630988,2.2754887,1.4178677,0.6395230
0.6736280,0.5272180,1.4875781,0.5907888,1.3061442,1.6785001,1.3612404,1.3402074
1.8817546,1.4559007,2.4888781,1.3948013,2.1490821,2.5683730,2.6646075,3.5557675
1.4026101,1.5980576,2.3621701,1.5304817,1.4985887,2.3128084,2.6608702,3.0868862
0.4048490,1.0701433,1.9058974,1.5495182,1.7284161,1.8758872,2.5073313,0.5205132
-1.5604444,-1.1683341,-0.4900755,-0.3186592,0.5950522,-0.3642215,0.1701116,-1.4968391
-2.4531987,-2.0945702,-1.8150924,-1.6559188,-1.5222797,-2.2151623,-2.2062740,-1.7002553
0.4529097,1.6322682,1.6646890,1.5127896,0.9774931,1.0732595,0.7453370,1.5044205
1.7713516,3.2754186,2.9703617,2.9102425,2.6120897,3.2292619,3.2601619,4.4532254
-0.3734535,0.6544036,0.3083069,0.4923515,0.8981465,1.1994966,1.7623617,2.6231135
-1.7152567,-1.1199325,-1.1981196,-0.7291348,-0.2119281,-0.6709739,-0.5146865,-0.8053487
-1.6828204,-1.1974146,-1.3424567,-0.7713732,-0.9323640,-1.6521615,-2.0531831,-1.4155796
-2.4642273,-2.1580206,-2.4226599,-2.6172994,-2.6518611,-3.0360331,-3.4134678,-2.1581320
-2.5081619,-2.6470283,-2.8320484,-3.6825037,-3.5666229,-3.1800709,-3.3477130,-2.8111372
-0.9462229,-1.6941957,-2.0440934,-2.3757540,-2.9733547,-2.2258880,-2.1543915,-0.9193530
-0.2015153,-1.4697724,-1.7622429,-1.6094547,-2.2695992,-1.9468892,-2.1336624,-0.4741579
1.2900174,0.8805665,1.2061922,1.0679124,1.3580696,1.1282101,0.6045472,1.2530525
3.5890831,4.3198802,4.6417427,4.2989166,4.6063591,4.5467033,4.3801328,4.2320639
3.3213738,3.1586459,2.9858635,2.9219839,2.3370870,2.7752557,3.1147390,2.4186312
2.1028272,1.1480051,1.2522257,1.4197725,1.1621314,1.3004032,1.7820590,0.8506164
1.0548209,0.6847181,1.3248977,1.2547713,1.9178938,1.4150702,1.5169610,0.8345930
-0.5284526,-1.1068935,-0.6480007,-1.0293747,-0.5073072,-0.9902121,-1.7642777,-1.0130412
-0.3188434,-2.0739986,-2.0342575,-2.4660366,-2.3018574,-2.1309531,-3.1225190,-1.8345153
0.4630073,-1.8015805,-1.9265355,-1.8372747,-2.1306805,-1.4202677,-1.6799645,-2.2283431
-0.5555494,-2.0521402,-2.4560157,-1.5417409,-2.5448220,-1.9997696,-1.8082144,-2.9587815
-0.6276696,-1.8530865,-2.1830378,-1.3267550,-1.4373561,-1.9508489,-1.8286158,-2.6165158
0.7332628,-0.7717336,-0.4903843,-0.2555811,0.6912837,-0.4162827,-0.5560857,-0.9750917
1.4163179,0.5337360,0.9103136,1.1932671,1.4612432,1.3747990,1.2055599,1.5807243
0.9292633,0.1111359,-0.0142850,1.0900504,1.3129426,1.8112172,2.0196967,2.7008755
-0.7515922,-1.4806976,-1.8727220,-0.3045077,0.3672789,0.0523401,0.7481296,0.6229352
-1.8534725,-2.2020415,-2.3466187,-1.0544315,-0.7113248,-1.8894590,-0.8407699,-2.6984832
-0.0975855,-0.9106815,-1.0572234,-0.0679912,-0.0823979,-1.6857423,-0.8351985,-2.2928394
2.1089991,1.0022259,0.6629718,1.4053621,0.7330782,-0.3766988,0.1451993,0.4227692
1.4202966,-0.3237007,-0.2955122,0.4783400,0.1495737,-0.5102514,0.0436944,-0.1259235
0.6159029,0.7349931,0.6258285,0.7980181,0.7959702,-0.3475506,0.0664120,0.3155961
2.0237263,5.5704486,4.8021206,3.7347021,2.1210800,1.4337673,1.7066609,3.4665241
2.4971881,4.8926613,4.1555988,3.6794178,1.9484873,2.3610503,2.6892199,3.6922728
1.0070604,1.7124486,1.0168327,1.4583808,0.7952111,1.2810115,1.1051680,1.3573585
-0.6574378,0.4848560,-0.1632234,-0.3173405,-0.8454525,-0.7528770,-1.4882554,-1.1687729
-0.9794967,-0.1049278,-0.1931824,-0.6831559,-0.8357162,-0.5777952,-1.4274808,-1.2340954
-0.3227219,0.6597689,0.9076911,0.4064286,0.3830364,1.5278222,0.7263513,0.5674225
-1.7929133,-0.3734080,-0.0997261,-0.6739367,-0.5718903,0.5369620,0.3943509,-0.3977337
-3.8501583,-2.4255270,-2.1941361,-3.1054385,-2.9831441,-2.3092338,-2.2065331,-1.5920853
-3.4571389,-2.4450030,-2.0017242,-3.5971945,-4.1630853,-2.1439501,-2.5182388,-0.5143327
-2.7013712,-1.9430661,-1.0288275,-2.7336231,-2.5098419,-0.0805712,-0.0297701,0.6476284
-1.5245778,-0.3948500,0.4840211,-0.9316647,0.3263918,1.5735255,1.9691781,1.7840857
0.5637081,1.2980488,1.9049607,0.8743043,1.4436986,2.5437427,2.3104739,1.5973158
-0.0584185,0.4701510,0.7869870,0.0261727,0.4549438,1.2676371,0.9347165,-0.2814792
-1.7267920,-0.8538679,-0.7941338,-1.4948361,-1.1029317,-0.6604747,-0.5454136,-1.1263839
-1.1829190,-0.8787020,-0.5496616,-0.5715907,0.0831442,-0.3434448,0.0874577,-0.0123818
-0.8885096,-1.3860051,-0.8655364,-0.1951782,1.5892895,-0.2995868,0.6163849,0.4830275
-0.7579056,-2.4652017,-2.0542017,-2.0082623,-0.4871521,-1.6192190,-0.5120069,-1.3719332
-0.0920655,-1.8574201,-1.6024841,-2.1223884,-1.2780409,-1.5739299,-0.9388413,-2.7531037
-0.4769671,-0.6393242,-0.5832469,-0.5052096,-0.4673063,-0.6075010,-0.7278356,-2.0966486
-0.7839461,-0.4866390,-0.6333679,-0.1150756,-0.8967958,-0.8260801,-1.4710916,-1.9301797
-0.7901402,0.4906695,0.0555631,0.3306969,0.5491868,-0.7371137,-1.1469114,-0.9783960
0.1924438,2.3199346,2.0092759,2.0568932,2.7422362,1.1391571,0.9652527,1.0108831
1.6920584,2.5528421,2.4924122,2.8708537,2.6041909,2.2182591,1.8943476,1.2574468
0.7785228,0.9975647,0.8609619,1.2466380,1.1703360,1.1152817,1.0766716,0.4329055
0.4332623,-0.0274815,-0.2656454,-0.2188824,0.1170662,-0.0289457,0.3399098,-0.2470633
2.1756910,0.4882208,-0.0332145,0.3082335,-0.1455644,-0.2829766,-0.3573816,-0.0737998
2.2361585,0.5267924,0.1474271,0.6049874,-0.7150425,-0.8417274,-1.6056732,0.3223326
1.7808032,0.3788452,0.3156373,0.6705605,-0.2274466,-1.1044169,-1.6384635,-0.6671562
1.3993025,0.4949879,-0.1084783,0.3488374,0.4916358,-0.9922708,-1.2662737,-1.9964376
0.9405556,0.3244385,-0.4971200,0.2480697,-0.2691419,-0.8796092,-1.2710584,-1.6632626
1.8830931,0.7995435,0.4586938,1.6952544,0.3227150,0.3812492,0.0233976,0.3361797
1.5491116,0.1926762,0.2710273,1.6221641,1.0183521,1.5109912,0.7124425,1.4098970
-0.1763031,-1.2159301,-0.5761347,0.3550658,0.3778530,1.3862723,0.3363275,0.9587811
-0.8946370,-1.1510117,-0.2071816,-0.1110930,0.7043590,0.9787859,0.4039119,0.1736235
-1.2859477,-1.3786085,-0.6931046,-0.6035153,0.9189467,0.8966941,0.7809486,0.4741031
-1.7886421,-0.8053151,-0.6826401,-0.1759286,-0.4862543,0.5075348,0.8745748,1.3109201
-1.1215010,2.1674169,1.9197936,1.4058066,-1.1227218,0.5152358,0.9491483,1.9285214
1.2560580,3.7516042,3.6237795,2.6220147,0.6990870,2.2458729,2.3178580,3.4106424
0.6107978,0.4149632,0.3327397,-0.0758157,0.4955822,0.7692089,0.9654477,1.3808091
-2.9379113,-4.6609179,-4.5248962,-5.3137887,-2.8533644,-3.2591596,-2.6439397,-2.7416562
-1.4170258,-2.6962066,-2.5248210,-3.2531230,-1.7779437,-1.5904310,-0.9652400,-0.4914861
2.1962106,2.5074993,2.0509901,2.4607277,2.5708757,1.9903366,2.4101539,3.0940862
1.7268236,1.4072453,1.0742769,1.7665007,1.8421871,1.3489427,1.8001571,2.0811681
0.5530064,0.7524669,0.7081190,0.5849204,-1.1694546,-0.4778407,-0.2363609,2.1222667
-0.0021199,1.8929601,1.5107046,0.7852152,-1.2602592,-1.4218764,-1.3619461,2.2593575
-0.6448867,-0.9628003,-1.0282967,-1.2091773,-0.6598596,-1.2412861,-0.9877130,-0.7986830
-0.3813399,-2.1286712,-1.8367932,-1.4714468,-1.1654060,-0.4903839,-0.4479003,-2.4942825
0.0046677,-0.6182317,-0.5978644,-0.5880644,-0.6854011,-0.2731545,-0.4615062,-1.7786660
-0.0051747,0.0721390,-0.1783078,-0.8051686,0.8913480,-0.1796071,-0.1966638,-1.3486947
-0.3223180,0.1966969,-0.1421088,-1.3218253,-0.1138636,-0.6855103,-0.4402559,-1.8060030
0.5438225,0.6803716,0.8028516,-0.4209246,-0.1113808,0.2914199,0.5819408,0.0197268
1.4527704,1.7971004,2.4982778,1.7773163,2.3229397,2.4356669,2.6860030,2.9891828
-0.8131331,0.1492881,0.8040350,0.6070643,0.4658588,0.6456203,1.2593433,0.4005980
-1.8743298,-1.4359432,-1.2857613,-0.8574053,-0.9462708,-0.9997476,-0.5220648,-2.0137530
0.3706324,0.3862738,-0.1012119,1.0976690,1.2369337,0.6613543,0.6307569,-0.2793630
0.3961037,-0.1278988,-0.7599567,0.2954947,0.2907488,-0.2660003,-0.3201972,-1.8577849
-0.6722656,-1.8527216,-2.0783614,-1.9566993,-1.7496232,-2.0926489,-2.3262822,-3.8094385
0.4385793,-0.7016745,-0.7701917,-1.2155126,-1.9959491,-1.1470513,-1.4740920,-2.2613803
1.0586515,0.3152505,0.1099467,-0.1327520,-0.8800837,-0.1396627,-0.4031362,-1.0419138
-0.1824052,-0.0977629,-0.1609028,0.2639849,1.0157032,-0.3385646,-0.7155434,0.3236196
-1.0191730,-0.0156507,0.2599251,0.5892672,0.9406675,-0.6257689,-1.0319434,0.5247462
-0.6040307,0.7356128,1.0683479,0.8951280,0.2215730,-0.1957174,-0.5961701,-1.0830892
-0.3984214,0.6460586,0.6417942,0.6187635,-0.4182077,0.1360033,0.1085558,-1.0761835
-1.3818866,-0.4397419,-0.8707103,-0.7094087,-1.3241325,-0.5900801,-0.0509227,-0.7245110
-1.9960672,-1.0773469,-1.5144677,-1.5934037,-1.1513639,-1.2259620,-0.6342402,-1.1730767
-0.8884610,-0.9141418,-0.8726159,-1.2345716,-0.6311654,-0.3912787,-0.1042079,-0.0748502
-0.1695217,-0.6806927,-0.3758419,-0.6444879,-0.2416824,0.4062856,0.5311653,1.6039628
-0.5677154,-0.4827575,-0.4706002,-0.1022814,-0.3799088,0.0357859,0.1813658,2.6585769
0.4044264,-0.1146455,-0.1365757,0.6683918,-0.0000074,0.4432702,0.4940324,2.6519751
0.6168589,-1.1226282,-0.5803876,-0.6618932,-0.1398625,0.0710929,-0.3912483,0.7585913
0.3173204,-0.6784670,0.1028169,-0.8735680,-0.0662505,-0.1160252,-0.8460745,0.5005136
1.9280820,2.4477736,2.7251817,2.1512497,1.9955043,1.7707143,1.7928544,1.7976868
0.6298702,0.9594552,0.7396962,0.5731767,-0.3547103,-0.5486195,-0.2485354,-1.6458225
-1.7266443,-2.5594051,-2.6309672,-2.5025669,-4.1870176,-3.9512135,-4.2719201,-4.3979750
-0.6467159,-1.4796282,-1.0605043,-0.6911620,-1.6608032,-1.6408415,-2.0714075,-2.0166813
-0.8952772,-0.5929125,-0.0070780,-0.1929818,0.5534048,0.2538961,0.1753139,0.0342572
-1.1571033,-0.3136797,-0.0558324,-1.0350743,-0.1240905,0.3101212,0.5100953,1.5273890
1.1064200,1.2255367,1.2858063,0.1750597,0.7170165,1.5385705,1.3700036,2.0065235
3.1565322,2.6977542,2.8809359,2.3484095,2.4176635,3.3097339,2.5898507,2.2762280
4.2915385,4.4982961,4.5808674,4.3511126,4.3338349,5.1254130,5.0052185,5.3916958
2.9830328,3.4886577,3.1716178,3.1902933,4.1682437,3.5947687,4.4597633,4.5196106
0.3695487,0.4017383,-0.0282843,0.6779344,1.3893847,0.0426013,0.6487941,-0.6991358
0.0412578,0.3539309,0.2023020,0.9658012,0.7201018,-0.0762312,-0.1348731,-1.3500881
0.1865340,0.7695774,0.4454050,1.2185087,0.6444814,0.7324502,0.7728866,0.2701260
-0.5823315,-0.8271159,-1.3431803,-0.0980156,-0.7685438,-0.1523203,-0.4339248,0.0261308
-1.5601173,-1.7660530,-2.0801489,-0.9688331,-0.9474359,-0.9629271,-1.7242397,-1.1216648
-1.7927582,-1.0013465,-1.5007391,-1.0634792,-0.4210016,-0.9131692,-1.3456033,-1.9601872
0.4648117,0.6158569,0.2832312,0.0713149,0.4869686,0.4869880,0.0876683,0.0542330
1.5161861,0.5934481,0.8671106,0.4351474,0.1781426,1.0910972,0.4150398,1.1787137
0.4593508,-0.4196150,0.0152376,-0.2791467,-0.8654676,0.2701701,-0.3605335,-0.6256584
0.9698974,0.4027567,0.9303986,0.6429153,0.8943453,0.6470700,0.6113995,0.3740691
1.8433308,0.8528314,1.2950652,1.1488782,1.8065322,0.5860325,1.2697020,0.9335494
2.4182457,0.1206110,0.2797591,0.6892872,1.1780463,-0.3569180,0.1347194,-0.3799048
2.8348041,0.1821308,0.1755130,1.0760934,1.9472990,-0.1268019,0.1382820,0.8799827
1.0525130,-0.5844784,-0.9797428,0.2538421,0.1997343,-1.0410089,-0.6997404,0.3135821
-0.5262103,-1.6650680,-2.3120647,-1.0367871,-2.1893239,-2.6351081,-2.3912341,-2.4912028
-0.6843319,-2.0166362,-2.5260958,-1.4280956,-1.9241721,-2.8314978,-2.2048851,-2.7130534
-0.9466936,-1.5882102,-2.2043593,-0.5775299,-0.5494127,-1.9538117,-1.2207089,-1.7864706
-1.3086521,-0.2262267,-1.1529143,0.7870814,0.4552153,-0.4163087,-0.2526460,-0.4520244
-2.1451302,-0.2625320,-1.1055892,-0.3152263,-1.4122523,-0.6778679,-0.8555677,-1.4807001
-2.2415777,-1.0311803,-1.3543378,-1.5758111,-2.2346739,-1.7285355,-1.9838102,-2.9158841
-1.2131001,-0.0886958,-0.1368399,-0.5257581,-0.4184983,-0.6249603,-0.5841225,0.1871886
-1.7016826,0.7437052,0.7029726,-0.3321435,-1.0301758,0.1317296,0.6073240,2.0675093
-2.8122545,-0.1860122,0.1134227,-1.5966568,-2.0382831,-0.5574820,-0.0924511,-0.2866770
-3.1590666,-1.9316678,-1.2734755,-2.6762527,-2.1955346,-1.1589494,-1.0505970,-1.3985918
-3.7865865,-2.7432778,-2.0075363,-3.1390771,-3.3602519,-2.0046825,-2.0758305,-1.9043947
-3.5175557,-1.5153455,-1.0751020,-2.5309125,-3.1060252,-1.5195568,-1.2520551,-2.1101769
-1.1340163,1.1579351,1.1191933,-0.2772561,0.6270664,1.7982608,1.8986696,1.4164770
0.7360445,2.3723304,2.4856347,1.4532076,3.6318752,3.5806361,2.8645175,3.6238403
0.8885093,1.5298580,2.0676697,0.9836472,2.0261567,2.1811502,1.4511114,1.7534558
1.0551218,1.2326432,1.6774396,0.6970403,0.4772203,1.5985247,1.5317903,1.8936572
1.2307764,1.1527099,1.4367269,0.6895396,1.3094261,1.6303206,1.7781111,1.9734963
0.3628156,-0.1566178,0.3822220,-0.2226149,0.6407080,0.2339581,-0.0316907,-0.9788922
0.1908735,-0.4201017,0.2884928,0.4494125,0.5473520,0.0682442,-0.2951313,-0.3431807
1.0046316,0.0851059,0.6324792,1.3112091,2.0206000,0.9731130,0.8184594,1.8671171
0.2284533,-1.4122195,-0.6632910,-0.4532060,0.2302326,0.0276566,-0.2008039,-0.1733950
-0.6942407,-2.1526683,-0.9517951,-1.1035621,-1.7821149,-0.6230038,-0.4993234,-0.9664353
-0.3593832,-1.2699353,-0.3678347,-0.3888972,-0.9641457,-1.0251101,-0.7747410,-0.3800594
-0.0077733,-0.8630275,-0.6841693,-0.5463456,-0.4045344,-1.7309271,-2.0984062,-1.5778851
1.4595956,1.2712813,1.2240891,1.3448389,1.3481894,0.8269973,0.4177232,0.5697434
3.6118821,4.0935240,3.8962908,4.1194908,3.6554953,4.4394219,4.3813667,5.0747670
3.9400097,3.9046419,3.0380407,3.6858031,2.5512503,4.1310574,4.1404933,3.8709136
1.7840214,0.8282979,-0.3921933,0.4796368,-0.9614132,0.0912241,0.3193162,-1.3524128
-0.2640823,-1.7362723,-2.2978665,-2.0513056,-2.7876955,-3.2561795,-2.7515222,-3.6989173
-0.9122316,-1.4294946,-1.6332814,-2.1025146,-2.1232570,-3.1264979,-2.6275935,-2.3896714
-2.2362272,-1.4631136,-2.1492436,-2.3231375,-2.5088828,-2.8322823,-2.3992580,-2.3256517
-3.4490227,-3.4567322,-4.1698366,-4.0102680,-4.4983463,-3.9517815,-3.9791341,-3.9986877
-0.8268446,-1.5396996,-1.9686596,-1.7879442,-2.4414041,-1.7056619,-2.2007838,-1.6381570
2.6354208,2.8176282,2.3422164,2.9110328,2.5348547,1.9008584,1.7383197,1.7095083
2.9905555,3.3079772,2.8317391,3.3445611,3.2264511,1.5840362,1.4312792,-0.0467050
2.4097015,2.5282695,2.1757190,2.1713635,1.9733307,0.9214335,0.5059001,0.5021633
1.7485828,2.2219009,2.0379405,1.8781044,2.2549903,1.6009002,1.4754746,2.8430877
0.1789573,0.8248276,0.7728717,1.0613356,1.1665218,1.4819377,1.5609633,0.8886119
-0.8731768,-0.0657411,-0.2125631,0.5268463,0.0809520,0.9735769,1.1575386,-0.1920949
-0.9425048,-0.4919916,-0.7246084,-0.1568697,0.3815097,-0.3690381,-0.1808468,0.3419969
-0.8574691,-1.3629248,-1.5286830,-1.0876318,-0.6604425,-2.1555448,-2.1171012,-1.7488005
-0.5312606,-1.5634024,-1.7665110,-1.3279017,-1.6153373,-2.1188140,-2.1107324,-2.9805635
0.4783084,-0.0855366,-0.3332803,-0.2364672,-0.1716647,0.4358266,0.5286680,0.2474485
1.0258395,1.7312644,1.6869477,1.3055853,1.4867958,2.6793704,2.9792613,3.1944288
0.1169827,1.6599568,1.8987532,1.0679396,1.6773910,2.0545124,2.2563891,2.8477285
-0.7679071,0.3181123,0.5760913,-0.4417658,0.4119837,0.2468711,0.0705045,0.9772042
-1.0864385,-0.6746724,-0.4313378,-1.1814486,-0.2768401,-0.0698010,-0.1100049,0.8782306
-0.9906664,-0.8119197,-0.2531802,-0.6200697,0.6248458,0.9621718,1.3776193,1.1478684
-2.3674399,-2.8344229,-1.9311391,-2.2569699,-1.7560060,-0.7270251,-0.5955492,-1.6055811
-2.9492743,-4.1197117,-3.1143945,-3.7597279,-3.2594268,-2.6620794,-3.0879671,-3.5124186
-0.5509126,-1.2622809,-0.4144898,-1.1458869,0.2784101,-0.3827805,-0.7208762,-0.8122744
0.3895346,0.2117374,0.5596865,0.2598699,1.1495266,0.4755488,0.4415927,0.6386245
-0.2718824,-0.4709959,-0.7944895,-0.5160813,-0.1911092,-1.0263639,-0.6973645,0.2762691
0.6658930,0.3106076,-0.3523812,0.2447641,0.2602569,-0.2833606,0.2466368,0.0524513
0.4734945,0.5004416,-0.1008174,0.6157373,0.2924358,0.6495813,1.0997223,0.8877619
0.2292541,0.7589358,0.3503634,0.8643997,0.6882784,0.5025364,0.6814916,1.3915383
-0.5631176,-0.7029137,-0.9554513,-0.4609480,-1.3090716,-2.2213659,-2.3342991,-1.8127177
-2.3851612,-2.8731620,-3.2483788,-2.2863145,-3.6435523,-4.7338204,-4.6033802,-3.8474191
-1.1956655,-1.3223404,-1.7493350,-1.0148797,-1.6161114,-2.3409240,-2.3900622,-1.1342162
0.6053741,0.2157819,0.0300310,0.1667732,-0.6024376,0.2731902,-0.4249316,-0.1840086
0.6624524,0.4218427,0.6912449,0.9770199,-0.1335064,1.4932232,1.0838916,1.7092698
2.2334945,2.1639489,2.9286654,3.5388315,3.2647268,3.6697049,3.7674444,4.9756142
2.8310986,2.8387924,3.4027608,3.6788765,4.0053586,3.5564667,3.6338668,3.3137727
1.4008307,2.0730253,1.9882146,1.8084047,1.8614376,1.7856656,1.7095953,1.7730410
1.3495743,2.1405366,1.9654425,1.8850846,0.4213964,1.5023522,1.1029450,2.0033060
0.3912104,0.6730035,0.8951821,0.7498615,-1.3347376,0.2715128,-0.3559672,-1.0799582
-2.1620729,-2.3276004,-1.7514583,-1.7272722,-1.9835533,-2.0266197,-2.1808582,-3.9773216
-2.4896652,-2.6161744,-1.9840595,-1.6180339,-0.7957402,-1.9870958,-1.6791028,-2.5948091
0.0360318,-0.1160829,0.2583882,-0.0590898,0.0156839,-0.3431382,-0.5183661,-0.4066295
1.1987030,0.4119828,0.7389554,-0.0593245,-0.4590982,-0.4510195,-0.9296725,0.1270872
-1.1234095,-2.0436471,-1.7939212,-2.1590110,-2.3027128,-2.5481488,-2.5506441,-1.3863538
-1.0724920,-1.5072376,-1.7813261,-1.9662186,-1.9321457,-2.0171119,-1.4505862,-1.9928739
1.9666534,1.6643701,1.2891630,1.0834110,1.1370095,1.1074153,1.9997730,-0.0723161
2.5316911,1.8317603,1.6753655,1.8811305,2.0924873,1.5116727,1.9449169,0.2288922
3.3878177,2.2656335,2.0570944,2.4501016,2.4485887,1.8234966,1.5620182,0.2812459
4.0198360,3.1919540,2.8822021,3.1447240,2.0047764,3.2476592,3.0925892,1.7575552
1.7440820,1.2006267,0.7459007,1.1772047,0.4357956,2.2384334,2.7287021,3.0501262
1.2637416,0.5439703,-0.0671390,0.0101621,1.7002003,1.2677567,1.9679895,2.3694890
0.2037457,-0.1555268,-0.7899449,-0.7351773,0.9313271,-0.0861305,-0.1386475,0.9605931
-0.8283260,-1.0171037,-1.2968058,-0.4339380,-0.1625001,-0.6317592,-1.4588538,1.0675696
1.3386535,0.7518838,1.1098511,1.5084165,2.1104776,2.1914140,1.2997488,2.5843989
3.3715214,1.7882287,2.2890982,1.9222333,2.7850300,3.1790875,2.7428867,1.4096448
1.7065024,-0.1508204,0.0233588,0.3280167,1.4005496,0.7847957,0.9523255,2.1719768
1.6184386,0.9181669,1.0880062,1.9002899,2.2796317,1.3488380,1.4838176,3.5546069
2.9803961,3.3909896,3.5801273,4.1000748,3.6628268,3.3645900,2.9835823,3.4150609
1.9303078,2.1508937,1.8253331,1.9076530,1.8403321,2.1595433,1.5152561,1.6088488
-0.8805540,-1.0355135,-1.5644171,-1.5621994,-2.0013433,-1.1590957,-1.1699156,-2.0821522
-2.3429285,-1.7769125,-2.0513788,-2.1576130,-2.4799199,-2.4047463,-1.3688671,-4.1553671
-1.5845106,0.2808380,0.0604676,-1.1196110,-0.3786432,-0.6846163,0.0175968,-4.4102820
-3.4176507,-0.9207356,-1.1156809,-2.7920609,-1.8918708,-1.5421590,-1.7544495,-3.6513252
-6.6149611,-4.7738631,-4.8959083,-5.6581100,-5.1145895,-5.0617129,-5.2136604,-3.4755230
