-1.3793094,-1.3441305,-1.5674645,-1.1777133,-1.1606822,0.2852607,-0.2323770,1.9524328
0.0016605,0.1185573,-0.4491778,0.7092234,1.0027884,1.2862185,0.5337516,0.5533983
-1.3182998,-0.7619804,-1.4872108,-0.1478869,0.2607385,-0.9702881,-1.4319776,-1.0318322
-0.0182125,0.9754942,0.0863692,1.1040093,1.4828363,-0.0945186,0.0799602,-0.4197459
1.5130358,2.6769981,2.4255900,2.9687609,2.9087846,2.4008936,3.5024021,2.9986948
-0.0591183,0.8674930,1.0850761,1.7154240,1.4665735,1.4901117,2.8165831,3.4881609
-0.4724019,0.3505142,0.3278314,1.4985552,2.0072941,0.8990781,1.7294318,2.1250943
1.2035242,1.5205273,1.4047654,2.5058958,3.3088816,1.7982164,2.3768477,1.9376891
0.9972221,0.5880361,0.4635200,0.9940520,1.5888518,0.3630922,0.5693363,-0.0957696
-0.6838029,-0.6074280,-0.6751233,-0.0502062,0.2819224,-0.7875637,-0.9794473,-0.6331393
-0.6699163,-0.2416453,-0.1530823,0.7375077,0.5781274,-0.1973564,0.0105804,-0.6624921
-0.8687312,-0.9208121,-0.8127956,-0.5367400,-1.2541765,-1.1490554,-0.9652650,-2.6940421
-1.1623345,-0.9039672,-0.6675423,-1.4117845,-2.4827087,-1.5970260,-2.3866800,-2.6527711
-0.5782774,0.3696160,0.5932639,-0.5086952,-0.9436943,-0.2498693,-1.3943681,0.0214806
1.1275789,1.9324067,1.5875735,1.4063295,1.8300685,1.6763797,1.1108280,1.8498188
1.5116682,2.1676912,1.4885364,2.1178225,2.0746206,1.7983797,1.8193183,1.3132168
-0.4096983,0.3842192,-0.3430404,-0.6826317,-1.8217328,-0.5519390,-0.6083751,-0.9880625
-0.4969035,-0.5217470,-1.3615872,-2.5060645,-3.8054964,-1.7964880,-2.1282379,-2.7252211
0.2745009,-0.8963044,-1.2870050,-1.5677297,-1.9573534,-1.2398891,-1.2907647,-1.7599022
-0.0310732,-1.7929854,-1.3388891,-1.5851311,-1.2368197,-1.3000486,-1.4880332,-1.1410415
-0.6877097,-2.6420336,-1.7998090,-2.9503346,-2.6283866,-2.3405034,-3.6142118,-1.2913747
-1.1921492,-1.8960276,-1.1377286,-1.9384979,-1.5359139,-1.3212393,-2.4439285,0.9687580
-1.6213138,-0.7725270,-0.2454845,-0.2684006,0.4928765,0.6293955,1.0068082,1.9922048
-0.0211122,0.6802588,0.8418113,1.0965486,2.2321906,2.1000542,2.6951852,1.0514991
1.5926381,2.1672785,1.9178255,2.5933955,3.4441860,3.0793094,2.9580106,1.8864510
0.8937954,2.1603214,1.4754912,2.3871958,2.4192545,1.8362148,1.7511679,1.4458696
-0.0833096,1.1368067,0.4530250,0.7395246,1.6106483,0.1626358,0.4305824,1.1049517
0.7283704,0.7362193,0.4850941,0.4161363,1.8191263,0.1590981,0.6779969,0.4512859
1.3395502,0.0292307,0.0798539,0.4276879,-0.2190713,0.1299295,0.5678839,-0.4146526
1.4384811,0.0585810,0.2303404,0.4785553,-0.3868401,0.6688454,0.7906260,0.7009907
1.0971300,0.3515705,0.6355124,0.0546679,0.7979478,0.7655727,1.0026189,0.7436341
1.1960921,-0.3561582,0.0775505,-0.8078518,-0.7174546,-0.8749464,-0.2808309,-0.8901426
0.3253388,-2.2040981,-1.7757146,-2.1907872,-3.5311525,-3.3349564,-2.8618123,-1.8567107
0.4662002,-1.4070357,-1.2141284,-1.3255742,-3.0457199,-2.4072744,-2.3687832,-0.9586894
3.5515200,1.8947674,2.1065964,2.0187287,1.1393142,1.8732919,1.8408211,1.4705675
4.1288543,1.7269303,2.0183839,2.4837558,2.8997130,2.3192763,2.5279811,0.5944684
1.4548332,-0.6820053,-0.5091287,0.8424558,0.9373064,-0.0988746,0.0267837,-1.5020432
0.3824971,-0.8920331,-0.7831510,0.8343520,0.4677999,-0.3298860,-0.6322873,-1.1867053
-0.3403755,-1.1178200,-1.1188231,-0.0271368,-0.1241536,-1.1851618,-1.7734277,-1.4152667
-1.0355384,-1.3441782,-1.4713541,-0.9717121,-2.0234290,-2.2279321,-2.9195775,-1.6019333
-0.2038413,-0.5107921,-0.6467846,-0.5284770,-1.4377476,-1.2089894,-1.9809166,-0.5477280
1.1333814,0.6957158,0.2608966,0.6116196,1.8883617,0.7112688,0.0866134,1.1802531
0.2866128,0.7694047,0.0431798,1.0532087,2.3785906,0.9638594,0.8193205,2.3493564
-2.5828773,-0.8297847,-1.4556048,-0.7084443,-1.0764245,-1.2599152,-0.9551514,0.5183842
-2.1486208,0.3319869,-0.1561849,-0.2166460,-0.5619224,-0.2931192,0.1130904,0.0968396
-0.5255508,2.3502379,2.2964069,1.5947367,1.8461229,2.9163267,3.2890968,2.6156718
-1.5080628,1.4585605,1.9132589,0.6506832,0.5149653,2.3725252,2.6683069,2.0717663
-2.1492428,0.6721682,1.2405041,-0.0912641,-0.1033330,0.8786061,0.8835580,0.6990240
-2.6266085,-0.0650293,0.3801302,-0.6070595,0.3054769,0.4452433,0.4020264,-0.1009631
-3.7420187,-1.9100204,-1.6620589,-2.3855552,-1.1805371,-0.7445843,-0.3973319,-1.7083924
-3.0260004,-2.0018955,-1.4414778,-2.4522380,-2.1307527,-0.7411878,-0.2462850,-0.8999146
-0.9333229,0.0481723,0.8860863,-0.5671365,-0.6202471,1.1636821,1.3906012,1.6146726
0.5897365,1.6712972,2.0394444,0.8623754,1.4918504,2.0898546,2.1866213,3.0136920
-0.2555839,0.7589436,0.8816574,0.2580987,0.3799602,0.0973080,0.1355128,0.9896244
-2.1040988,-1.2748683,-1.0922753,-1.4859269,-2.1667130,-2.8183061,-3.0216253,-4.4179919
-1.7168010,-1.8768415,-1.6300564,-2.2681325,-2.7510733,-3.1805444,-3.2540557,-5.6533341
0.5084505,0.0276876,0.3857050,-0.2712572,-0.8911985,-0.4204096,0.0309266,-1.7157700
0.4583514,1.2055744,1.0923608,1.3944962,1.0354469,0.7172019,1.1214455,-0.1925613
-0.9005711,-0.0403311,-0.9327052,-0.0848690,0.4455867,-1.0539409,-0.9545922,-1.3590546
0.2004351,0.0659085,-0.9480506,-0.3897761,-0.0682656,-0.7628564,-0.5271100,0.1756779
1.0711920,0.5080429,-0.1642910,0.6796318,0.0525542,0.3643191,0.3407073,1.9415687
0.1322880,-1.0917090,-1.3835613,-0.3325931,-1.3556970,-0.7330525,-1.1331170,-0.2499961
0.3686260,-1.2762257,-1.3094357,-0.7196304,-1.0165867,-0.6591700,-0.7246527,-1.6965141
1.5748464,0.3084004,0.1739758,0.4953756,1.2611390,0.9459200,0.9313679,0.5117717
2.1016694,0.8152844,0.5659618,0.9502046,1.1978494,1.1233838,0.8269788,1.9639395
1.4408013,0.0498128,-0.1385750,0.6794156,0.2885101,0.4414258,0.2129124,1.1680049
0.6437148,-0.6905466,-0.7129060,0.1353248,0.8833684,0.3096326,0.3788951,0.4208794
1.4431587,-0.5813718,-0.2826083,-0.1659460,0.9299169,0.4970259,0.9551104,0.0493307
2.3170600,0.0980093,0.2817004,0.0734653,0.0836373,0.4998109,0.8066043,-0.7859978
0.9219261,0.0512983,-0.0516968,-0.4701524,-0.3647531,0.0551852,-0.2782525,-0.9962564
0.8316387,0.7204181,0.9370727,0.3939723,0.9303508,0.9137173,0.4341703,0.7568184
2.6818115,2.1743019,2.5783544,2.4579262,2.1203314,2.1749922,1.8527666,1.8113462
0.9744357,0.9077044,0.9129043,1.0107098,-0.1570156,0.4609719,0.0429428,0.1856065
-0.7369361,-0.2364554,-0.4708584,-0.2262742,-1.2264391,-0.4095050,-0.7822077,0.4294214
1.7148673,1.2406794,1.1954026,1.5637725,1.6198725,1.5905997,1.4484712,2.1843128
1.3951947,0.4925517,0.5221726,0.7321858,1.3461575,0.6232847,0.7182683,0.1320100
-1.6524196,-0.7615979,-1.0491444,-1.0915192,-0.9906610,-1.5551788,-1.4427792,-2.1305613
-1.8107388,0.3546852,-0.0274467,-0.4692406,-0.3319429,-0.6437585,-0.9339637,-1.0071974
-1.3334420,-0.0393107,-0.1833582,-0.6396979,-0.4234474,-0.3390477,-0.3527113,-0.8070470
-2.0733402,-1.5973960,-1.5618852,-1.7708757,-2.1950385,-1.9071229,-1.2306611,-2.1162037
-1.2619616,-1.1272456,-0.5421265,-0.8095803,-1.2085600,-1.8514729,-1.2951238,-1.5831512
0.4309664,-0.1678305,0.6363485,0.5662922,0.7845756,-0.6210523,-0.4520073,0.5187968
0.4888422,-0.1809510,-0.2159709,0.3711024,0.3945262,-0.4293822,-0.5535985,1.3433643
-0.9798043,-1.1710192,-1.4529272,-0.7874228,-0.7219655,-1.0246151,-1.3091733,0.9267217
-2.9568561,-2.4958838,-2.1877208,-2.6177088,-1.7952913,-2.0046113,-2.2292457,0.3032205
-3.4506072,-1.7276699,-1.3324381,-2.5709070,-2.6712412,-1.8353598,-1.9857605,0.1379046
-1.7029506,0.2842138,0.2525602,-0.2858821,-1.6222419,-0.2336422,-0.3764596,0.4853358
-0.9095207,0.0787695,-0.3204489,-0.0587974,-0.5588412,-0.5307022,-1.0085421,-1.2551531
-0.9786241,-0.8347716,-1.0638286,-1.0769242,-0.7434378,-1.4201753,-2.2523750,-3.3360643
0.2889037,-0.0671003,0.1365838,-0.1895480,0.4282741,0.2101357,-0.1974948,-1.5832181
1.9120350,1.5186412,1.7223752,1.6865582,2.5565334,2.5390983,3.0319083,1.9836288
3.4525030,2.6013371,2.7075957,2.6761393,2.4716497,3.4706955,4.3415916,3.6913134
3.6995481,2.1382989,2.1657704,1.6393241,1.0699103,2.4128342,2.8677708,2.1294920
1.4064400,0.5066462,0.2232802,-0.3622886,0.3310507,0.1712632,-0.2129142,-0.8115974
-0.0032177,0.1713085,-0.0728982,-0.0587917,0.4019845,-0.2119951,-0.9121385,-1.3539786
1.1969442,1.5631465,1.6359073,2.0921895,1.6619585,1.6779065,1.8806285,0.9208883
1.0249776,1.3872128,1.2339023,1.6381450,1.3141873,1.7285459,2.7910395,2.4486928
-0.1558714,0.1934008,-0.4850440,0.0917691,-0.3465428,0.2462046,1.2061835,1.2776027
-0.1405886,0.0383808,-0.4483174,0.6010926,0.0558556,-0.0237202,0.6612628,0.2304517
-0.3909821,-0.2206657,0.0165415,0.5775736,0.5482033,-0.5188205,-0.3223159,-0.5859346
-0.4305604,-0.4063019,-0.0905075,-0.1817521,0.0980163,-1.0607675,-1.4319986,-1.8203081
0.2721399,0.2945584,0.1997887,0.5315904,0.3569381,-0.1740119,-0.5426923,-0.7288960
0.7657729,0.9898220,1.0673295,1.1087438,-0.0050984,0.9379269,0.4907290,1.2773208
0.2056008,0.0037993,0.5012014,-0.0425261,-1.3363029,0.4333679,0.0782466,0.4857255
-1.3830339,-1.3560948,-1.0125583,-1.2309992,-1.2461685,-0.6760123,-0.3343326,-0.6331530
-2.7217715,-1.2576558,-1.3537998,-1.2858104,-0.4931149,-1.1418974,-0.6495713,-0.6709116
-4.1672777,-3.2440397,-3.4251907,-2.9618212,-2.5899962,-3.3919795,-3.5099041,-3.1213337
-3.0294721,-4.3216476,-4.3393247,-4.0344521,-3.4425041,-3.9788684,-4.5233786,-4.3811935
-0.0973648,-0.9357241,-1.0427063,-1.4534438,-0.0410044,-0.1476871,-0.6419825,-0.6390364
0.2784834,1.0983300,0.8948511,0.6974557,2.1185393,2.2813462,2.2373223,1.8325782
0.6039081,1.0045599,0.8910691,1.3072861,2.1283469,2.1966792,2.8299728,2.0779440
1.3326563,0.7156436,0.5435774,1.0266674,1.0005323,1.0031390,1.4192184,1.7992559
0.5626494,-0.4986279,-0.9066542,-0.8745019,-1.4704719,-1.1058309,-1.4652431,-0.2884358
0.1935011,-0.6876988,-1.1108370,-1.4579576,-1.7020532,-1.2698494,-1.4067837,0.0375121
0.1067463,0.1553013,0.1860357,0.1118266,0.0131048,-0.0110774,0.0697624,1.3110054
-0.0336579,0.9707803,1.2797575,1.5147945,1.1078429,0.9801136,0.6952219,0.3565421
0.0619796,1.1288316,1.4075170,1.1982956,0.9608449,1.3330950,1.2029969,0.4754810
-0.2021326,0.0758693,0.5119272,-0.2279157,-0.4147996,0.1824533,0.3966540,0.0716339
0.5678024,0.4015470,1.0573955,0.0445210,-0.2699864,0.0756008,0.0774249,0.3522587
2.1907333,2.0136958,2.6906482,1.5172389,2.0506555,1.8712362,1.7426843,2.0499214
1.6529815,1.4809285,1.9652075,1.1826494,2.4024578,1.8359850,2.0536302,0.4558538
0.7471678,0.9777912,1.2590644,0.9602281,1.4984319,1.2484202,1.5015634,-0.6053087
2.1944522,2.5225677,2.8026262,2.5135782,2.1486452,2.5180469,2.4104202,1.5266727
2.7052081,1.8643709,2.3811854,1.9903531,1.2139313,1.8247417,1.2364040,0.7975909
0.9739406,-0.7956587,-0.1751327,-0.3103420,-0.8683273,-0.8643765,-1.7408757,-1.6700101
0.6307187,-0.8584911,-0.4503608,-0.3824876,-0.6863179,-0.9472191,-1.6484572,0.2630623
1.7579209,0.3542928,0.2090302,0.3196000,0.3203130,-0.0346745,-0.3250402,2.1209190
2.5428012,0.9176894,-0.2026506,0.6516194,1.1113098,-0.4223903,-0.1618422,0.4577035
3.4436226,1.5617065,0.1594304,1.6388231,1.1373345,-0.3301582,-0.1330447,0.1254575
2.3428642,0.4496091,-0.3371122,0.9840359,-0.6770633,-0.8174977,-0.8789737,-0.3674893
-0.1013378,-1.1211533,-1.6918571,-0.4036737,-1.5719261,-1.7330505,-1.3883003,-2.0198493
-0.1249563,-0.6268164,-1.1797920,0.2080861,-0.8216330,-1.1241062,-0.5476094,-1.2138543
-0.4546386,-0.8557189,-1.3049345,0.0011175,-0.8333933,-1.0522406,-0.4831648,-0.3171890
-2.3134380,-1.6939845,-2.3394300,-1.1739784,-0.2676460,-1.5398433,-1.0694132,-1.1056860
-2.7291273,-1.4584238,-2.0570132,-0.8236166,0.1779979,-1.4512847,-1.1918906,-1.5843189
-2.7134121,-1.9647184,-1.9485161,-0.7662431,-1.2042533,-1.7475475,-1.6567666,-1.7609243
-3.3512035,-2.4850696,-1.9338513,-1.5345503,-1.7137864,-1.3282551,-1.2977188,-0.5639820
-3.0166127,-1.2312500,-0.6741802,-1.2238961,-0.1906392,-0.0286163,0.2461168,1.6970780
-1.4134554,0.8242503,1.2363401,0.3736011,1.4775847,1.2789943,1.6119115,1.7666276
-0.9654128,1.4722601,1.7334085,0.8720461,0.8655251,1.9062050,2.0229276,1.0260451
-3.2850927,-0.7299957,-0.6547396,-2.0502828,-1.6821106,-0.1845993,-0.3146708,-0.3375709
-5.1252008,-3.2485137,-3.0510462,-4.3980612,-3.0837799,-2.6926660,-3.1694369,-2.7542042
-2.9391270,-2.6602817,-2.4297805,-2.5879490,-2.4506911,-1.9255714,-2.3099329,-2.3378693
-0.2802224,-1.1592870,-1.1909785,-1.5130154,-1.8458364,-0.5881643,-0.3276375,-0.9915528
-0.1701275,-0.4465908,-0.4836836,-1.7298092,-1.5468399,-0.0470209,0.0553430,-0.7766024
-0.2348039,0.2437645,0.2275785,-0.6434842,-0.7919040,0.1576281,-0.5810066,-0.6391567
-0.2959580,-0.1551457,-0.3335569,-0.9717075,-0.6491504,-1.2080588,-1.8284449,-1.1183781
-0.7463337,-0.5415547,-0.3929554,-1.6496820,-0.4844308,-1.2774398,-1.5160372,-0.0525616
-0.2879415,0.1886035,0.9473704,-0.5948137,-0.2410888,0.5952262,0.3194301,0.1103644
0.8451925,0.9385721,1.7044389,0.6829288,-0.9078443,1.5016085,1.5922276,-1.5422074
2.2294219,2.2283079,2.6344726,2.0193970,0.5526231,2.2108542,2.5315566,-0.0512201
2.4915506,3.0719753,3.1144971,2.3172460,2.9050908,2.3028841,2.2840570,1.7786640
1.3441548,2.0676585,1.7962301,1.5371119,2.2244492,1.3758468,1.3288624,1.4883045
0.9334257,0.7700549,0.5149070,1.3175064,0.7780457,0.8074633,0.8752489,1.2265945
1.2195142,0.7817264,0.5709489,1.4005425,0.7516535,0.7185328,0.5467261,1.2793872
1.0920355,1.7458543,1.5541560,2.0680054,2.1670863,1.8647884,1.8844836,2.2312545
1.0334338,1.9050346,1.8833718,2.7683203,3.1115536,2.6334422,3.4043835,2.9258139
0.8337026,0.5207097,0.4910389,1.6443035,1.0283343,0.9930026,1.8856987,2.2713544
0.1506354,-1.1321554,-1.0590445,-0.2965055,-1.1793254,-1.2690785,-1.1441065,-0.0117799
-0.2010971,-2.2087663,-1.8476764,-1.6874677,-1.1709951,-2.9101246,-3.3583999,-2.6752454
0.2171559,-1.7881089,-1.4324807,-1.4365437,-0.2401258,-2.2474978,-2.6678691,-2.0638034
1.3284080,0.2109981,0.3662316,0.7637128,1.2806498,0.9372424,0.7274918,1.0819384
1.9792505,0.9028379,0.7660117,1.3203371,1.3833999,1.7965598,1.7810161,1.7856396
0.8988100,-0.6639763,-0.9404869,-0.5193281,-0.2613768,-0.1716962,0.0641604,-0.2146600
0.7903109,-0.4522285,-0.6295737,0.2379256,0.7829424,0.5212300,1.1565353,0.7267797
1.7805286,1.4482995,1.1134237,2.4189501,2.9411144,2.2717342,3.0090991,2.6372658
0.6460666,1.0116752,0.5707176,1.3967669,1.5903285,0.8398597,1.1480886,1.1904691
-0.6116293,0.1480146,-0.0596615,-0.2449585,-1.0395133,-0.5198793,-0.6119379,1.1779638
-0.6049235,0.2390876,-0.0697859,-0.8852919,-2.3166853,-0.8621662,-0.8138688,-0.0574885
-0.5696711,-0.5662588,-1.0542187,-1.6417584,-2.2255696,-1.8704525,-1.5856204,-4.2926241
0.3699558,-0.3388126,-0.5575474,-0.9594964,-0.4406362,-1.1980685,-1.5335231,-2.7967657
1.0490841,0.8302874,0.9755577,0.4814553,1.1232198,0.6307040,-0.4312024,0.8260486
-0.0424056,0.8831378,1.1308503,1.1304243,1.0209561,1.2924886,0.4025178,0.7873006
-0.4953734,1.2157464,1.1866693,1.5225173,1.2054117,1.5819720,1.0685833,1.0723155
0.3754284,1.2943217,1.1545264,1.1983670,1.0923631,1.3212599,1.2730117,1.3082892
-0.0510971,0.1790110,0.1462566,-0.0177970,-0.4565933,-0.1675847,0.2155151,0.0478267
-1.5112320,-0.6528101,-0.6789732,-1.3314788,-1.6749460,-1.6406180,-1.6664388,-1.4085327
-2.0157090,-1.5241080,-1.2640916,-2.3261294,-2.2071277,-2.2314703,-2.6267922,-1.9861979
-2.2630399,-2.5195440,-2.1766764,-2.7883566,-2.2741404,-2.4776062,-2.5474342,-2.0991402
-2.2311174,-2.0906807,-2.0753061,-2.5260957,-2.0605924,-2.6137790,-2.6889326,-3.0280695
-0.8284545,-0.3358566,-0.2860223,-1.0250571,-1.7927457,-1.4969237,-1.9129975,-2.9178883
0.7378109,1.0687404,1.4109540,0.8408889,-0.0165393,0.8469349,0.1336015,-1.3894481
1.0279919,0.6295914,1.1844135,0.8395378,1.3606123,1.4622076,0.6466528,-0.5152922
1.0893126,-0.2256855,0.3363793,0.2406499,0.5032187,0.6444000,0.5762180,0.5519486
0.8558672,-0.3147792,-0.0197831,0.4839612,0.1296752,0.6531125,1.1869727,1.6954352
-0.2147021,-0.7669662,-0.7735632,-0.0388480,-0.3330174,0.0529104,0.2929650,0.9999293
0.2902778,-0.2805045,-0.3348189,-0.3063784,-0.9083916,-0.0760813,0.0793453,0.4792441
1.1313022,0.8430183,0.9709756,0.4763010,0.1744449,0.8827596,1.1215023,1.0507270
-0.7055336,-0.2689686,-0.3642421,-0.3146680,-0.7795751,-0.9336807,-0.7359333,0.3432270
-2.8032450,-2.2310129,-2.5444045,-2.0808037,-2.7809903,-3.5310744,-3.4274974,-1.6281394
-2.8476552,-1.8325988,-1.7942615,-1.3314983,-0.9089030,-1.8331869,-1.8366019,-1.4772117
-0.3342290,1.4355647,1.2633439,1.8906823,2.4134647,2.3273762,2.7332156,1.8326680
2.2477989,3.5421230,2.9485098,3.4307176,3.4123926,3.7471381,4.5545752,3.0769852
0.7057504,1.4343116,1.0235817,1.4770966,1.6593678,1.5568454,2.2321461,0.7588148
-1.1588293,-0.7885132,-1.1838654,-0.5593595,-0.3581981,-0.0702257,0.5496203,-0.3517105
0.4669194,-0.6465857,-1.1953998,-0.7670856,-0.2818086,0.2336025,1.0263861,0.7466163
1.5478844,-0.4487294,-1.1457976,-0.7196175,-0.1657550,-0.4690542,0.2959986,1.1667126
0.8245962,-1.0674724,-1.7616524,-1.2850458,-0.9031061,-1.9658604,-1.3603297,-0.3615191
-0.8751105,-2.4726906,-2.7528650,-2.7141903,-1.6659322,-2.6900462,-2.5101650,-1.7937591
-1.5672833,-1.6465575,-1.6312181,-2.0661455,-1.3240503,-1.3120151,-2.1537982,-0.0799411
0.1328695,1.2877263,1.3675683,0.9057102,0.4019144,1.2308679,0.1861853,2.3907496
-0.5512950,0.3334202,0.6084312,0.3099696,0.2320676,0.2324587,0.2580983,0.0423809
-2.3987479,-1.7681474,-1.2516450,-1.6126684,-0.9557464,-1.8299502,-1.3222356,-2.9077148
-1.1832829,-0.4436315,0.1275924,-0.2322430,0.0920109,-0.3557278,0.1029956,-1.0569257
-0.5149057,-0.0330632,0.5775523,0.3548145,0.7612172,0.6157599,1.1811558,-0.1369117
-1.2757385,-1.3479367,-0.5303971,-0.9546494,-0.7217234,-0.4747620,-0.3931163,-1.9022909
-0.8224427,-1.0112282,-0.1514100,-0.6437095,-0.7038234,0.0914445,-0.4600683,-1.3129293
-0.6181197,-0.3571745,0.1838725,0.2398543,1.0929416,1.1436916,0.5593763,0.1357167
-1.0093678,-0.3736532,0.0757403,0.3205957,1.6231129,1.3489884,0.8105247,0.9246706
0.6532115,1.0130989,1.8491691,1.4263972,2.4641200,3.1019125,2.4726700,3.3696472
2.7779833,2.8116388,3.5942192,2.8396754,3.5592925,4.2073256,3.6389067,4.2429971
2.0814244,2.4311696,2.5654547,2.6006797,1.9501106,1.8369594,1.4062363,1.6124145
0.6466431,1.1571549,0.8483070,1.5326830,-0.1114969,-0.4045064,-0.9591744,0.5852177
1.9419094,1.9047125,1.3406390,1.4949654,0.4885545,0.5183832,-0.0090991,1.7592868
3.2112062,2.3592078,1.5994860,1.1788280,0.5627048,0.6612205,0.7842141,0.8430115
2.4339827,1.5539042,0.9328878,0.6275680,-0.8420714,-1.0137668,-0.9119078,-1.2045428
1.8310915,1.7920316,1.4890332,1.3397453,-1.0968033,-1.1530197,-1.7740306,-2.2903746
1.3808240,0.9872771,0.7074569,0.7149242,-1.1625503,-1.1126238,-1.5511052,-2.4892047
2.7274630,1.0899464,0.5217050,0.9695361,0.2895630,0.0013378,-0.0814872,0.0375013
4.9491717,3.3727426,2.6234433,3.4828978,2.5251520,2.1818827,2.0287359,2.7762358
5.0745689,3.7809893,3.0484410,3.8754565,2.9969434,2.5286240,2.6944349,3.1726692
3.7115492,1.8136509,1.0813158,1.6284884,2.1724206,1.0324280,1.3837238,2.3799089
1.4234759,-1.2600409,-1.7949597,-1.0596051,-0.3287815,-1.8693554,-1.7557451,-0.6884788
0.3044763,-2.6681395,-2.5635985,-1.1311376,-1.2252698,-2.5715205,-2.5046997,-2.3551621
-0.3245770,-2.1683625,-1.6912925,-0.1187613,-0.1489123,-1.1215697,-1.0496754,-1.3164185
-1.9365520,-2.3243802,-2.0647758,-1.2936769,-0.4806904,-0.9915825,-1.0483070,-1.9631820
-2.0314279,-2.2875965,-2.2640811,-1.9521809,-0.2982106,-0.5084573,-0.6342226,-1.7616566
-1.5257120,-1.8901030,-2.0572446,-1.2793070,0.3691520,0.3715222,0.1372193,-0.3088576
-2.5229210,-1.8515964,-1.9297170,-1.0160286,0.0271281,0.3692484,-0.1302896,-0.3040451
-3.6247804,-1.1588135,-0.9619390,-0.9992498,-0.7414686,0.4676942,0.3005223,0.2148182
-4.7084798,-1.4990873,-1.3481445,-2.2905163,-2.5867765,-0.5910766,0.3769095,0.3347410
-6.0663913,-3.6281006,-3.3293804,-4.4411256,-3.7650740,-2.8015999,-1.4180187,-0.2037237
-5.4426418,-3.7690931,-3.2522989,-4.3662761,-3.1740215,-3.4395798,-2.6419850,-0.9089142
-3.4866289,-2.3498771,-2.0256050,-3.0239823,-2.6884535,-2.8879732,-2.4566129,-3.0171728
-2.6567660,-1.3192746,-1.2139452,-2.3383302,-1.8141458,-1.6571575,-1.1726127,-2.8967826
-2.5570129,0.0684149,-0.0708455,-1.4890748,-0.7933145,-0.2902770,0.3403814,-0.2570024
-1.8739117,1.1087626,0.6871595,-0.2022892,-0.4092345,0.0998492,0.7861151,1.0263399
-0.4772365,1.3055706,1.1526103,0.5139649,-0.2929929,0.7719717,0.9766889,0.8694248
0.0849744,0.6198197,1.0494300,-0.0165869,-0.4333590,1.1365409,0.6092116,-0.2972225
0.0684621,0.0870088,0.4001621,0.0649199,0.5385440,0.9223543,0.4350137,-0.3511294
1.5143505,0.8846570,0.8384101,1.3164770,1.4942047,1.3703395,1.4014159,1.5341747
2.4061873,1.5397666,1.5214311,1.6928296,0.9195691,1.3709285,1.3581508,1.4330352
1.0001757,1.1027037,1.2060675,1.3385747,0.4819130,0.7936823,0.2835791,0.0535624
0.2258541,0.5549228,0.9304689,0.9194858,-0.4998507,0.4916952,-0.0732516,0.7184803
0.9935639,1.0902544,1.4630643,0.9106780,-0.7327488,0.7317189,0.4869571,1.2600440
1.8172360,2.3183086,2.4324494,1.8414373,1.5403659,1.4231729,1.1334630,0.8747408
1.6345893,2.0165897,2.2375000,1.7584236,2.0260689,1.0337149,0.8753396,0.4288575
0.0672725,-0.0763522,0.3423124,0.1131645,0.2407692,-0.2549919,-0.1195139,-0.7576119
-0.3497686,-0.8228184,-0.5011368,-0.3326544,-0.2195144,-0.4149235,-0.6626368,-1.1405883
0.3147040,-0.0127000,-0.0037273,0.1953177,-0.5118006,-0.4326464,-0.7383310,-1.4699667
1.1300127,1.2338375,1.0153514,0.9703961,-0.3284121,-0.0356363,0.2898452,-1.3149069
2.5981595,2.4673103,2.2390155,1.6929733,1.1639106,1.0010117,1.4278788,-0.0016357
1.6581135,0.5964637,0.6002932,-0.2088940,0.3496710,-0.9855776,-1.0225174,-1.7394238
0.5710628,-1.2823725,-1.1663223,-1.4438846,-0.4078257,-2.6721406,-3.0538190,-1.9058683
1.7292823,-0.0314043,-0.2418616,0.0928660,0.7741266,-1.0889581,-1.4730073,1.0616618
1.3245094,0.1673696,-0.3631003,0.2504897,-0.1193766,-0.4245364,-0.8150608,0.0433890
1.0193194,0.5869030,-0.0872187,0.9608086,0.3311157,0.7012294,0.4361936,-0.0652926
1.5426325,1.9104597,1.3689995,2.7350309,2.7803505,2.7195248,2.8804092,2.9533998
-0.0691002,0.2479241,0.0613086,1.1278481,1.6868215,1.9576938,2.0793109,2.6044516
-1.6377551,-2.2431110,-2.2973132,-1.4673939,-0.7412200,-0.1777477,-0.2242361,-0.2056564
-1.7096089,-3.0208013,-2.9904765,-2.0439941,-1.3906132,-1.4206969,-1.1895256,-1.8832939
-1.3584349,-2.3447300,-2.2468814,-1.3796559,-0.5002483,-0.7284481,-0.2052321,-0.6212855
-0.2714679,-0.6321376,-0.5990701,-0.1910708,0.0797154,0.9038862,1.4925241,1.7378246
0.7557827,0.1655587,0.1748436,-0.0344262,-0.7171628,0.8583911,1.0096261,1.8802207
0.5025902,-0.1253652,-0.1849785,-0.4124267,-0.0094816,0.3873055,-0.0078806,0.9799573
-0.6366810,-0.8530184,-0.7288157,-0.6867086,1.0641479,0.3447270,-0.0322963,0.6858304
-1.9532409,-1.9908813,-1.3429002,-1.6700307,-0.2555276,-0.4538138,-0.6980838,0.9822975
-2.4887939,-2.1825456,-1.3990793,-1.9652127,-1.4372432,-1.1782157,-1.2024552,0.2070555
-1.4740728,-1.1812935,-0.6091528,-1.0480155,-0.9849340,-1.0168705,-0.4074015,-1.0194513
-0.4584226,-0.7547692,-0.2216392,-0.9798433,-1.2841962,-1.0075754,-0.2949894,-0.8566368
-0.0381499,-0.4651728,-0.2033479,-1.1271627,-1.8981442,-1.0817224,-1.3853461,-1.1883534
0.9019093,1.0684130,0.7289459,0.5378236,-0.4927575,-0.3789979,-1.5178591,-1.8008026
0.7671912,1.7561497,1.2354212,1.7594809,1.1912997,-0.1092926,-0.7648602,-1.2945263
-0.1231189,1.4480237,1.2872805,1.4597642,1.7195216,0.4752136,0.5270795,0.5038985
0.0300768,1.5437497,1.5843690,0.9773397,1.3710941,1.6671032,1.5986781,2.0334773
0.3690498,1.2874847,0.9710470,0.6559727,0.3924287,1.0849744,1.1197270,0.5311057
1.0196770,1.1291217,0.6705654,0.9995094,-0.2306819,0.0285243,0.3343494,-0.8606713
0.6024019,0.2072665,-0.0306954,-0.2181238,-0.5335121,-0.6386573,-0.6960914,-0.8699852
-0.6480803,-1.0809739,-1.6265158,-2.1201454,-0.8485931,-1.3313201,-1.3991648,-1.6814804
1.5675038,1.2391389,0.4343549,0.8684624,0.7242224,0.9328826,1.1669885,0.9119635
3.5259006,3.4804633,2.9741374,3.9611821,2.1327153,2.5938516,2.8948711,3.1920993
1.4454102,1.2289455,0.8881987,1.1294595,-0.0996598,-0.3186930,0.2335917,-0.4317314
0.2873068,0.0244438,-0.3105391,-0.7144449,-0.8916784,-1.0989750,-0.2849475,-1.4718074
1.1502244,1.8189235,1.5049393,1.5330680,0.9975302,0.9913537,1.5109198,0.3827198
2.2030625,3.3367817,3.0387134,3.4752762,2.3609011,1.9631292,1.6334683,0.5659042
1.3374407,1.7769309,1.7736442,1.8691830,2.1042582,1.0315130,0.3344337,0.4623535
-1.2414277,-1.8873787,-1.4549705,-2.0761169,-0.7922598,-1.3772400,-1.9285492,-0.8897438
-1.4008075,-1.9484477,-1.5524389,-2.3228829,-1.4252807,-1.0210217,-1.4674332,-0.6668737
-1.5267039,-1.2946224,-0.8247191,-0.9745540,-0.4974046,0.1371401,0.0887859,0.9940265
-2.7919312,-2.7969248,-1.6314018,-1.7735931,-1.1438398,-0.3749102,-0.2533178,0.6725160
-2.8716536,-2.8095273,-1.6706052,-2.1097592,-1.0241416,-0.7884675,-0.8199954,-0.9597399
-2.6571371,-2.3733804,-2.0267576,-2.0191978,-2.0277763,-1.9779985,-2.0196243,-2.0833263
-0.6959441,-0.4964716,-0.5043456,-0.2562441,-1.0896117,-0.4521731,-0.3973842,0.7047767
1.2373076,1.8412283,1.7455416,2.2082399,2.6686451,2.4993540,2.8156922,3.1199047
-0.3553238,-0.0278959,-0.1068434,1.1056511,1.7645397,0.6677036,0.8439399,0.3558825
-2.4425221,-2.3354625,-2.3068808,-1.0063741,-1.6364897,-2.0989701,-2.2468775,-2.0397863
-1.2963795,-0.9466561,-1.2604762,-0.4870091,-1.1513624,-1.3415070,-1.2717488,-1.8569234
1.5753269,1.5425616,0.8775991,1.3427468,1.3002463,0.6048526,0.8643435,-0.6990827
1.3568275,1.3417992,1.1046901,1.4609555,1.0491106,0.5586918,0.5859640,0.1958643
-1.3098137,-1.3467492,-1.1842678,-0.9092138,-1.0655789,-1.8055356,-2.0859917,-1.5249723
-2.1791992,-2.6141284,-2.6681255,-2.5170528,-2.0529426,-2.9763496,-3.1012186,-2.7791502
-1.5320335,-1.5667222,-1.6284022,-1.6135337,-1.4842582,-1.2731339,-0.8629966,-0.9869282
-0.3825130,0.0506289,0.2718427,-0.3050967,0.1801671,0.7255592,1.1567130,0.7355717
0.5522224,0.9208787,1.1703857,-0.1431966,0.5911019,1.1795625,1.1284516,1.0916906
0.5419686,0.3850060,0.6228116,-0.7069831,-0.4083360,0.4896876,0.4265879,0.7083882
0.7625910,0.1496662,0.4931856,-0.3744100,-0.0500638,0.8336861,1.0752131,1.7061211
1.5248963,1.3539935,1.6848665,1.2114136,1.2718063,3.0026990,3.0291029,3.8903967
1.4028960,1.3910833,1.7247863,1.1928127,1.1211788,3.0233030,2.6894896,2.3611754
0.6504567,0.1204156,0.5056232,-0.1467567,0.0872588,0.8023996,0.5896740,-0.6975939
1.1835584,0.7895728,0.9842246,0.4898271,0.5973566,1.0442261,1.1018599,0.3029686
0.7957949,0.8820997,0.7161926,0.1681435,0.0838463,0.6851166,0.6075925,0.3732457
-1.4892817,-1.2210590,-1.4236036,-1.8957812,-2.4897249,-2.4021145,-2.9705462,-2.8710340
-0.9186308,-0.5337485,-0.3223534,-0.3118001,-1.6682304,-1.9318282,-2.7014614,-1.5894612
2.2726071,2.4917386,2.8855045,2.9736492,1.8624870,1.5504030,1.2385110,2.5002131
4.4311851,4.0718835,4.1277568,3.9351355,3.2268102,3.1725445,3.4392730,3.2621133
4.6962810,3.6467898,3.4513021,3.5271182,2.9547019,3.0138851,3.2939427,2.9181091
3.0313205,1.4821505,1.2408094,1.7432232,1.9137958,1.2044103,1.1443610,1.5125651
1.6745101,-0.0577957,-0.6214572,-0.0470936,0.3996636,-1.0301486,-1.0366569,-0.5661452
1.4347845,-0.5197043,-1.2859652,-0.6831550,-0.4047176,-1.8959359,-1.5402876,-1.1922001
0.4477233,-2.0461701,-2.4947907,-1.7622564,-1.3712331,-2.4173529,-2.0250079,-1.7760995
0.2642739,-2.6519053,-3.0407408,-2.1083352,-1.6381946,-2.6898725,-2.5467907,-2.0221201
1.2067068,-1.2571409,-1.8713371,-0.9943463,-0.5259141,-2.3044344,-2.2977150,-1.4467957
0.8975886,-0.1678469,-0.8567606,0.2159282,-0.0416652,-1.3418244,-1.1847827,-0.6248099
0.6706629,0.8722767,-0.1087581,1.4909954,0.9418159,0.5757000,0.8557063,1.1931655
-0.3806715,0.3184220,-0.7393991,0.7670619,0.8147617,0.2304888,0.3180458,1.3344397
-2.9465555,-1.9784763,-2.4740881,-1.0908205,-1.2726007,-2.1019176,-2.2029274,-1.6101356
-2.1555083,-1.0866740,-1.1202729,0.3848359,-0.0277740,-0.6304163,-0.7256735,-1.6261541
-1.1770548,-0.1883839,0.0801883,0.6796734,0.0900643,0.6729216,0.5422162,0.1892607
-4.4750639,-3.0279958,-2.3503509,-3.1717705,-3.7422515,-2.3036827,-2.5217974,-2.0426076
-6.3619062,-4.2063663,-3.3200897,-4.4352276,-3.9532543,-3.4864528,-3.5951697,-3.4196603
-4.0163865,-1.4677495,-0.3598928,-0.9954596,-0.5582725,-0.2356608,-0.0089212,0.3587551
-1.4826257,1.7152924,3.0057270,2.5025374,2.5181548,3.2334572,3.5397231,4.0257861
-0.9954468,2.3827044,3.1970585,1.9505328,3.0465961,3.0658233,2.6967674,2.6022613
-0.2422334,1.7036545,2.0511790,-0.1363889,1.4202552,1.8417084,1.1481059,0.0351460
0.0860540,0.8111740,1.2792028,-0.7538141,-0.3942423,1.6154181,1.6774173,-0.1444025
-1.2592322,-0.0277069,0.4324482,-0.8621608,-0.9247919,1.0942386,1.4607284,0.2789874
-1.3323236,0.3008179,0.2835307,-0.4602308,0.3435435,0.9288820,0.9342010,0.6239652
-0.0302588,0.4151271,-0.2878374,-0.4631929,-0.1326831,0.6503506,0.5792490,0.3668879
0.4941106,-0.2413407,-1.0660839,-0.8666401,-1.1255839,0.1589948,0.2484890,-0.0380660
-0.6115597,-1.1789273,-1.5373356,-1.3759551,-0.8969820,-0.8625821,-0.6150836,-1.5017758
-0.7666521,-0.8078654,-1.1188815,-1.1167352,-0.9051070,-1.2355480,-1.0648594,-2.1203384
1.0982007,1.6675453,1.1219110,1.1382893,0.8367312,1.1958816,1.1958171,0.1668796
1.4945567,2.4446675,1.8436096,2.2434112,2.3957258,2.4115558,2.1319774,0.1559028
0.0089664,0.0517002,-0.5545818,0.4688877,0.2012048,-0.5549426,-1.1075679,-2.4795235
-0.8170153,-1.8093663,-2.1920028,-1.3907941,-2.5797511,-3.0434388,-3.2941558,-3.3546293
0.0928062,-0.6913346,-0.6561380,-0.7521957,-1.2525719,-1.5856176,-1.3162144,-1.5865147
0.4920489,0.4585507,0.5936298,0.3155173,0.8298446,-0.4357060,0.0885571,-0.6447483
0.3212198,0.6727840,0.5045149,0.3125575,0.6004791,-0.6364523,-0.2437758,-0.9597267
1.0466187,1.1065322,1.0549699,0.8923999,0.9155563,0.4580394,0.6001206,0.6604599
1.0790302,0.1645234,0.9581997,0.8425393,0.7438985,0.9837362,1.2463450,1.5854286
0.9877817,-0.9457525,0.3012426,-0.3192398,-0.7824801,0.5558111,0.7340030,0.7043506
2.0292154,-0.2107486,0.7660380,0.1786990,-0.7969602,0.5637721,0.2950697,1.0688141
3.0529813,1.0765239,1.8181381,2.2649978,1.0015332,0.8493988,0.4615633,2.2025820
2.1978344,0.1111205,0.6846295,1.3823902,0.7174262,-0.2594942,-0.4294326,0.8546034
0.5669738,-2.1198427,-1.9113769,-1.6428941,-1.6710046,-2.2066719,-2.0443251,-1.5213483
0.3605646,-2.1044842,-2.3042004,-1.8604963,-1.7257149,-2.1828766,-2.0664681,-1.1095704
0.6582538,-0.5355159,-0.8155719,-0.3665701,-0.4421915,-1.1033106,-1.3789744,0.2934986
0.3375579,0.3030298,0.2921630,-0.0184458,-0.6539789,-0.8059054,-0.9910508,1.0936099
-0.5784864,-0.0089714,0.0807745,-0.7479499,-1.3756982,-0.8556785,-1.0134953,0.7828383
0.3113576,1.0021591,1.0180557,0.5580228,0.5892274,0.9679390,0.3653534,1.0291677
1.2606241,2.2834362,2.1741253,2.1809851,2.6524136,2.3004775,1.9794017,2.4207965
-0.9858424,0.6116728,0.1920445,0.1241925,0.2182382,-0.0916709,0.4129564,0.6701418
-1.4448511,-0.3082264,-0.6127875,-0.5760818,-0.6699644,-0.5430621,0.0701455,-0.4144385
0.0490934,0.6476470,0.8064414,1.1797801,2.1374639,1.9899623,2.2201683,1.8033171
-0.6463520,0.2956521,0.4624203,0.9837204,2.3868476,2.0316367,1.8736513,2.0558226
-1.4789846,-0.7968773,-0.7459638,-0.2512322,0.2432850,0.1358856,-0.2832438,0.2195688
-0.9991776,-0.9574866,-0.9645735,-0.8145786,-0.5810375,-0.5665301,-0.8026194,-0.6274096
-0.1711219,-0.2166061,-0.6169001,-0.5021948,0.1577189,0.2426253,0.2443655,0.0732695
-0.3688320,-0.4546877,-1.1149106,-0.7823890,0.1399897,0.3027873,0.4916963,0.1671915
-0.8815827,-1.1359082,-1.5394189,-1.3466114,-0.2104759,-0.4398747,0.0253410,-0.3376521
0.2671054,-0.0783206,-0.1406876,-0.1184476,0.5564701,0.2801627,0.8262819,0.4836565
0.7395004,0.3790381,0.5057525,0.1038755,0.1044894,0.6058258,1.1595259,0.5581550
-0.2485016,-0.3699061,-0.4054757,-1.2334645,-1.4699641,-0.8089029,-0.8775602,-1.2357292
-0.5994267,0.4613119,-0.0336586,-0.4959647,-1.3037662,-1.0743455,-1.9788225,-2.3543311
-0.8272055,0.9401065,0.4783207,0.6887655,-0.3418730,-0.4207330,-0.8148049,-1.6833740
-0.1972591,0.3878107,0.2996359,0.6714994,0.2033551,-0.3028465,-0.0039167,-0.8758777
0.9159703,0.9135846,0.7298366,0.8406034,0.4807212,0.1365811,0.4860138,-1.1205334
0.2371934,0.7722444,0.3914852,0.5063314,-0.1236489,0.0575734,0.7747244,-0.8082859
-0.2403615,-0.2139563,-0.6265380,-0.3547960,-1.1232325,-0.9905041,-0.6642624,-0.5133855
0.6933619,-0.2554819,-0.5971970,-0.6783224,-1.4919325,-1.3771025,-2.0109356,-1.8470718
0.9204827,0.2865471,0.4387889,-0.4526923,-0.7462149,-0.4717382,-1.0356949,-2.3035854
-0.4915322,-0.1739042,0.4446550,-0.7173184,-0.1383748,-0.0211955,-0.3805785,-1.7184930
-1.6783854,-1.0668314,-0.5042762,-0.5557759,-0.1348649,0.0094663,-0.2894680,-1.0094237
-0.1540867,0.6274154,0.9916889,1.9292686,1.5654899,2.2843459,2.4037798,1.8319161
2.0717350,2.6683737,3.2681588,3.6693367,3.5257402,4.4662001,4.7000084,4.8756959
1.5577244,1.3654214,2.1831266,2.0918792,1.6471294,2.6073803,2.3335483,3.2462968
0.5004452,0.4717975,0.4906515,0.6433659,-0.5324828,0.2036093,-0.7579669,0.5191197
1.4073195,1.7727648,0.9655645,1.0108433,0.8506640,0.1400790,-0.8400995,1.1838693
2.2188543,1.4870375,0.9160344,0.8964111,1.5952255,0.1392980,0.2791478,1.5987798
1.0889643,-0.3600543,-0.5127336,-0.2179741,0.2363301,-0.2336017,0.9586125,1.2818342
-0.2971021,-1.0091495,-1.0574199,-0.5071329,-0.4039914,-0.1450114,0.7929599,1.5378002
-0.4934039,-1.3718749,-1.4693528,-0.6073431,-0.6093886,-0.6266723,-0.2108387,0.4672582
-0.8453361,-2.6103982,-2.8037285,-2.1851261,-1.2932657,-1.9146808,-1.5291130,-0.9572372
-1.2630363,-2.3973479,-2.5216448,-2.6400011,-1.5753099,-2.2827153,-2.1711977,-0.5311840
-1.9924029,-1.8393592,-1.8471103,-1.9636702,-2.2933991,-2.6489530,-2.5803269,-1.1053030
-2.8454786,-2.5961493,-2.3380340,-2.3239479,-2.8612686,-3.0301219,-2.3550501,-2.7646427
-1.9810392,-2.1164074,-1.3257923,-2.0481343,-1.3336458,-1.4777069,-0.7851955,-0.9918448
-1.3125382,-0.8144701,0.0458038,-1.1149135,-0.2846657,-0.1107253,0.2247336,0.1709806
-1.4129586,0.0130718,0.5052454,0.0421261,-0.4941749,0.3277053,0.5012085,-1.3356971
-0.8151867,0.4916747,0.8631397,1.1719331,0.2103617,0.5153552,0.0113211,-1.8575321
-0.2632669,0.1562043,0.4612856,0.9321505,0.9794995,0.0488432,-0.9426910,-2.2503653
-0.6584796,-0.9258310,-0.6386630,-0.0404173,0.4191608,-0.2875787,-1.0849849,-1.7429638
-1.4848520,-1.4712765,-1.2961972,-0.2687105,-0.0787812,-0.3662037,-0.8623648,-1.2185390
-0.5599671,0.1770345,-0.2247326,0.7915416,0.7852902,0.1329045,-0.1510139,-2.1328833
1.3903341,2.0022559,1.3568126,1.4084199,1.1008569,0.9406951,0.7004799,-1.2300953
1.4415216,1.9257010,1.7318659,1.1030318,1.0864605,1.6192686,1.5532997,0.6769020
0.5132519,1.6651428,1.6311394,1.5628655,2.3525925,2.3688685,2.3409570,1.7713874
0.7381357,1.2027002,0.8291635,1.2633167,1.9017234,1.5700229,1.1672684,3.2402123
1.3401189,0.1598503,-0.4991185,-0.6431753,-0.7028522,-0.2488714,-0.7570748,2.8428321
1.6488092,0.8027258,0.2129262,-0.8603587,-0.5955167,0.2985747,0.0648603,1.5995887
1.7229304,1.9534448,1.8039501,0.4480599,1.1659615,1.5324067,1.5996201,2.4665438
0.6737170,1.0800456,0.9893220,0.1299106,0.4330692,0.7134118,0.8322690,2.7699408
-0.1518531,0.4766305,0.1174958,-0.1851207,0.2243577,0.6368025,0.4362708,2.4906198
0.8922633,1.5316567,1.4803382,1.0460913,1.7009410,1.9927393,1.5512041,2.5913851
1.6365385,1.9079456,2.2266535,1.1399893,0.8601393,2.0018937,1.5571526,0.7447884
0.7399627,0.7990405,1.1130593,-0.0944504,-0.7386541,0.5462692,0.2212581,-1.4640291
-0.4432001,-0.6490376,-0.3960208,-0.8945210,-1.3124567,-1.3163054,-1.3929911,-1.8882412
-1.3760794,-1.6631949,-1.5555140,-1.5356651,-2.5576933,-2.5359160,-2.1872384,-2.0121476
-1.6034381,-1.5646956,-1.3326433,-1.6381699,-2.2255268,-1.6603880,-0.6718066,-0.9809844
-0.1083529,-0.6109793,0.0387973,-0.6409722,-0.3043070,-0.0493095,1.0195630,0.4317176
2.2300375,-0.0139917,0.7165159,0.2945014,0.0406914,0.1157696,0.7263203,0.2863403
2.5940288,-0.2520000,0.0115704,0.2748174,-0.5464078,-0.9313750,-0.2162835,0.4705017
1.4003171,-0.3464909,-0.6452757,0.3196791,-0.3710199,-1.4181496,-0.6313119,0.5187227
1.8011700,0.4793232,0.3113915,1.6060564,0.9748501,0.0111274,0.1835635,0.6023660
1.6595031,-0.2704180,-0.0314399,1.5727667,0.8785391,-0.0417173,-0.2682640,-0.5241555
0.5876414,-1.3775373,-1.2987653,0.7769284,0.5637658,-1.0887828,-1.2358595,-2.0351052
1.9043237,0.2408840,0.0544363,2.0985135,2.7189534,0.5238828,0.3021334,0.3609108
3.1210261,1.6263638,1.3614550,2.7495297,3.5099969,1.8191325,1.5284476,1.9097037
2.8266666,2.1314166,1.5835439,2.5607817,3.0979092,2.2361245,2.0698153,0.9932326
1.3421226,1.4491156,0.4372472,1.8805025,1.5127444,0.9654186,0.5318132,-0.2822528
-1.9342433,-1.4180398,-2.5258921,-0.9278274,-2.5294899,-2.8567602,-3.4532012,-3.5729928
-3.4759929,-1.8125057,-2.5296369,-1.9483283,-2.8652250,-2.7428206,-2.9922797,-3.6936859
-2.7890119,-0.1281226,-0.5636407,-0.7698941,-0.3355966,0.0896390,-0.1305208,-0.6393337
-2.6236354,-0.7443590,-1.0677387,-1.4931370,-1.0967033,-0.3723181,-0.6140485,-0.6490420
-3.5701568,-2.6628528,-2.6299609,-3.2605754,-2.9966843,-1.9040978,-1.6879681,-1.9846063
-4.6433332,-3.5186193,-2.7549960,-3.6857021,-3.2140573,-1.9927561,-1.7280653,-1.9250130
-3.0367808,-1.6397892,-0.2352083,-1.5709313,-1.2935740,-0.0989310,-0.2428197,0.0149799
-1.0569077,0.8922370,1.9720961,1.0009661,1.0626909,2.1878854,2.2350875,1.8108035
-3.2791776,-0.2859446,-0.1464040,-0.7902336,-0.6470552,0.4907219,0.9737138,-0.2889137
-5.3491324,-2.4141354,-2.5384241,-3.4557427,-3.4873686,-2.4244801,-2.1761037,-3.2185275
-3.2473059,-1.4962334,-1.1827936,-1.7348930,-1.7342565,-1.4305952,-1.5919625,-2.0825647
-1.0528597,-0.0010201,0.4952935,0.0782560,1.1304930,0.5494568,0.9419005,0.5894024
-0.8130301,0.2823976,0.5227923,-0.3619070,1.2885103,0.4959552,1.4708029,0.5831116
-0.9864444,-0.0887527,-0.1606183,-0.8972604,-0.3117391,-0.8137351,-0.3609808,-1.0069309
-0.0003327,0.4912012,0.3274856,-0.1975859,-1.2055244,-0.4912538,-0.5843309,-0.0544018
1.8986755,2.0391536,2.0754325,1.2643683,0.0328706,1.5899226,1.0028315,2.2154955
1.8588204,1.3715479,1.4294078,0.5723471,0.6012642,1.1968847,0.4151062,1.0134091
1.4547675,0.4184680,0.2455514,-0.4207467,0.6655452,0.2086814,0.4226027,-0.3159113
2.8411224,1.8308636,1.4599474,1.0717463,2.1116207,1.4143733,2.2843041,1.9837249
3.5854618,2.9175886,2.4545517,2.3201726,2.3625920,2.2009279,2.5205061,3.3331289
3.3004248,2.7223230,2.4731448,1.8976275,1.3361374,1.8140742,1.6191485,1.7992536
3.1406335,2.8824735,2.6012350,1.7345018,1.7643411,1.8524456,1.5610307,0.8974524
2.3762794,2.9611208,2.3111386,2.3329469,2.7034746,2.1301084,1.9911454,2.4352478
1.3672091,1.5660931,1.1380195,2.0380215,2.0800058,0.9724223,1.4175441,3.0629975
0.7897804,-0.6097329,-0.5244445,0.2849852,0.4320414,-0.8263567,-0.0697043,0.4167605
-0.5923900,-2.8490747,-2.4613683,-2.1563347,-2.1297800,-2.2114944,-2.1472442,-2.3181026
-1.6364491,-3.8137671,-3.0474131,-3.1205808,-3.8361642,-3.0145260,-3.7530893,-2.9392501
-0.3058941,-2.1497125,-1.2960456,-1.4903271,-2.2878674,-1.7765952,-2.7020990,-1.5642624
2.6644804,0.8392368,1.4732389,1.3451435,1.0103281,1.6250025,0.7987036,1.6625939
2.9056887,1.1982708,1.8069215,1.6999127,1.7193621,2.1074355,1.4008211,2.1955249
-0.5539508,-1.5500094,-1.2448122,-1.1849077,-1.0499247,-1.5472582,-2.1761651,-1.3038575
-1.2871417,-1.9852898,-2.2728428,-1.5680248,-2.0449096,-2.6314795,-3.0049764,-2.6984257
0.4578678,-0.5635071,-1.1642910,-0.1483187,-1.6020975,-1.1557249,-1.1040981,-1.2439678
0.2663276,-0.5883135,-1.1140010,-0.2681503,-1.9124970,-0.6189788,-0.4286863,-0.0472731
0.4490790,0.2669879,0.0681593,1.2219750,0.8113170,0.6342874,0.7625254,1.9062100
0.5026493,0.7400933,0.4911831,2.0277268,2.6585432,0.9139741,0.9139686,2.2021414
-1.7043608,-0.7439611,-0.9802384,0.2522187,0.4560781,-0.2971252,-0.4466152,-0.7599215
-2.3531716,-0.3554410,-0.0991386,0.2065622,0.5437896,1.0216335,1.3905566,-1.0396014
-0.7813489,1.0982373,1.1952570,1.1051471,1.9104851,2.6175468,3.6966067,0.9347982
-0.5745254,0.4094770,-0.0246193,0.4320641,0.7131501,0.9061334,1.9109755,-0.6649675
-0.3684900,0.2208742,-0.1707177,0.2417384,0.2764311,-0.3061514,0.3719973,-1.7155141
1.3403658,1.8391633,1.5676353,1.2077241,1.3366207,0.9956846,1.2093893,0.8935257
1.2529831,1.7725951,1.2695810,0.6801940,0.9814309,0.9567554,0.6611356,0.9006287
-1.2768280,-0.7492768,-1.4302184,-1.9041664,-1.4998536,-1.5625157,-1.7591778,-2.0697562
-1.6292733,-1.6241635,-1.9891105,-3.0489617,-3.1634862,-2.0645977,-2.1305207,-1.6362235
0.3839787,0.4664972,0.5331926,-0.7861845,-1.1933949,0.4556577,-0.0116684,2.1987169
0.0165658,1.6359399,1.8319492,1.3500983,1.6885555,1.5813152,0.8029176,3.7519776
-1.1365930,0.9631240,1.2516553,1.0695554,2.4009528,1.1945352,0.7823515,1.8599435
-0.1651309,0.1485457,0.4092994,-0.1196912,1.5421917,1.0348830,1.1586172,0.4362556
0.0008895,-1.1039634,-1.0027602,-1.4048682,-0.1192127,-0.0300359,0.0864734,-0.2096807
-0.9403779,-2.1011835,-1.8361235,-1.8002433,-1.6745398,-1.5085984,-1.4243654,-1.6398084
0.0400890,-1.2048816,-0.7980999,-0.5901432,-1.5047185,-1.3823877,-1.0114456,-1.5686731
0.8613046,-0.0620296,0.1538783,0.3367571,-0.2455736,-0.8092024,-0.3380600,-0.4532020
-0.6406789,-0.8138304,-0.5566200,-0.3975469,-0.1021064,-1.5734580,-1.4957979,-1.2196748
-0.5036369,-0.5450222,-0.1063396,-0.0084846,0.2091565,-0.6084667,-1.1959480,-0.8186508
0.9031006,1.4491394,1.7102634,1.7869150,1.5911330,2.0028919,1.2448967,1.2478997
0.1528676,1.1575586,1.1805857,1.0648843,0.9709449,1.4240295,0.9628216,0.1924850
-0.8481525,-0.6691470,-0.6508269,-0.8835848,-1.6721792,-0.9797247,-1.2739543,-1.0710196
-1.9631270,-2.1684592,-2.1042707,-1.9628106,-3.4988211,-2.5534981,-2.8480864,-1.6554673
-2.7037699,-2.8933077,-2.8102226,-2.2966487,-2.7629702,-3.3205345,-3.5572997,-4.1433040
-1.4706504,-2.3094868,-2.2926992,-1.5043539,-0.5980986,-2.7347211,-2.5844744,-4.3597026
-1.0993468,-2.3886058,-2.4356811,-1.4490128,-0.5240693,-2.1361605,-1.7203882,-2.7147325
-0.6487192,-1.5487962,-1.5175766,-1.2110529,-1.3364557,-1.0442682,-0.8190192,-0.7469746
1.3358247,1.0197730,0.9830419,0.1845453,-0.4146784,0.9608424,1.2822651,1.9003424
2.4648369,2.2592618,2.3320270,1.3545019,1.5281533,2.3095606,2.8303022,2.6264202
3.3382987,3.1731186,3.5650059,3.0710467,3.6664997,3.8330496,3.9585227,2.7100679
2.6080837,2.7513909,2.7408859,2.7764962,2.9544559,3.1452214,3.1597432,2.1717758
0.3381919,0.3418425,-0.1063294,0.0370024,-0.4496987,0.0045397,0.2591576,0.8999377
0.0633193,-0.5724494,-0.7126648,-1.1462821,-2.0788027,-1.2655625,-1.4311801,0.2315454
0.0284126,-0.2474644,-0.1162498,-0.6730514,-1.6421289,-0.8276230,-1.3061438,-0.2234872
-0.2186635,1.2067709,1.4477688,1.1596778,0.0847370,1.0056389,0.9712872,1.7017905
0.8402219,3.4358152,3.7362413,3.1563640,2.5299982,2.8795107,3.6006588,4.3825264
0.0487670,2.0004402,2.0706610,1.5333876,1.7402172,0.6369388,1.7761314,1.9654223
-1.9994871,-1.3841445,-1.4867223,-1.4959530,-1.2126186,-2.1329965,-1.5215090,-2.1445738
-1.7459278,-1.8468225,-2.0241573,-1.6239282,-1.2809800,-1.3254709,-1.4845906,-2.4000675
-1.3147479,-1.7025978,-1.9731384,-1.2012178,-1.0276960,-1.2623253,-1.8010685,-2.2604875
-1.5473846,-1.7377832,-1.8104721,-1.2509575,-1.5770060,-1.8249013,-2.4718199,-2.6769776
-0.2893827,-0.3532010,-0.2504674,0.1440113,0.5320464,0.2719909,0.1165793,-0.4008967
0.9949252,0.6211086,0.7427293,1.6795567,2.6796072,2.4065139,2.7087230,2.0132536
0.9931244,1.2392045,1.5607088,2.3226299,2.9351302,3.1481190,3.2234878,2.0949448
-0.1661452,0.8762259,1.0254236,1.1923563,1.6362886,2.0955847,2.3500970,1.1309986
-0.6311301,-0.0871821,-0.5336664,-0.2961022,0.3225578,0.5365208,1.1580606,1.6107671
-0.1836489,-0.1492083,-1.0053664,-0.6762052,0.0194862,-0.5827261,-0.4659447,1.5219314
-0.6200572,-0.3740555,-1.4720797,-1.0073975,-1.7667062,-2.1661036,-2.2365410,-0.9348814
-0.1361345,0.2904969,-0.6065026,-0.2007781,-1.6511947,-1.1192377,-0.9225067,-0.7056289
0.6891671,0.8537388,0.4170275,0.2179415,0.8171322,0.7831059,0.4691156,1.2027427
0.1658714,-0.4688356,-0.5586573,-1.1804625,-0.6055942,-0.5732978,-1.2816805,-0.0861729
0.9465776,-0.1193175,0.3466665,-0.6552358,-1.8601146,-0.5528101,-0.8011915,-0.4880739
2.1937821,1.5607732,2.2085127,0.9039140,-0.1208105,1.1454770,0.9769278,0.8539445
1.9258109,1.0842465,1.6405293,0.1985976,0.1274671,0.8623845,0.1734445,0.7423591
2.5018492,0.5429949,1.3239670,-0.0375566,0.7617880,1.0019264,0.4820949,0.3284551
3.4314810,1.1731071,1.8162541,1.3924287,2.1937051,1.4630792,1.3291915,-0.1636606
2.3029116,0.6332984,0.9355074,1.1956468,1.0744631,0.0357544,-0.5462467,-1.1437864
1.3323850,-0.7910967,-0.7196199,-0.2006646,-0.3373974,-1.3788082,-2.0917188,-1.8206447
1.9157118,-0.8879607,-1.2866188,0.3859325,0.1608970,-0.8554114,-0.7315227,-0.9185672
2.5062255,0.9522572,0.3652260,2.6650733,1.8941206,1.0339303,1.6574637,1.5435023
2.0187988,1.4347887,1.0723603,2.6361265,2.9516958,1.1172727,1.2878604,1.6117639
-0.0953554,-1.0941920,-1.3447875,-0.2319711,1.1211845,-1.4057701,-1.5093969,-1.3429231
-0.6045727,-0.9872714,-1.1633502,0.0725617,0.3255622,-0.8669687,-0.6249046,-0.5323291
0.3505872,1.6219032,1.3493737,2.5341906,1.6604646,1.8541023,2.2933989,2.7594161
-1.4111753,0.4081925,0.1454123,0.6583499,-0.4664270,0.2141544,0.5345478,0.7204543
-2.4023766,-1.8441126,-1.5620120,-2.2930013,-3.7556276,-2.3065009,-2.1800321,-2.5196295
-1.6795165,-1.9085934,-1.3761839,-2.6903699,-3.3546286,-1.7583830,-1.5192848,-1.7664994
-3.8484090,-2.8130802,-2.5916330,-3.2444194,-2.4795989,-1.8935091,-1.4125978,-1.9163011
-5.0619103,-2.4879885,-2.5546593,-2.7635302,-2.4320683,-1.6762232,-1.1391927,-1.7328902
-3.1565302,-0.1834293,-0.1835780,-1.0268073,-1.1600108,0.1732441,0.5387099,0.6705438
-2.1745618,0.2610210,0.5471674,-0.7948666,-0.0061849,0.4208114,0.0636645,0.7180107
-2.1666341,-0.4148030,-0.2664923,-1.2450254,-0.8567306,-0.3570700,-1.3167025,-1.2794965
-2.1918926,-0.3166305,-0.4289619,-0.7159187,-1.3228462,0.0177216,-0.5618451,-1.3138390
-2.0791714,0.0523783,0.1008149,-0.0796796,-0.1720128,0.3150895,0.6169597,0.7466315
-0.8316657,0.9428330,1.1331690,0.1602722,0.8647058,0.7477846,1.4532356,2.6697065
0.7522866,1.8655884,1.9842023,0.7772460,1.5904632,1.8511243,2.1715310,2.5621946
0.9542126,1.1293350,1.1702898,0.7228142,0.8037925,0.9158060,0.8163078,0.6455232
-0.1899347,-0.2697732,-0.3885739,-0.1706497,-0.5176478,-1.0204108,-1.0879953,-1.4603829
-1.2157917,-1.2092055,-1.4546823,-1.0355297,-0.8825256,-1.5195165,-1.4513142,-2.8332185
-1.7811099,-2.0494629,-2.0956519,-1.9830625,-1.8689559,-1.9560937,-1.7906176,-2.5382693
-0.3617666,-0.3756781,-0.2870036,-0.4316316,-0.6397363,-0.5325622,-0.4829247,0.1978251
1.5930111,1.4586300,1.1480573,1.1599920,1.2145315,0.8037539,0.3827117,0.6397721
0.3781887,-0.2111262,-0.8402621,-0.7017878,-0.1692956,-0.9612651,-1.5900921,-1.7528186
0.4402386,-0.0173903,-0.2316036,-0.2181961,0.1576633,0.0899144,-0.4873596,-0.3697192
3.0067183,2.0890872,2.5106151,2.5260950,2.8599038,2.9934401,2.5564274,2.3538408
2.9962190,1.4197268,1.9796717,2.3412035,2.9625577,2.6419215,2.3825673,1.8632567
1.6423733,0.0052436,0.3906632,0.6952419,0.7325005,1.2704306,0.8555315,-0.2685655
0.6403636,-1.5327430,-1.1137572,-1.2555692,-1.1677635,-0.6643266,-0.7676942,-2.4253597
0.4428583,-1.4599866,-1.1609155,-1.4182857,-0.8065670,-1.1183113,-0.6735232,-1.2541651
1.4486005,1.5395847,1.3544011,1.2179195,1.5807284,1.3611325,1.6911262,2.0349193
1.3755639,1.8224021,1.4703625,1.5520653,1.9595865,1.4435202,1.7584941,2.3026652
0.3262946,-0.6732086,-0.8280503,-0.4725069,-0.2704788,-0.8701477,-0.3693031,0.2339445
0.3309974,-0.8119319,-0.7544841,-0.2652291,-0.7245325,-1.1443701,-0.5882275,-0.9774143
1.6857524,1.1107980,1.0619256,1.6396500,1.0065687,0.1207015,0.5782083,-0.1877699
2.7382582,2.3059136,2.0867708,2.5722275,2.2031321,1.4727697,1.2776087,1.6458591
1.6330318,1.2530131,1.4198748,1.3535183,1.4906649,1.3648149,0.5202356,1.8643189
-0.5766232,-1.0607302,-0.7313765,-0.8509485,-0.7310936,-0.9393331,-1.4147101,0.5039983
-1.4580395,-1.9577277,-1.9447456,-1.5075568,-2.2870731,-2.1990691,-1.7867743,-0.2391280
-1.1696079,-1.7224591,-1.8133758,-1.6581852,-3.0674469,-1.9837550,-1.0480423,-0.7481116
-1.1962990,-1.8353146,-2.0003987,-2.2740387,-3.2910569,-2.1769007,-1.1685805,-1.3676126
-0.5992826,-0.9238722,-1.0683743,-1.0776873,-1.4411451,-1.1490179,-0.6238049,-0.1793441
-0.7188898,-0.1410142,-0.1371323,-0.3070402,-0.6623305,-0.5767946,-0.7922120,0.0500752
-1.4609884,0.1035681,0.2878394,-0.2039968,-0.2843526,0.0408353,-0.3932166,-0.4701508
-0.5532524,1.0257950,1.4859490,1.1123209,1.7060261,2.1593437,1.7270020,0.7197068
-0.3419214,1.1630934,1.2654607,0.8628941,0.9490449,1.7971144,1.4140726,0.4271946
-1.4582960,0.4600621,-0.0977559,-0.5130524,-1.5066109,-0.5402087,-0.5175918,-1.7240593
-0.8491575,0.5568810,0.2002563,-0.2198383,-0.9006302,-0.5097667,-0.5689471,-0.8253700
0.4467358,1.5254869,1.2786304,0.7765762,1.0843078,1.1692520,0.8127486,1.4942878
-0.5162507,1.1411769,0.6880464,0.4451426,1.4832356,1.2158205,1.1591110,0.2194324
-1.9272257,-0.9115795,-0.6162942,-0.4765943,1.2329543,0.0345231,0.0023600,-0.7620871
-0.9291568,-1.0038688,-0.1630634,0.3929477,1.7208875,0.2895214,0.2845180,1.3233705
0.3921334,-0.1390502,0.2598944,1.0305429,1.3680715,0.7331087,1.0384733,1.3649508
-0.3211066,-1.4623959,-1.4456539,-1.1113505,-1.5471037,-1.0718114,-0.9373789,-1.4403292
-0.4759165,-1.1570172,-1.4673957,-1.6553674,-2.3582174,-1.4503793,-1.4517565,-1.0581135
1.0219275,1.3243475,0.9149834,0.7935124,0.6956384,0.7714088,0.5148029,1.4871703
1.4459109,1.1610233,0.9274072,1.3236808,1.3785808,0.8137299,0.0646063,1.2229310
0.3089040,-1.1381527,-1.5019463,-0.7181426,-1.1605890,-1.6475748,-2.2789861,-0.8978352
-0.3962978,-1.9167565,-2.2737013,-1.9250252,-2.4098704,-2.4866574,-2.6789961,-1.3210337
-0.6954301,-1.0637087,-1.1581455,-1.2838368,-1.5094010,-1.4830527,-1.2302019,-0.0755654
-0.0165415,0.2700380,0.3866451,0.7120643,0.3116555,0.2318144,1.0367572,1.5976217
-0.2553112,-0.2903731,-0.0676721,0.5566090,-0.4618969,0.2892783,1.2659359,0.2365670
-0.9655816,-0.5755909,-0.3652299,-0.0425974,-0.3272292,0.4953183,0.9945601,-1.1891240
0.2021230,0.9153621,1.1428937,0.7659099,2.2520656,1.5700245,1.4798009,-0.5721455
0.9397966,0.7097909,1.1259892,0.0958979,1.6441259,0.7577716,0.6020478,-0.7032995
0.7725733,0.1403134,0.9005371,0.0073365,-0.0402250,0.4029444,0.1658222,-0.1539560
-0.3629361,-0.6495160,0.2156957,-0.3949660,-1.0117053,-0.2255764,-0.7013934,-1.1158446
-0.9050301,-1.4080631,-0.8266743,-1.0688515,-0.5101597,-0.6635669,-1.2202782,-2.7050566
2.2532196,1.8188162,1.9317398,2.1911747,3.5718594,3.7545803,3.2330926,2.4449056
3.1300928,3.3253001,2.9019151,3.4209473,4.3295221,4.8774443,4.7841689,4.6003642
1.6649499,1.6885801,1.0554679,1.8601813,2.0075971,1.1473719,1.3117714,0.6598938
1.9672209,1.5830399,0.8004898,1.4952145,1.0644019,-0.2458681,-0.1283338,-0.3429970
0.9983917,0.5959193,-0.3847870,0.0034753,-0.6498175,-1.4936192,-1.1567180,-1.5160121
-0.1957474,-0.5673044,-1.3156812,-0.8576284,-1.5385737,-2.3494272,-2.1853640,-2.5638145
-0.5721732,-0.5341184,-1.1061379,-0.7501804,-1.2146612,-2.0401800,-2.2038115,-1.5158738
-0.3277176,-0.4096443,-1.0263086,-0.7637657,-0.9928618,-1.7995481,-1.8653001,-1.0199249
-0.0857253,-0.3185023,-0.7196890,-0.3537314,-0.7896237,-0.8450174,-1.1251546,0.3815261
-0.4828551,-0.2810042,-0.2517701,-0.3273220,-0.7078534,0.2775923,-0.2389696,1.7856553
0.0417060,-0.2969352,0.0771191,-0.8857438,-0.9334969,0.0021186,-0.3277591,0.2336347
0.4871166,0.2181876,0.7908317,-0.6114898,-0.6349162,-0.0659013,-0.1018360,-0.2901337
0.8564997,1.6388039,2.4234716,1.7534165,1.1496587,2.2777255,2.4546565,3.2089709
0.4269654,1.1566993,2.1037612,2.1934540,1.4327939,2.7754209,2.7057863,4.2739430
-0.7288044,-0.2900703,0.6219617,0.4138316,0.5810867,0.8353535,0.5821575,0.9010584
-0.3834394,-0.0848090,0.5808254,0.5367171,1.1333409,0.4304681,0.7021478,-0.2543848
-0.7766133,-0.2315196,-0.1072283,0.6132632,0.8480650,0.1899508,0.8586050,0.1074904
-0.8344045,0.1139525,-0.3404345,0.6986774,0.5671449,0.0871039,0.4061261,-1.9355389
-0.7664306,-0.8962510,-1.3059143,-0.3220938,-0.3284022,-0.8753505,-0.8245948,-2.8317375
-2.3470233,-3.4362548,-3.6782064,-2.7374914,-2.6005547,-3.1085775,-2.6652271,-1.9002032
-0.2983943,-0.9465055,-1.5575470,-0.3096790,-0.5109375,-0.7209634,0.1153417,0.9522247
1.4571498,1.2548563,0.5839597,2.0383105,1.5192665,1.7682323,2.4171056,3.2365716
0.7608601,0.3608491,0.1200458,0.9835347,0.3250102,1.0529561,1.5579732,3.3167367
0.7772237,-0.0927438,-0.1655174,-0.3294981,-1.2828320,-0.9031774,-0.4655102,0.2017881
1.3717583,0.1360237,0.0803281,-0.2263185,-1.2996843,-1.6041747,-1.5398465,-0.7924687
0.9829015,-0.1345315,-0.4772091,-0.1629004,-0.8110360,-1.7049576,-1.8809321,0.2233685
0.2017677,-0.4301333,-1.2051750,-0.9289452,-0.7540060,-1.6582204,-1.6919717,0.4774371
0.0838916,-0.5935803,-1.2917124,-1.9617255,-1.5127820,-1.3248716,-1.4851746,-0.2195199
0.4868902,-0.7006138,-0.6036968,-2.0709735,-1.9615594,-0.9667355,-1.2840930,-1.2389186
-0.1845313,-1.0744627,-0.3486595,-1.7762862,-1.6100933,-0.7009187,-0.7185982,-0.7737808
-2.1256100,-1.4295736,-1.0929918,-2.0826992,-1.4809084,-0.8989519,-0.8441739,-1.2268638
-2.0704847,0.2790856,0.1095716,-0.4656479,0.4290119,0.7417847,0.5994676,-1.6602205
