2.5068359,1.4567808,2.1252127,-0.0634144,0.3211497,2.1687690,2.3110229,2.4960459
0.6422612,-1.5569483,-0.4041985,-2.6471494,-1.9668450,0.1023743,-0.1455934,1.6556328
1.3819203,-0.5497563,0.3450901,-1.5376414,-1.0049196,0.7168554,0.1559281,-0.3636397
0.3941698,0.7194020,0.9171391,-0.0325576,0.0121549,0.9813313,0.6744637,-0.6080505
0.1872971,1.9199656,1.5494125,2.1154496,2.2374251,1.8770712,1.8393266,1.6552040
0.5630145,2.2047132,1.7802346,3.4833230,6.1509696,2.9854138,3.0968387,3.1555434
-1.2961043,-0.0958470,-0.5840066,2.1251862,5.7912659,1.1119247,1.8141556,0.9372339
-0.8738582,0.1327009,-0.4786573,3.3482686,5.3365226,0.2962557,1.5659369,-0.6268067
0.0563980,1.1116498,0.6145043,4.8801421,5.3422633,0.1904743,1.2965811,-1.0511227
-0.3136297,0.9278761,0.3741667,4.0114357,3.5352669,-0.4026580,0.2898398,-1.7707027
-0.5316678,0.9313112,0.3300757,3.6976641,3.6935740,-0.1053479,0.1426251,-0.8863771
0.3387782,1.2926606,1.0850026,3.9642059,4.1402248,0.6266288,0.6164887,-0.2712026
0.1042722,0.8972855,1.0095297,2.4725578,2.0496528,0.1296956,0.1116305,-0.1224873
-0.5664260,0.2871908,0.4207240,0.2013461,-0.2101121,-0.4563705,-0.6333361,0.0705176
-0.3070655,-0.9653506,-0.3849413,-1.0791072,-1.8677466,-1.1658003,-1.8513614,-2.6896176
-0.2620407,-1.6163841,-0.7559080,-0.7358079,-1.5985424,-1.2133269,-2.2825626,-4.1106748
-1.3278639,-1.4054484,-0.9335909,-1.5710265,-1.6986846,-0.8674928,-1.7915600,-2.7411440
-2.3324050,-1.6463873,-0.9583647,-3.1932609,-3.4688915,-1.5396926,-2.5167884,-2.6582747
-1.1130955,1.1054073,1.8167301,-1.0813518,-2.1883021,-0.3395174,-0.6141193,-1.0768565
-0.5825758,2.7491366,3.0763426,0.1554832,-0.9859363,0.5043954,1.1407321,0.7705283
0.0216632,0.7707260,1.9585911,-0.5215679,-0.6199489,0.4488516,0.0414672,2.1378617
0.0814677,-1.1603081,0.6206090,-1.0308070,-0.2516837,-0.3721981,-0.9567952,2.1708882
-2.4445831,-3.0825751,-2.0220704,-3.6375686,-3.3420075,-3.0514022,-2.3797642,-1.2905116
-1.3812580,-1.2388318,-1.2881089,-2.1223889,-2.2283000,-0.7442821,0.1542010,0.5452213
3.9997344,4.3351759,3.4633579,3.8220469,4.4624847,5.6791272,6.9739427,7.2374971
4.4182281,3.7803044,2.8932426,3.4505568,4.2472447,4.7485688,6.1903120,6.0464970
1.3326651,0.0750399,-0.8468157,-0.5005748,-0.5931355,0.0912282,0.9928426,0.8265730
-0.5191523,-1.5615441,-2.7302712,-2.2628468,-3.2311884,-2.1642039,-1.5496841,-1.1672415
0.4606338,-1.4336644,-2.1319630,-2.2742521,-3.0182952,-1.8987344,-1.9306798,-1.3193774
0.8607239,-0.7445868,-1.5092913,-1.8602514,-1.0338860,-1.0071489,-1.5613149,-1.6827469
0.0544640,-0.1077780,-1.6606612,-1.0374220,0.2017194,-0.2689367,-0.8322806,-1.2304934
0.0558233,-0.2416229,-1.4766549,-0.3784296,-0.4709305,0.1108194,-0.5606963,-0.1481884
0.5478083,-0.4395829,-0.9664002,-0.2867835,-0.9979773,0.4259032,-0.1656839,-0.4039996
1.1683647,0.1446627,-0.7424020,0.0882042,0.2710195,0.9385076,0.3838710,0.2267625
2.3839596,1.4313039,-0.0184170,1.1709182,1.3977354,1.4527176,0.9567499,2.1418040
2.8645894,1.9783211,0.7630214,1.9191590,1.1145026,1.1554356,0.9565385,1.0971155
2.7932469,1.0128477,0.5558187,1.4167508,0.7526187,0.3655039,-0.4133596,-0.9432560
2.9396552,-0.7614385,-0.9667052,0.2992181,-0.0525569,-0.4264386,-1.7266331,-0.6974181
3.0730902,-0.8863711,-1.5376568,0.4027082,0.3136518,0.0082418,-0.1249182,0.7010459
1.1004721,-0.4601423,-0.9805783,0.5910478,1.2599713,0.0374691,0.9507892,0.8606628
-1.9548066,-1.9117863,-1.2880119,-0.4603588,-0.9345826,-2.1055305,-1.2413358,-0.8849454
-1.9289108,-2.4892184,-0.7069147,-0.3710448,-2.0801334,-2.5633682,-2.1981865,-2.0432727
-0.6345585,-0.8701977,1.1654122,1.0566806,0.5883382,-0.6418671,-1.2268271,-0.7509495
-1.1335440,0.0814579,1.4716212,1.3339595,1.1902961,-0.1836715,-1.2662896,0.0707108
-1.1012330,0.3009985,1.1095408,1.2288725,0.2806685,-0.2096713,-0.8567858,-0.2278499
-0.2203306,0.6314730,1.5263988,1.0855242,1.0979668,0.9003037,1.1770589,0.8516784
-1.1832569,-0.2683221,0.6860461,-0.6287453,-0.0351652,0.5909124,1.4576164,0.6779167
-2.5705760,-1.1748737,-0.7530513,-2.2011047,-2.3194092,-1.0286344,-0.5652332,-0.7874167
-3.6487908,-1.5470232,-1.5608383,-2.7729960,-2.6748082,-2.4485004,-2.6507471,-1.0050407
-3.6586530,-0.8214258,-1.0041757,-2.4029312,-2.0386368,-1.9618656,-2.2757846,-0.1117834
-2.0652598,1.0917767,0.7411535,-0.7779729,-0.3678149,0.3616540,0.3487715,0.6330564
-2.2837026,0.7902663,0.7956565,-0.2152738,0.0314604,0.6654008,0.8522930,-0.6231859
-4.6095010,-2.2493234,-1.5330007,-2.3969607,-3.1002605,-2.1612031,-1.7178777,-4.0562353
-3.7799800,-2.5835688,-1.5186024,-2.8752625,-2.9135300,-2.9807945,-2.0014468,-5.0155288
-0.5600987,0.3078446,0.9166395,0.0624633,0.9230287,-0.6245594,0.2787749,-1.3752386
0.2646065,1.1017409,1.0209360,0.8351942,0.2221820,0.3571114,0.6320494,0.6863693
-0.4693525,-0.2363897,-0.1294808,-0.4566860,-1.5552323,0.0546588,0.3048345,0.8015402
0.6377491,0.9055838,1.3768702,0.7849943,0.7634846,1.9938730,2.5333328,2.4611287
1.6719338,2.4991890,2.6514158,1.8471935,2.3342571,3.4472396,3.3518766,3.2632862
0.7223467,0.4737751,0.7347985,-0.0167572,1.0597939,1.8665097,1.0524931,2.3245199
0.2556857,-1.6256273,-1.2323327,-1.5985842,-0.3611105,0.3482589,-0.2142514,0.2242726
1.5289686,-0.0738415,-0.4111238,-0.5475042,0.4097956,1.3114449,0.7933383,0.2631537
2.8337222,2.3814023,1.9050118,1.9038891,3.0157140,3.4386519,2.7815308,2.4682829
2.4382585,2.8976207,2.6365896,2.8730451,3.5270959,3.7494897,3.4471122,1.4451289
-0.0478186,0.4412513,-0.1065647,0.3796438,0.5376818,0.9478093,0.8496975,-1.4709337
-0.7686861,-1.5932358,-2.0245702,-1.3257256,-0.9578959,-0.7804647,-0.9421692,-1.4372516
1.5439331,0.3641302,0.0405368,0.7590901,1.2275961,0.7537976,0.6857482,1.2353129
2.2256162,1.6780356,0.9419634,1.5654888,2.1001370,0.5352032,0.6896635,2.2962501
2.3421474,1.1951920,0.4607657,1.1146012,1.3140614,-0.7162468,-0.3455364,0.6176014
3.4275433,1.8809777,1.2824634,1.6350077,0.8843917,0.0112709,0.6232304,-1.0631011
2.2275629,0.8780107,0.0397639,-0.0160996,-0.9820537,-1.4223215,-0.8793910,-2.3135009
1.1499076,-0.9668305,-1.5645981,-1.3647367,-1.4787210,-3.1358349,-2.5645020,-2.3480469
1.0245813,-1.0774007,-1.4304467,-0.3320241,-0.4337378,-2.4054417,-1.5463208,-0.9078749
-0.2410584,-1.0492367,-1.6349126,0.0911287,-0.9833626,-2.1220877,-1.6267480,-0.5108084
-0.2419836,-0.4311589,-0.6568552,0.5316216,-0.5169189,-0.5974898,-0.9946790,-0.5296366
0.9184132,1.3696440,1.8753681,1.5749286,1.1324442,2.4860354,1.4465460,1.7343152
0.5778748,2.1938524,3.2106400,1.7606875,1.8220937,3.4839312,2.7144067,4.5797270
-0.6398490,0.6807810,2.1241493,0.8055249,1.3334598,2.2232447,2.0884697,3.3916441
-2.0244340,-2.0173307,-1.0365953,-1.1497072,-0.5869404,-0.4846636,-0.8940021,-0.6922440
-2.7887641,-2.9025565,-3.1655830,-2.3515904,-1.9262412,-2.7234029,-3.3951417,-2.4193215
-2.4294448,-1.7376660,-2.3109503,-1.7084823,-2.0102339,-2.4773166,-2.3632998,-2.6889984
-1.1125730,-0.4670313,-0.4019680,-0.3639164,-1.1776092,-1.1835311,-0.6243647,-2.7495192
-0.2188776,-0.2755358,-0.1053208,0.1854246,-0.3749183,-1.0317907,-0.9292082,-1.8972700
-0.8176447,-0.9993566,-1.0976012,-0.0622840,-0.9385882,-1.0474741,-1.3506296,-1.4340990
-0.9451573,-1.1900893,-1.3752472,0.4354993,0.1025355,-0.2113329,-0.5718673,-0.1532553
-0.3137211,-1.0701178,-1.6970299,0.3333940,1.1844071,-0.0874198,0.0289769,1.3592533
-1.1292121,-2.2025609,-3.2515959,-2.0195022,-1.6622080,-1.8072880,-1.2692484,-0.5619261
-2.5814360,-2.7287286,-3.3581902,-3.1901208,-3.2685303,-3.3152951,-2.9061161,-3.3190875
-2.1393417,-0.8981920,-0.6256916,-1.4082889,-1.0850093,-2.0171137,-1.8000343,-2.4136119
-0.7360037,0.5801821,0.9148469,-0.3965929,-0.1450044,0.1178573,-0.0030914,-0.3197638
-0.8667595,0.1952849,-0.1107887,-1.2262757,-0.8677772,0.5340139,0.1987239,0.0312552
-0.2507963,0.5345065,0.3258594,-0.2281596,0.0182906,1.1245500,1.0855375,0.7538945
1.7337742,1.6481702,1.5092145,1.0364779,0.6687492,1.5867017,1.9973235,2.5237138
1.9849173,1.7616353,1.3650399,0.0666603,0.2350343,1.1926756,1.5845214,3.1855432
1.1820192,1.7069425,2.0188429,0.5306614,1.5664951,2.0232700,1.8279797,2.6894058
2.1230852,3.2255389,4.2242160,3.5445130,3.7892317,4.2332521,3.5515196,3.7429333
3.9857911,5.1676454,5.7278828,5.5687784,4.4949102,5.7031407,4.8238730,4.6425590
2.8272249,3.4226066,3.5967304,3.6887594,2.3815049,3.3020217,2.9111381,1.5794695
0.4981865,0.2248868,0.5920242,0.4209891,-0.9931143,-0.3039543,0.1966866,-0.9473200
-0.4209586,-1.0147953,-0.6410331,-1.1837390,-2.3731962,-1.5562047,-1.0854061,-1.0382626
-0.8325865,-1.9165471,-1.4015241,-1.7916353,-1.3000155,-2.0892342,-1.9888394,-1.5558901
-0.8065136,-2.0000479,-1.2201456,-1.2230113,-0.0463063,-2.0109794,-1.8821153,-1.3041417
-1.0715761,-0.6137413,0.0056137,0.4471306,0.9948958,-0.6177187,-0.0332308,0.0221590
-1.2910989,0.3582736,0.8117058,1.2854634,2.2456347,0.7676858,1.8048807,1.5005571
0.0855740,0.5902043,1.1369469,1.2380154,1.9742736,1.4212292,2.2199185,1.8574557
0.9848422,-0.0046237,0.8428712,0.8362483,0.8174429,0.4296496,1.0909840,-0.5598608
-0.2461245,-0.1543378,-0.3662475,-0.5450947,-0.0609398,-0.3872811,-1.0889264,-2.5561586
-1.4572213,0.1658246,-1.5872135,-1.7429564,-0.9067771,0.4038061,-2.1561369,-1.6864095
-1.5454916,-1.4188229,-2.2104868,-1.7987863,-1.3177072,-0.5410824,-1.5761123,-1.3747216
-0.8868677,-2.0223436,-1.8003236,-1.3150701,-1.4260868,-1.8186733,-1.1163662,-2.0755930
-0.0081189,-0.7255832,-0.9387353,-1.0672701,-1.0754431,-1.1278946,-0.9458100,-1.5645677
-0.3889717,-1.1469246,-1.4896226,-1.5414354,-1.2003347,-1.3430169,-1.1397287,-0.9425326
-0.6292224,-1.1467332,-1.2581893,-0.8196856,-1.1384083,-0.9984476,-0.7840380,-0.3500017
-0.8595275,-0.9039090,-0.5071174,-0.3700293,-0.6434096,-0.2788585,-0.2554253,-0.0331024
-1.3703834,-1.4868477,-1.0853373,-1.5924623,-1.4507994,-0.6440005,-0.6244467,-0.2068010
-0.3418632,-0.6193125,-0.9966331,-1.7368859,-2.3885127,-0.3597599,-1.6397028,-0.0232881
0.5365698,0.1413089,-0.5883000,-1.0845759,-2.1342998,-0.5478388,-2.1273625,0.8107312
1.6389024,1.5437355,0.9157862,0.9251912,0.6573211,0.7774296,0.8996617,3.2079743
2.4451913,2.9422349,2.0921420,2.5944174,2.9179290,2.3919653,3.2571349,3.1984834
0.2833516,0.7729113,-0.1815674,0.2820259,0.3490714,-0.4913285,0.5451887,-0.7308571
-0.1790149,0.1400910,-0.4690543,-0.7824659,-0.9840170,-1.6334388,-0.3603126,-1.8420872
1.4512389,1.5172902,1.1659271,0.4838698,0.2056590,-0.3263420,0.3808982,-1.1526829
1.2877309,0.6108407,0.7466033,0.3948600,-0.4073186,-0.7179146,-0.5727079,-1.3711574
0.8844029,0.5270705,0.8746494,0.8754325,-0.0924299,0.4582077,0.6625978,-0.1431083
-0.2020872,0.3579292,0.2317077,0.5419115,0.5285906,0.5861925,1.0058426,0.0696774
-1.1232532,-0.9605627,-1.1325440,-0.5054614,0.2440413,-0.7574775,-0.8095761,-0.8690955
-0.1622596,-0.9700806,-0.8819737,0.0424198,0.6129841,-0.1899656,-0.8309440,-0.4244064
0.3575312,-1.1111240,-0.7731246,-0.0702202,0.1496484,-0.1889340,-0.4718934,0.6564776
0.8044216,-1.0081107,-0.3436943,-0.2589585,-0.3548298,0.0600007,-0.0226525,1.2855843
1.7916096,-0.3525182,0.4324980,0.4342002,0.3860039,1.0874341,0.6780366,0.6434865
2.0325273,0.3019891,0.7828748,1.1036237,1.7778041,0.9080150,0.6609937,-0.0325050
2.3636245,1.6421190,1.5912913,2.2736597,2.8886233,0.9374794,0.9890385,0.4921682
2.9695475,1.5507661,1.6315698,2.6010715,2.1090660,0.8338510,0.8109705,0.6348722
2.4559293,-0.1206159,0.3796310,1.0904498,0.6872950,-0.7244686,-0.9352915,-0.7374379
0.9399182,-0.6275862,-0.4374248,0.3397674,0.3210924,-1.5598120,-1.8433165,-1.4732612
-0.6958018,-0.4095229,-0.6863108,1.0358117,-0.0972763,-0.9602773,-1.2997751,-0.6631928
-1.7609947,-0.5409035,-0.8252509,1.2238324,-0.1638219,-0.7196260,-1.3279050,0.0602392
-1.4986264,-0.1858466,-0.4799149,1.0495650,0.4330367,-0.4626599,-0.8127385,1.2382862
-1.5528633,-0.6871953,-0.8555881,0.0672338,-0.3570245,-0.5231955,0.0431929,1.1274960
-2.7603075,-1.4193114,-1.2753301,-1.0246370,-0.9258994,-0.5225279,-0.0131914,-0.4347288
-3.8687469,-0.8294576,-0.8435202,-0.9201329,-0.3430498,0.5438842,0.3616633,0.1669148
-3.8092477,-0.5948617,-0.5631792,-1.0785881,-0.7114472,1.0016005,1.1085570,1.7311423
-1.4787261,0.3730961,0.7713730,-0.7458979,-0.5336996,1.5349366,2.1772949,2.4368755
-0.7096284,0.3583621,0.8370596,-1.2662192,-0.7408216,1.0155679,1.6025899,1.3798767
-3.1234201,-2.1057611,-1.5464314,-3.3189986,-2.3452287,-1.1564397,-0.8914084,-1.1341774
-2.9352358,-1.3285224,-0.7251038,-2.0210457,-1.1441725,0.1861837,-0.2135340,-0.7030601
-0.5340905,1.1583501,2.2227698,0.6026819,1.2174994,3.0125399,2.3077392,2.2641492
-0.5005028,0.0237810,1.2298152,-0.7060075,-0.4669441,1.3967573,1.0695919,1.0119488
-1.4423412,-1.0019062,-0.9377902,-2.3649556,-2.5097215,-1.0679654,-1.2996919,-2.7082837
0.7210013,2.0344999,1.5457516,0.3697605,0.8307921,1.3487010,1.7318739,-0.6647787
3.4641343,4.4558751,4.1960276,3.1737136,3.9996216,3.9778293,4.8264520,2.4241157
2.1330418,2.7014243,2.2669242,1.7497454,1.9732103,1.6226866,1.2989874,-0.0190544
-0.2678332,0.0541555,-0.4354895,-0.9110866,-1.1168017,-1.4625436,-2.2213679,-2.5027304
-0.4876237,-1.3370191,-1.6219308,-2.3382115,-3.0388963,-2.1950387,-2.1049678,-2.4743582
-0.3590879,-1.7084224,-1.9891438,-2.4698956,-2.6885625,-2.4073366,-2.0597769,-2.6034242
-0.4615871,-1.0310139,-1.7990815,-1.7163432,-0.7194950,-2.6816733,-2.4220446,-1.7854210
-0.0061971,-0.0038162,-1.1696785,-0.6860769,-0.2807593,-2.3187289,-2.2162555,-0.7752908
0.1749471,0.2371053,-0.7178124,-0.2415784,-0.9064470,-1.9597233,-2.4062346,-1.9719739
-0.3087395,-1.1651738,-2.0096256,-1.4411874,-2.2833364,-2.5146387,-3.1041953,-2.7407055
0.3527781,-1.6999556,-2.5284660,-1.6644665,-2.0191144,-2.0079010,-1.8325730,-1.1924605
2.4553890,0.3809025,0.0114918,0.6131575,1.4637488,0.3522907,0.7872337,1.3215761
3.9887240,1.5663931,1.9224452,1.9850409,3.0692957,2.0992478,1.9354830,2.9129899
3.5694593,0.9589201,1.5559124,1.7786659,1.8646132,2.0611158,1.8909866,1.9951283
2.2735473,0.6084134,1.0320032,1.4953492,0.8953890,1.3365618,1.5387395,0.5455789
0.9465283,-0.5096662,0.1847787,0.2608462,-0.5470369,0.4026981,0.5611742,-0.2110595
-0.0260917,-0.8819898,-0.1878753,-0.2359984,-0.5927882,0.3445044,0.4689537,0.1049089
0.4698531,1.0629535,1.3201337,1.4762174,2.1402909,2.0094005,2.0095379,2.3871397
0.0570023,1.2212313,1.3352020,1.7876823,2.0225424,1.7941337,1.2215987,1.5014358
-1.2013346,0.1957041,0.1202423,1.3629153,0.1624604,0.0337884,-0.7233833,-1.2907385
-1.0792229,-0.0690728,0.0248895,1.3211574,-0.0524620,-0.4195772,-0.4485307,-0.5918622
-1.0536478,-0.8782751,-0.6734130,-0.1347688,-0.5701580,-0.8699291,-0.1066237,-0.2336056
0.5224241,0.6245180,0.4259539,0.8365144,1.4184397,0.5215257,1.2993915,0.7179865
1.8834533,2.0849009,2.1490210,2.3746484,2.5507612,1.6947114,1.9176898,2.1889150
-0.0035584,0.4892684,0.8961351,0.6757029,-0.2044326,-0.1532679,-0.1270117,0.4761305
-0.8060502,0.1546566,0.2880252,0.4132389,0.0025625,-0.3815087,-0.2959175,-0.2401298
-0.4107428,0.6917120,0.6229879,1.4385747,1.6009535,0.6088994,0.6817508,0.7952964
-1.1305451,-0.1399982,0.1383176,0.9211712,0.3667226,0.1458991,0.6930362,0.3768859
-1.4296685,-0.9098081,-0.2951389,-0.1030628,-0.7194090,-0.6201365,0.0624122,-0.4022809
-1.1128766,-0.7217134,-0.6844205,-0.8667058,-0.4423627,-1.0005930,-1.0467448,-0.4692875
-1.4589227,-0.6940197,-1.0033798,-0.9650187,-0.9009719,-1.1394424,-1.5077932,-0.8838484
-1.6283930,-1.0818921,-1.0765115,-0.8414244,-1.8378352,-1.2803714,-1.5660536,-1.0303821
-1.0480609,-1.2184953,-1.2745587,-1.6621926,-2.0943027,-1.5359168,-1.6545054,-0.6215733
-0.3581362,-1.0736956,-1.2269814,-2.1946499,-1.5343055,-0.9070399,-0.4662280,0.2726272
0.2339429,-0.7072625,-0.7735742,-1.4302091,-0.1974377,0.4006759,0.9085754,1.6017567
-0.3068770,-0.9307051,-0.9192772,-1.1855839,0.2196382,0.4103579,0.3909972,1.5707202
-0.1597669,-0.5385075,-0.3039341,-0.7587271,0.1319758,0.6626528,0.5793293,1.0542181
1.9323261,1.1925120,1.5075295,0.7181881,1.1066299,2.1589512,2.1677803,1.0868317
2.0264038,1.1574355,1.1383396,0.5504067,0.6917892,1.7269055,1.2312541,0.4259360
-0.3711572,-0.5699731,-1.2554188,-1.3202031,-1.5646101,-0.6954304,-1.6434949,-1.1125923
-0.9558420,-0.6427566,-1.7248010,-1.4015709,-0.9736684,-1.4234367,-2.0913444,-1.7683753
0.9690818,0.8108546,0.1846526,0.6737890,1.6600935,0.3201845,0.0199056,0.1084997
0.2222108,0.0489834,-0.2241837,0.1229704,0.0541252,-0.0991703,-0.2215334,0.3359553
-2.4834235,-2.2235303,-2.4589671,-2.4494877,-3.0407108,-2.4056123,-2.3398375,-2.4321974
-1.0512870,-1.2447084,-1.1357728,-1.2191194,-2.0226942,-1.1517323,-1.0271027,-1.3517300
2.0815278,1.8363553,1.7253288,1.6045692,0.8570504,1.4176854,1.6403236,2.3252346
2.4754086,2.5527334,2.2819504,1.6771845,1.9739344,1.5127902,1.7014547,1.7235432
0.6153333,0.6178078,0.8752944,0.0813499,0.1333622,-0.0739519,-0.2933274,-1.6990855
-1.2977902,-0.4340531,-0.2696076,-0.7485752,-0.9809749,-1.3719491,-1.5826103,-2.8481625
-1.0176245,0.8130324,0.9028838,0.6729348,0.6440374,-0.3300697,-0.0429792,-1.2463008
-0.7244929,0.8772081,1.6361370,1.6184363,0.7165347,0.6933859,0.9091350,-0.6320656
-1.3126080,-0.0795764,1.1350262,1.1556739,0.9981170,0.8886967,0.8043318,-0.7417022
-0.7705276,0.4347733,1.2180153,1.2120967,2.6811709,1.5632274,1.5503253,0.4271547
-0.8938924,0.0596237,-0.0663877,-0.4427817,0.7981381,0.1278099,0.1893638,0.5737605
-0.8903929,-0.9244866,-1.3169370,-1.9607167,-1.4208223,-1.3696285,-1.2796400,0.0359445
1.5284605,0.6119947,0.5855191,0.5257237,0.6910532,0.5199413,0.4421969,0.7497931
2.0430157,1.5312486,1.9275928,2.4112420,2.1102165,1.7610715,1.6822027,1.1062939
-0.1904169,-0.1632088,0.0846351,0.5115575,-0.1113417,0.2497756,0.7214174,-0.0617312
-0.6674208,-1.0899738,-1.5880530,-1.3709767,-1.6379625,-1.1722805,-0.9468182,-1.2591447
0.2260921,-1.1476916,-1.5447798,-1.3420962,-1.4421206,-1.5027081,-2.1887180,-0.6691732
0.6370661,-1.5979517,-1.5568247,-1.5791387,-2.1848276,-1.7428204,-2.3034444,-0.8658335
0.0922988,-2.1454448,-2.5378819,-2.7713088,-3.1367350,-2.4256983,-2.6204005,-3.1232595
-0.5132056,-1.9021289,-2.2824213,-2.1156215,-2.4403751,-1.6003554,-1.6483461,-2.1950281
0.7604903,-0.3369589,-0.2338137,0.3229124,-1.0098618,0.7887292,1.3342630,0.8697974
2.4759221,0.8450878,0.9186839,1.4573080,0.5991013,1.8171182,2.3361794,1.9660181
3.1331680,2.0696588,1.9544234,2.3603217,3.1852742,2.7477968,2.5677278,3.6948079
1.8275257,2.8375692,2.3239368,2.7265977,3.8377261,3.3620169,3.0595068,3.8797379
-1.3044692,0.7172612,0.2616419,0.5994716,1.2272707,1.1204436,1.1198212,0.8029672
-3.0381863,-1.2780377,-1.1626012,-1.0841598,-0.7255147,-0.9039670,-1.0751529,-0.2776735
-3.3476663,-1.0850209,-1.0624541,-1.2229985,-1.3803843,-0.7505258,-1.0502785,-0.0336949
-2.7359576,-0.6352037,-0.6113271,-0.8620056,-1.3442602,-0.3177738,0.1962513,0.2270092
-1.0806776,-0.9680147,-0.7167675,-0.5518966,-0.8810186,-1.4897795,-0.4895886,-0.3331426
0.5472045,-0.8136050,-0.7372473,-0.2025420,-0.3266244,-2.4205277,-2.0846764,-1.2633978
2.6514887,0.9907932,1.3663001,1.4639786,1.3782047,-0.0010318,-0.2687194,2.1353838
3.0161923,1.2285976,2.0700835,1.5699999,1.4159475,1.6738979,1.4118298,3.4490488
1.9809577,0.2995450,0.8843272,0.3074259,0.3784124,0.9010941,0.6165919,0.4642029
2.7834078,0.9932807,1.2040821,1.0847103,1.2904821,0.6856436,0.0183537,-0.1253932
3.0652926,1.2772824,1.1177063,1.5760956,1.6256949,0.1640482,-0.4744827,-0.9901481
1.5757819,0.9993197,0.5031051,1.2525586,1.7046249,-0.2344115,-0.2181312,-2.0596012
1.0759187,1.3231019,1.0764053,1.8747803,2.9080417,0.8508686,0.9272922,-0.7398174
1.4782154,1.4885560,1.2740020,2.0762926,2.3361162,1.4416115,1.1593011,0.3394795
-0.0760528,-0.3375539,-0.5182666,0.2132794,-0.6116672,-0.4351032,-0.3158336,-1.2482034
-1.6511989,-1.7380994,-1.4868833,-0.7240343,-0.9243727,-1.1229242,-0.8241005,-1.7532474
-0.8763969,0.6451581,0.4900443,1.5820865,1.5578844,1.6062483,1.5738871,3.3246235
-0.7027713,1.8356108,1.2360058,2.2593673,1.4159134,2.1253147,2.2849734,5.2338591
-1.8444587,-0.2003412,-0.6298339,-0.3061479,-0.7790724,-0.5655055,-0.5184087,0.0413064
-2.0479139,-0.9071751,-1.1555364,-1.5315692,-2.0834497,-1.5368734,-1.5818692,-2.2168958
-1.1404791,-0.0072787,0.1527838,-0.4814593,-1.5608124,-0.3410717,-0.0052678,-1.0163357
-1.0250252,0.1160749,0.4192302,-0.3546348,-0.7081659,0.0329208,0.1397384,-1.2429270
-1.6887309,-0.5797805,-0.2599182,-1.4563887,-0.8820880,-0.8434727,-0.5632181,-1.1001996
-1.4138730,-0.7771707,-0.4757680,-1.7463308,-0.4139249,-1.0316890,-0.0485610,-0.2614098
-1.5733597,-1.1018129,-1.4939921,-2.1538335,-1.1799021,-1.2828098,-0.6226476,-1.3065709
-2.9149686,-2.2443589,-2.9235283,-3.0692477,-3.4550475,-2.2910365,-2.2933924,-2.7963563
-2.6121915,-2.1373834,-2.4188606,-2.6394741,-2.8741141,-1.9004938,-1.8189445,-1.6759715
-0.9313268,-0.9625529,-0.9945357,-1.4995056,-0.6719551,-0.5997936,-0.4715938,-0.1817474
-1.0359049,-1.5331002,-1.3333757,-1.7389497,-0.9947366,-0.9689163,-1.1466571,-1.2728385
-1.2537332,-1.9343878,-1.5611798,-1.8807251,-1.8424020,-1.3936631,-1.3932962,-1.6511610
0.0161268,-0.0470883,0.1769685,-0.5609551,-0.7008193,-0.0496741,0.1994255,0.5881271
1.1446525,1.5624419,1.4190744,0.5831393,0.5320440,1.4340920,1.5024999,2.3321990
0.9274845,0.7318636,0.3504135,0.1014251,-0.0778515,0.8952724,0.8923549,1.7448225
-0.1421686,-1.1274689,-1.1866539,-1.2185135,-1.6249512,-1.1655708,-1.3250718,-0.5540950
1.7669524,1.1318689,1.5024691,0.8776787,0.6964957,0.6373523,0.0183830,0.7402979
3.7814755,4.3517750,4.6608690,3.9079936,3.9759870,3.7930388,3.2117148,4.3098847
0.9908468,1.3004701,1.8804915,1.5857297,1.2768335,1.3161300,1.1147472,1.3752771
-1.0649598,-0.9312239,-0.2358082,-0.7761787,-1.1717433,-0.5793536,-0.7775535,-2.6727364
-0.3529399,1.2972755,1.5476974,0.8936730,1.4356541,1.9056496,1.7749385,-0.8648781
-0.3849736,1.5422114,1.8477016,1.9529122,3.4116728,2.9565941,2.9118440,1.2882625
-0.2495233,0.8947296,0.9878041,1.7005021,2.5788791,1.7771543,1.6146352,0.9761118
0.8541377,1.0101786,0.8398127,1.6473335,1.8709653,0.8220746,0.7626807,0.3635480
1.5699610,0.2992192,0.5222401,0.9398856,1.2859544,0.5812632,0.5193401,0.7591803
1.4438994,-0.9687218,-0.3920486,0.0150902,-0.1126202,0.0393387,0.0011487,0.1871658
0.7071688,-2.5973972,-2.0610322,-0.9370810,-1.1726420,-1.6166389,-1.2178817,-2.1027306
-0.3239739,-3.2880450,-3.5025505,-2.5058913,-2.1437875,-2.9252919,-2.6734504,-3.0794823
-0.9008757,-2.4079064,-3.1427011,-2.8391282,-2.4886546,-2.9174229,-3.0250552,-3.2303417
0.2207934,-0.3371937,-0.8893784,-0.7291688,-1.4325384,-1.8601648,-1.5977692,-2.4550644
1.6206496,1.3179900,0.9841272,1.1613062,-0.8088204,-0.3863181,-0.2430932,-0.0989267
0.8833659,0.5357712,0.7739305,1.2383957,0.0849335,0.1422221,0.1249462,1.7387577
0.5456246,0.2356395,0.3309428,1.0969673,1.6242034,0.7962166,0.6818311,2.4335571
1.4682641,1.6639464,0.1786540,0.7898167,0.5393630,1.9189629,0.1195533,1.0457885
0.5125208,1.0746952,-0.6016685,-0.1436147,-1.7102228,0.2815317,-1.6369403,-1.3808963
-1.1708608,-0.6601458,-0.6815820,-0.8693785,-1.9895658,-2.3289103,-2.0683953,-2.4682851
-1.4790133,-0.7189185,-0.1984364,-1.5466963,-1.7404570,-2.0626002,-1.4700145,-2.0474397
-0.6294326,-0.4020514,-0.0294763,-1.4195694,-1.0058291,-0.7135623,-0.4948218,-0.1769469
-0.3005158,-1.2398370,-0.2452230,-0.4024738,0.1847377,-0.3251483,0.1424722,0.8432382
-1.4458874,-1.5779726,-0.6960441,0.0657715,0.7363575,-0.2480658,0.1156391,0.4504872
-0.2465281,1.3889492,1.2999725,1.7712932,2.4666025,1.6282820,2.1393921,2.4650145
2.3304709,4.1818364,3.8705746,3.7073321,3.6203045,3.7530019,4.0300558,4.5184236
1.1691099,2.3767813,2.1007466,1.6243631,0.9938748,2.1191837,1.8095464,1.9924429
-0.6962320,0.0747336,-0.1904831,-0.8105262,-0.6696639,0.0034842,-0.1929072,-0.2802201
-0.6809991,-0.0099541,0.4544269,0.1624767,1.0367779,0.6612697,0.5784697,0.2402339
-1.7789682,-0.4044768,0.3221259,0.5219797,1.0278826,0.3345025,0.3028599,-0.4339989
-2.7507100,-0.5290179,-0.8620432,-0.8198406,-0.9506723,-1.2766531,-0.9952907,-0.0225722
-2.4902087,-0.7712151,-2.1091765,-2.4558032,-3.4138587,-2.5532370,-2.2603563,0.1030650
-1.3919226,-1.5161103,-2.5809770,-2.8258650,-3.8034650,-2.6270736,-2.0835762,-1.8809629
1.3745157,-0.0800013,-0.4675034,-0.6437045,0.2828216,0.0326788,0.7265988,0.0786900
1.7255936,-0.0663141,-0.2841161,-0.5736023,1.1772150,0.6010823,0.7750512,0.8752813
-0.3157780,-2.9677677,-2.4630666,-2.6211333,-1.4189775,-1.5844745,-1.4335124,-2.1209491
-0.2336890,-2.6316919,-1.6574360,-1.7349200,-0.8380195,-0.5096871,-0.2219934,-1.0631166
0.8333769,0.5517526,0.5394845,0.4778982,0.2823847,1.8382019,1.8971808,1.4915082
1.6256513,2.0803659,1.5451518,1.7997646,1.4740262,2.1445492,1.9945285,1.7837150
1.8877031,1.7808713,1.5874497,2.1516294,3.0623893,2.2667924,2.1456909,2.7954761
1.4880296,1.4633277,1.3988863,1.8433732,2.6989556,2.7316598,3.1489568,3.5184186
0.8839484,1.0552308,1.3988429,1.7483383,1.7270272,1.8506762,2.2307074,1.1153338
-0.3106911,-0.4970766,0.3447792,0.6386761,0.0295742,-0.4403018,-0.6450656,-1.7172281
-1.4040137,-1.5896998,-1.1038823,-1.3805731,-1.7493133,-2.0622538,-2.3060064,-1.8765381
-0.9168921,-0.5704479,-0.6826747,-1.2929648,-1.3592324,-1.9318472,-2.2663172,-1.0841508
0.5195929,0.9917543,0.9381108,1.0072191,-0.4409043,-0.8834118,-1.6213940,-1.0546741
1.0952188,1.5608525,1.7416559,2.2084065,0.2131209,0.2913409,-0.5225890,-0.2319329
0.8323204,0.9256767,1.0041238,0.9241579,0.2871663,0.3174374,0.1528803,0.2277986
0.4972247,-0.1698630,-0.0172914,-0.2431983,-0.1360508,-0.4765807,-0.1146842,-1.5598634
0.0857005,0.0075077,0.5247818,0.7246334,0.8912929,0.2890618,0.3061020,-1.4292938
-0.8997742,0.2200452,0.5981555,1.0458266,1.2567367,0.8213892,0.3734214,0.1307571
-1.8686372,-1.0107689,-1.2225382,-0.8980904,-0.8358003,-1.0628094,-1.6066689,-1.0671565
-1.7273546,-1.7826834,-2.3269072,-2.4557249,-3.2658104,-3.1424622,-3.1225365,-2.2531299
-1.4219566,-1.9281390,-2.1027746,-2.5504967,-3.8734351,-3.1469761,-2.4743158,-1.6984011
-1.2130965,-1.9584972,-1.1090406,-1.5264134,-1.3225160,-1.0245005,-0.6489096,-0.2799152
-0.1644149,-1.1142316,0.1527664,-0.0831948,1.1741750,0.8974140,0.9583465,1.4266075
1.4085191,0.6405407,1.1885170,0.8705143,1.2405274,1.7283265,1.9737670,1.3868522
1.5935322,2.0771974,2.0032607,1.3859238,1.6797882,2.3167991,2.6273358,0.5044042
-0.0638051,1.6645076,1.4381284,1.2936373,1.7491254,1.7654510,2.1909574,-0.4558048
-1.0917946,0.0951867,-0.2303491,0.0717898,0.1773183,0.2460976,0.6040773,-1.9339748
-0.2058283,0.0901622,-0.4987574,-0.9642372,-0.0912395,-0.0265235,0.1029160,-1.0288610
1.2795805,1.4648569,0.7230334,-0.0109608,1.1158877,0.8194534,1.0617817,1.6867293
0.6065036,0.7607241,0.2996212,0.4581708,0.6929578,0.0729864,0.3324094,1.5283673
-1.1628439,-0.6478508,-1.1211609,-0.4083989,-0.7242056,-1.0296911,-0.9933968,0.3294338
-0.5870546,-0.2347514,-0.7599776,0.0346457,-0.4919526,-0.2770030,-0.3353657,1.2595113
0.3909783,-0.3196055,-0.4949424,0.1843148,-0.1291791,-0.1990596,-0.3105894,0.5794877
0.8505386,-0.5507291,-0.4889648,-0.3094262,-0.0766644,-0.2513182,-0.5216622,-1.1692475
2.1577586,0.4400689,0.8425028,0.3843038,0.6428828,0.8488446,0.0594129,-0.4378105
2.8427514,1.1339879,1.7374441,1.2013230,1.0779459,1.0626469,-0.2648559,1.2913995
2.6511770,1.5395958,1.9833879,2.3030462,2.1344340,1.9011071,1.1304989,3.7208427
2.2648724,1.4192885,1.9409920,2.9290582,2.3726514,2.6288436,3.0192246,4.2511350
1.7048105,-0.0147746,0.4189703,1.2181248,0.3274843,0.1886279,0.9019891,0.2648875
0.8617709,-1.2729598,-1.5393866,-0.7229702,-0.6326613,-2.4623994,-2.2498163,-2.2512056
-0.0324568,-1.0031295,-1.8652241,-0.2882821,0.2060971,-2.3945460,-2.6496417,-0.4467032
-0.3202143,0.0521411,-1.0511604,1.0262212,0.9648788,-1.2766648,-1.5061779,0.1064783
-0.6560276,0.2310023,-0.9023701,0.8745549,0.8960507,-0.7480566,-0.6320858,-1.5746261
-1.5667546,-0.5986987,-1.7580018,-0.0511029,-0.6216915,-1.0147083,-0.7555069,-2.1097922
-2.4280921,-1.3454594,-2.6050984,-1.0323172,-2.4705357,-1.8635456,-1.6302152,-2.3639280
-2.5795799,-1.3866871,-1.8813244,-1.4935273,-2.5096313,-1.7431569,-1.4505780,-2.0502740
-1.7658934,-0.3566200,0.1713848,-0.7602020,-0.8843867,-0.3011111,-0.1533878,-0.2584288
-1.4838863,-0.0658611,0.4135905,-0.9074125,0.0579306,0.0919016,-0.1976081,-0.1441624
-2.0982898,-0.6273082,-0.5196222,-1.3802263,-0.6222857,0.2228138,-0.6321795,0.0589288
-2.2415447,-0.2593098,-0.1566099,-0.7678667,-1.2563058,1.0770616,0.1400223,0.9071194
-1.8710677,-0.2968132,0.1443159,-1.1352407,-1.1843229,0.2025924,-0.0544332,-1.6034475
-1.3074276,-0.7273316,0.3153793,-1.6983686,-1.5150446,-1.0006279,-0.9298770,-3.0339600
-0.8954237,-0.5530451,0.8902535,-1.1514686,-1.7989512,-0.2031039,-0.4529638,-1.3837966
-0.8118834,-0.4492933,0.6035886,-1.1827982,-1.0539933,0.5514429,0.4881763,-0.4309506
0.0825426,0.2934624,0.7593949,-0.8437485,0.4869284,1.1411237,1.7936895,1.3745671
1.1105516,1.0566928,1.4811478,0.3123293,1.4206202,1.7154958,2.6614966,2.9913624
0.1997250,0.2214609,0.5036803,0.0076419,1.0842397,0.3848058,1.3714720,1.4389778
-0.5366174,-0.2798716,-0.2952035,-0.6321138,0.5921241,-0.4867753,0.4104963,0.8032785
0.8058670,0.6023199,0.3394312,-0.5996600,-0.2650788,0.1452145,0.7609428,2.1904852
0.9017098,0.2576792,0.1691495,-0.7739478,-1.2303723,-0.3808408,0.1688336,1.1846758
-0.2890963,-0.9059065,-0.1645807,-0.0816975,-0.5120315,-0.4905724,0.1940530,-0.1970633
0.6013886,0.1030102,0.7450819,0.9960546,1.1079405,0.9415142,1.5085477,1.5571410
2.0419351,1.5184816,1.4850398,0.9966481,1.1954878,1.1810181,1.0580452,2.6428978
1.6064320,0.5575265,0.5797646,0.0928004,-0.5486660,0.0449004,-0.7928904,-0.1320618
0.8585483,0.3443483,-0.3206897,-0.5144421,-1.4749836,0.3893189,-1.3309136,-2.1913551
1.1570544,1.6299960,0.4766397,0.1788243,-0.1399821,1.4247140,-0.6718227,-1.2165477
1.4036248,1.3138974,1.3025393,1.1095443,0.9467254,0.9276536,0.0541336,-0.6428115
1.2106241,0.9047154,1.3558715,1.3650798,0.7459868,0.8616535,0.6435597,0.5597375
1.7810744,1.0819493,1.5520901,1.7857980,1.4786917,1.5136072,1.0100461,1.7105164
1.4281284,-0.0073842,0.6244463,1.8564752,1.8797642,0.3238534,0.3648233,-0.3322130
-0.4697791,-0.8981380,-1.2249094,0.7536940,0.9843565,-1.2769807,-0.8169887,-1.1603917
-0.4250747,-0.3097814,-1.2800717,-0.0464632,0.6997563,-0.7576391,-0.4167675,1.0643489
1.0894214,0.3786822,-0.4822280,0.0077733,0.0678914,0.0631174,0.7182476,1.3414252
1.0988725,0.0701039,-0.9955919,-0.2097460,-0.7247096,-0.5243316,0.1459658,-0.5922598
-0.9542758,-0.9445370,-2.2601939,-0.7066713,-0.7686810,-1.5629231,-1.4764274,-1.7609406
-3.0409000,-2.0104720,-2.9781919,-1.0132531,-1.0620162,-1.7566020,-1.9407023,-1.3973014
-2.2881064,-2.4377788,-2.4286016,-1.2507238,-1.2628768,-1.1892999,-1.5610388,-0.7909385
-0.7706850,-1.6316524,-1.3150714,-1.3889213,-1.3338141,-1.1460130,-1.7189715,-1.8962890
-0.8156325,-0.4218066,-0.2325908,-0.7998289,-0.8596715,-0.3416765,-0.4594283,-1.7818703
-0.2741941,0.3088220,1.0225239,0.6985488,1.1525021,2.1005445,2.5102777,0.7655211
0.4217206,0.8065793,1.7298925,1.7987922,2.8010566,3.1366808,3.3101190,1.7141839
0.1193829,1.1116751,1.5829517,1.5015461,2.2541841,1.8192793,1.7494282,1.1143539
0.5195472,1.5531880,1.4690765,1.0069007,0.9452837,0.4234979,0.4894079,0.5006420
1.3943789,1.5920208,1.4313359,0.9541233,0.3490782,-0.1174555,0.0936406,0.1811168
1.9463935,1.4672833,1.7785824,1.2175490,0.7377170,0.7812138,1.1343981,0.7599608
2.3031286,2.3503123,2.5627269,2.0531146,2.0704086,2.1034181,2.6113036,1.9643380
0.6470797,1.6036304,1.3551051,1.1798505,1.4802801,0.4847276,1.2735516,1.8547287
-1.3883282,-0.0143774,-0.2754472,-0.6526213,-1.0344148,-1.4168707,-0.9239169,0.0489955
-1.5621029,-0.3798204,-0.6247630,-1.0832756,-1.7103826,-1.1193166,-1.5457677,-0.7766351
-1.6021793,-1.9005135,-2.1106936,-1.8078917,-1.7431230,-1.9443954,-2.5180044,-1.1296698
-1.4606636,-3.2121303,-3.0897107,-2.3916088,-2.4732171,-2.8476005,-2.9386222,-1.6826553
-1.2425191,-2.1393535,-1.6251322,-1.5278183,-2.1038872,-1.5822089,-1.5221023,-1.2359097
-1.7312617,-1.1742861,-0.6579172,-1.1979680,-1.5795319,-1.0841787,-0.8787525,-1.4923893
-1.6877490,-1.4728824,-1.3336962,-1.8808962,-2.0280672,-2.2028389,-1.6475777,-2.5042292
-0.3856809,-1.1445995,-1.0490486,-1.3509581,-1.9238334,-1.7187214,-1.4980106,-2.1117237
0.4160927,-0.3617526,-0.2984224,-0.3042504,-1.2943570,-0.6436309,-0.9426673,-1.6810009
-1.0346980,-0.8139136,-1.0688226,-0.6161674,-1.1509950,-1.2737347,-1.2998047,-1.2948241
-2.0108417,-1.2243086,-1.5688282,-0.9952872,-0.6405232,-1.3845652,-1.4028587,-0.2786159
-0.4435795,-0.1290902,-0.3480233,-0.3109942,0.4533519,0.0120658,-0.1544648,-0.1332987
1.3431318,1.3813335,1.8177334,1.1145143,1.9137709,1.8554253,2.0193917,0.7558502
1.2194065,1.6506697,2.5090763,1.5887957,2.6551002,2.5537135,2.4202529,1.5911982
0.3595906,1.0748499,1.6032635,1.3640246,2.1586354,1.7743997,1.3711961,0.9627430
-0.2888818,0.1911745,0.4631086,0.9845652,0.6058087,0.3517062,0.4166295,1.0816615
-0.3319250,-0.3029532,-0.2907908,0.1212627,-0.5154882,-0.2868887,-0.4767273,1.1565065
1.3848482,1.1740453,1.2235849,1.0611182,1.6410015,1.6672416,1.1491568,1.8981242
2.3126324,2.4000458,2.2720946,1.8335858,2.5403352,2.6183353,2.8330825,2.9696701
1.8172258,1.7809233,0.8412626,0.5496139,0.6196074,1.0029571,1.3821494,1.9181971
2.1039478,1.6064909,0.7463265,0.5834711,0.8489917,0.7607683,0.5463316,1.2917500
0.7716917,0.7016811,0.3708682,0.2754496,-0.1033156,0.0741090,-0.2025353,1.1308058
-0.7151071,-1.0665324,-1.3378423,-1.2543440,-1.9951257,-1.1312179,-1.4027637,-0.1755574
-0.2256290,-1.4333410,-1.3601676,-1.2486538,-0.9788403,-0.2878103,-0.3132992,-0.5709624
-0.4702333,-1.2555303,-1.0386367,-1.0499746,-0.5523020,-0.4010144,0.6262844,-0.6378586
-0.2109921,-0.6894072,-0.7073676,-0.9585169,-1.1072081,-0.7004369,0.7309460,-0.4212550
1.2735052,0.8232911,0.9203879,0.6816872,-0.0109098,1.1435079,1.7958850,1.7165935
1.6341361,1.5674732,1.6757420,1.6724465,0.9686141,1.7441378,1.8335562,2.4909815
0.5476557,0.6379443,0.5824686,0.3914050,0.4661886,0.5847565,0.3606024,0.3845740
-0.2964166,0.6982485,0.6635615,0.6592569,1.7683159,1.3646444,0.6286413,-0.3395917
-0.5889493,1.0639616,1.2656652,1.9436677,3.2815994,2.2017653,1.3942432,-0.3414527
-1.6183250,-1.0090479,-0.4721691,-0.0791486,0.3779994,-0.0234642,-0.6103607,-2.2961435
-1.1265763,-1.1961125,-0.6066959,-1.1483621,-1.1354202,-0.6541334,-0.9138599,-1.4801700
0.3496986,0.1727254,1.0217105,0.0535206,0.4309933,0.5452896,0.6008556,0.2782142
-1.5386164,-2.1020514,-1.1379952,-1.6379815,-1.8150241,-1.8247876,-1.7855083,-2.8334877
-2.8831093,-2.9861581,-3.0304037,-2.4664657,-3.2526794,-3.5265247,-3.3676201,-4.2838702
-1.5606361,-1.4198320,-2.0698378,-0.9979139,-1.5825410,-2.3643997,-2.4668709,-2.5104323
-0.3217560,-1.5053566,-1.7389166,-0.9308770,-1.5046379,-2.0272616,-2.4202318,-1.4902508
2.1510547,-0.1845867,-0.4673942,-0.0103222,-0.3189124,-1.0259250,-0.8014120,0.1584784
3.0653921,0.7627465,0.0906975,0.3836439,-0.0936710,-0.9798715,-0.5891752,-0.3583445
2.3161973,0.7861257,-0.0637009,0.4758636,-0.2630857,-1.0588801,-0.9799200,-0.5958378
3.5882248,3.5735254,2.4775121,3.6997336,3.6580318,2.0531207,2.0343637,2.7979361
2.7431097,2.8382315,1.8768756,3.4928338,3.4138740,1.6613478,1.1881632,3.2198012
0.3638588,-1.7503960,-2.1074767,-0.7351334,-1.4825322,-2.4302539,-3.2327992,-0.8720335
0.5324871,-1.9932945,-2.3881103,-1.2345626,-2.2456959,-2.7245156,-3.3606451,-3.2368844
0.8272334,0.3654903,-0.4706276,0.4058142,-0.0497686,-0.3957556,-1.0033534,-1.1643820
-0.6253954,0.1970492,-0.3586337,0.1144840,0.6280612,0.3619926,-0.3322854,0.6909411
-1.1094175,-0.0702278,-0.2065763,0.2677061,0.6447644,1.0003107,0.4817482,1.3433659
0.3653753,1.3405557,1.3476319,1.8056034,1.9075124,3.0034231,2.5402286,3.6164659
-0.9573153,0.0155023,0.4429346,0.5727328,1.1295546,1.9852724,1.6513449,2.3367981
-4.3777664,-2.7405603,-1.9375289,-2.3622891,-1.5186659,-0.8982094,-0.8418356,-1.4579126
-3.7860669,-1.7179719,-0.5197804,-1.6596159,-0.8524869,0.5108064,0.6724460,0.2334726
-2.3501753,-0.7546585,0.6363790,-0.8016801,-0.4312118,1.2666446,1.9636305,1.5858355
-2.2041756,-0.9301327,-0.0988468,-1.8249239,-1.5963015,-0.4250472,0.9886537,-0.7477152
-0.7454023,0.4871995,1.0390032,-1.0401684,-0.3840899,0.3419011,1.2133662,-0.3519028
0.1405655,1.1269349,1.8386738,0.1899468,0.6645980,1.2631021,1.6954989,1.2397985
1.0240671,2.0469161,2.7264210,1.6909206,1.9949299,2.4550987,3.3092210,3.3793585
1.5237926,2.7370428,3.1619657,2.2039193,2.3282677,3.0037611,3.7310224,4.0648859
0.2406812,1.0746440,1.3325364,0.3807876,0.0034188,1.0620267,1.5457196,1.4627046
1.1696409,1.2859275,1.7976656,1.1588954,1.1423376,1.3281197,1.7026819,1.0706031
1.4522093,1.1997860,1.5561787,1.0493491,1.1149204,0.4876656,0.4547711,-0.0735819
-1.4289462,-1.3232591,-1.6034710,-1.8679667,-2.1856390,-2.7190281,-2.9938360,-2.5882574
-2.0988244,-1.7951099,-2.3008695,-2.1427883,-2.4786934,-2.7763617,-3.2200800,-2.8913161
-1.3372179,-1.7328810,-2.3148308,-2.5809595,-3.5987696,-2.5630009,-2.7466464,-4.1314925
-1.1023700,-1.5767601,-2.0465851,-2.2667939,-3.3835931,-1.8950608,-1.4752776,-3.0762833
-0.3675847,0.0995643,0.1860717,0.9346698,0.9756421,0.4659950,0.7261402,0.0099695
-1.2544237,-0.1001983,-0.4768866,0.4116439,0.5300369,-0.7397492,-0.9560964,-1.1997786
-2.0005932,-1.0037429,-2.6056337,-2.0770576,-2.4359416,-2.4018296,-2.8528059,-2.7080752
0.0410849,0.0602776,-1.2904873,-1.0454371,-1.0574335,-0.4743945,-0.9317386,-1.4952918
2.4024577,1.2167906,0.8277975,0.7070064,0.5771975,0.9180108,0.9028182,-0.0454929
2.9765029,1.6278996,1.3488642,1.0613802,0.7141858,0.8633155,0.7750836,1.4868669
2.3649790,2.0964109,1.7133322,1.4472636,2.1545353,1.7281880,1.0371388,1.6409781
1.4691705,1.0180974,1.3575016,1.1522844,2.7031173,1.7293564,1.3296250,-0.4293974
-0.2850121,-1.9090820,-1.0395254,-1.2416634,-0.3226263,-1.2734179,-1.0873827,-2.5206543
-0.2575775,-1.3510002,-1.2339321,-1.1917218,-0.9913631,-1.6933574,-1.4169150,-1.0037323
2.0117611,1.5849516,1.5457630,2.3703511,2.0925388,1.8091385,2.2185790,3.2699072
1.8978646,1.0703847,1.6083628,2.6816530,1.9430720,1.8095555,2.0558888,3.8895683
1.0324113,0.1851106,0.4821986,0.9763628,0.7274000,-0.0670250,-0.4735615,1.6264219
2.2758631,1.7742016,1.7705640,2.2653427,2.5703872,1.2817190,0.6450707,2.4497142
1.6526716,1.4284449,1.2224329,2.0947630,1.9398083,1.0794692,0.8565206,2.3314936
-1.6604669,-1.8041795,-2.1275641,-1.3658821,-2.1100184,-2.4141233,-2.2516339,-2.5823719
-2.7372044,-2.6355126,-2.5912208,-2.4154877,-2.7824291,-2.7407706,-2.5999611,-3.1073452
-1.5568514,-0.7681623,-0.9534325,-1.5370335,-0.9805518,-0.7094623,-0.7425867,-0.1660550
-1.3309554,-0.6568217,-1.2415047,-1.4297661,-1.2871643,-1.0263575,-0.8127388,-1.1830212
-1.2755294,-1.4593694,-1.7749078,-0.9595542,-1.9023665,-1.8757972,-1.3301346,-1.5256546
-1.6593258,-1.5774156,-1.9359642,-1.2653473,-1.6576981,-2.2208952,-1.9357118,-0.7060695
-1.1598985,-0.5900264,-1.0444683,-1.1203384,-0.6943036,-1.1686705,-1.0916300,-0.6857331
0.3768803,0.4934288,0.6943073,0.1226425,0.0362179,0.9079990,0.7562521,0.7581244
-0.1855328,0.1002319,0.9761543,0.4442877,-0.0888125,1.1316462,0.5513417,1.2192897
-0.4065409,0.2284984,0.9533302,0.6916046,0.7232984,0.6418038,0.2067197,-0.2393063
1.3959769,1.5910213,1.9472601,1.4644551,2.1826186,1.5499639,1.3509566,0.0241247
0.7154716,0.8037377,1.2583677,0.7640356,1.4559811,1.4569339,1.1184139,0.7535254
-1.2919505,-1.3402161,-0.8132218,-1.0026193,-0.8514469,-0.1848239,-0.7188107,-0.4229852
-0.7380005,-0.7354480,-0.3079275,-1.0041554,-1.2578514,0.4477553,-0.0103993,0.9760786
0.6211296,1.3048883,1.7483482,0.6997371,0.9280168,2.9102044,2.7167843,3.6590303
1.1024469,1.4629398,2.1117347,2.1087700,2.8417424,3.4875012,3.2391122,2.8524952
1.6633491,0.8818112,1.4199216,2.4401807,2.3221971,2.2945609,2.2270414,1.9529460
1.6446726,0.1973433,-0.1411595,0.6984231,0.0960740,0.1070096,0.7019776,1.2504674
1.2069799,-0.7033203,-1.2553181,-1.0010180,-0.8029217,-1.3965223,-0.4162102,-0.9718184
1.7231200,0.0308567,0.0554137,0.5382675,0.6458789,0.0862301,0.8905962,-0.5731674
1.3861038,0.6989945,0.5400061,1.6433932,1.2034246,1.0513509,1.8199591,0.7526245
-1.1291920,-1.3422740,-1.4787728,-0.8223512,-0.6448178,-1.3409069,-0.2575170,-1.4991309
-2.3178573,-2.3339283,-1.9658038,-2.2243121,-1.3893968,-2.6385529,-2.3028143,-3.2388238
-2.0165110,-1.3975902,-1.4543786,-1.8344277,-1.4636856,-2.5640328,-3.3343816,-3.1397356
-2.2079020,-1.0367207,-1.6685363,-1.7772990,-3.0625560,-3.1322939,-3.4443666,-3.7350955
-1.1813147,-0.1407053,-0.6012255,-0.5311041,-2.6421928,-1.8722532,-1.2960182,-2.4843836
0.6138921,1.0311308,0.7079330,0.5596562,-0.0382423,0.0434920,0.6684054,-0.3184410
1.6700060,2.0335213,1.6152110,1.1325525,1.9049482,1.3621805,1.3151581,1.1309557
1.0428141,2.0180824,1.5895876,1.5117606,1.7947185,1.6408136,1.1280383,1.0538706
-1.5716102,-0.0224174,-0.5471220,-0.5177585,-0.8556399,-0.8825248,-0.9052305,-2.2853780
-3.0883084,-1.3938628,-1.8250868,-2.3842349,-2.3746677,-2.2898943,-2.4425705,-3.3984766
-2.0100760,-0.4446564,-0.7575292,-1.3853734,-0.7063245,-0.0929992,-0.8296228,-0.3147516
-1.0671598,0.8388540,0.2344351,-0.2465673,1.0363245,1.2360657,1.0659563,1.3242331
-2.6718375,-0.9952515,-1.3915460,-1.4633102,-0.6897840,-1.2309553,-1.1203392,-0.6261382
-3.5826136,-3.5725350,-3.0374782,-2.9610184,-3.2134283,-3.1742896,-3.4254575,-1.8796352
0.0150410,-1.1320820,-0.0706382,-1.0469807,-1.1569260,-0.1623270,-0.4221400,0.4730030
4.2273246,3.0822356,4.0527559,2.4301467,2.7281510,4.1321590,3.3938597,3.1489140
6.2359270,4.8865494,5.8667019,4.5740535,5.2567944,6.4005609,5.3727295,5.6015112
5.8146237,4.3031009,5.1057080,4.6154350,5.3153520,5.6901205,5.5084880,7.1077039
2.3394614,1.3712979,1.5937468,1.9702590,1.7302311,1.7522111,2.3902267,4.3735047
0.4493476,0.0591035,0.0733542,0.4445400,0.2662984,-0.3251765,0.5995711,1.3535297
1.4654983,1.0289402,1.0887229,1.1306368,1.3967155,0.5006375,1.2481986,0.9239272
0.7784601,0.1948767,0.1306804,0.3898093,-0.3024235,0.4074888,0.7160589,0.9828005
-0.1657088,-0.4685775,-0.9615940,-0.2889643,-0.8172542,0.3836343,0.0541592,0.7781412
-0.6436329,-1.1154563,-2.0440575,-1.2163281,-0.3850421,-0.9177333,-1.7984203,-2.1519442
-2.3712607,-3.4220317,-4.0358291,-2.9035325,-2.4991309,-3.8756053,-4.1770518,-5.4165296
-2.0554165,-2.7852327,-3.0291396,-1.7634124,-2.3243770,-3.3561701,-3.1654217,-3.5685497
-0.0984738,-0.2330992,-0.5381858,-0.2706916,-0.5798321,-0.9468221,-1.1685229,-0.9818402
0.7039842,-0.1494532,0.0187959,-0.1942126,0.0216981,0.0460285,-0.0379989,-0.7009191
1.8283252,0.0541013,0.6638187,1.3603265,1.8837575,1.1859774,1.5862552,1.1489919
1.2903028,0.3946120,0.4112680,1.4441220,1.4030843,0.4807979,0.6962773,2.3167847
-0.3645238,-1.1556815,-1.2831458,-0.6750489,-1.5348657,-2.1454161,-2.3411787,-0.7488417
-0.0404268,-2.6276793,-2.1277256,-1.6879199,-1.9161421,-3.5011569,-3.3704711,-3.7940503
0.6609484,-1.9098289,-1.7173338,-1.1534563,-1.3003554,-3.0138994,-2.5328647,-3.2915189
1.2912052,0.1472457,-0.1885888,0.7533786,0.0727896,-0.8155669,-0.8458315,-0.8227337
2.2579536,1.6697125,1.2786287,2.6306988,2.7575679,1.3691622,1.4954129,1.3631283
1.1951029,1.1849092,0.6732240,2.1074222,2.3317645,1.2180171,1.9420582,2.0933841
-0.9894182,0.1156233,-0.5880581,0.5359292,0.1209895,0.8106080,0.4813365,0.9846729
-1.7313491,0.8397043,-0.2150545,0.2982062,-0.3765450,1.7874236,0.6250357,1.2911301
-1.7054526,1.5124333,0.6808135,0.4392032,-0.3442414,1.5913596,1.4414216,2.3792480
-2.8556482,-0.4907117,-0.6500994,-1.1890011,-0.7764849,-0.8725162,-0.6258562,0.3959172
-2.8033482,-1.2311308,-0.7326770,-1.3989898,-0.2481901,-1.0779120,-1.1165487,-0.9098788
-1.8474294,0.0650863,0.9896004,-0.3087382,-0.2684456,0.6642025,0.6395171,0.2545587
-2.9112651,-0.6019899,-0.1025019,-1.9420438,-2.4482258,-0.4023097,-0.9304667,-1.0597265
-3.1522568,-1.4454651,-0.9503235,-2.8799239,-3.4942098,-1.3062961,-1.8195973,-1.8062074
-0.2096245,0.4888285,1.4915153,-0.5162790,-1.3749842,0.9100807,1.2727131,1.4707836
1.1236838,1.5210881,1.9780213,0.4039297,0.2780557,1.2621605,1.5879698,1.5534500
-0.4680258,-0.0736368,-0.2806932,-0.6357021,-0.6069360,-1.0009366,-1.2826702,-2.1727163
-1.4050446,-1.1934485,-1.3221376,-1.6226083,-2.2805992,-2.2223375,-2.7015184,-3.6100816
-0.4875378,-0.3014885,-0.1809426,-1.3658742,-2.2918207,-1.1645847,-1.6684803,-2.4086589
0.4490666,0.3446388,0.5828189,0.0230668,-0.6044758,0.0504861,0.0860903,-0.6892013
0.7190318,0.1429030,0.1626505,0.5968896,1.1614089,0.0594527,0.8652359,-0.6259574
0.6060015,-0.0494042,0.0376295,0.6776321,1.5271501,0.2706340,0.8330696,-0.4929626
-0.4134121,-0.8496205,-0.4108826,0.1376350,0.3224261,-0.0712558,-0.1407989,0.1927577
-0.4891779,-0.6599843,-0.5270842,-0.2576597,0.1804819,-0.5365973,-0.3466093,-0.2408386
1.2368314,0.9502910,0.6547923,1.1814347,1.7917123,1.0115293,1.8020159,0.7345822
2.5512964,1.9954579,1.9570295,2.3277830,2.8671150,2.9232765,3.6211409,2.3705657
1.0035595,0.8589788,1.1067948,0.8032430,1.6098408,1.4077911,1.4983120,1.0470220
-0.2088070,0.7346158,0.6349213,0.6269973,1.7168799,0.4774065,0.2739315,0.2042368
0.3139172,1.9177402,1.7112882,1.9827904,3.3165857,2.1816286,2.1090354,2.1992786
-1.5368916,-0.9138469,-0.7094043,-0.6084524,-0.2016541,-0.5304591,-0.3680207,0.6125659
-2.2604101,-2.9239384,-2.8894040,-2.9055040,-4.0495211,-3.2906294,-2.7663068,-1.8134757
0.5916368,0.1464582,-0.2812450,-0.5884533,-1.2829203,-0.4221328,0.3477236,-0.2787602
0.5151589,0.6090081,0.3399774,0.2724891,0.7487102,0.0439144,0.3576169,-0.3674689
-0.8572286,-1.2247928,-0.8132904,-0.7263265,-0.7579666,-1.5907186,-1.9639503,-1.8021897
0.7303264,-0.3505672,0.2337904,-0.1401708,-0.3850520,-0.0555011,-0.6564122,0.1909356
3.7215774,2.3862999,2.3074107,1.7868505,1.8395261,2.5510462,2.1607210,3.1943476
4.0471837,2.6626024,2.4244389,2.4506906,1.5456660,2.6395267,2.6382666,3.0685957
1.9813782,0.1324407,-0.1972357,0.6191294,-0.4129082,0.2377578,0.0665697,-0.0437750
0.2072365,-1.3111013,-2.1998705,-1.4609557,-1.1086087,-1.4456894,-1.7059291,-1.1725117
-0.4770063,-0.8506050,-1.3850978,-0.9469669,-0.0123223,-0.3888314,0.0223585,0.2012417
-0.8358137,-0.5675749,-0.8147611,0.0619068,0.7771518,0.5993653,0.5229196,-0.6193541
-0.9133358,-0.2475673,-0.5778214,0.3208320,0.7600313,0.6892626,-0.3962913,-1.1066766
-0.1808359,0.0872345,0.3831455,0.4239264,0.7195351,0.8942277,0.1342030,0.7292957
0.9124476,0.8470918,1.2040284,0.6259280,0.7165566,1.3073869,1.0982051,0.9971726
1.6612438,2.4240085,2.2940482,2.3027101,1.7573012,2.4837641,2.5706303,1.3260162
1.4225038,1.7352618,1.5135416,1.9833979,1.3690404,1.7485242,2.0042383,1.8470738
0.5146388,0.0337020,-0.4209913,-0.5787829,-0.7758068,-0.1803448,-0.3161799,0.9407935
-0.4520731,0.0211281,-0.4804051,-1.0972768,-1.5272408,-0.6374101,-1.4560312,-0.1296850
-2.3710606,-1.7145895,-1.7807832,-2.5141070,-2.9710101,-2.9383236,-3.8333865,-2.3354381
-1.5441959,-1.7701435,-1.4178568,-2.0963183,-2.2182418,-2.7089492,-2.8775622,-2.0109460
1.4645920,0.7943898,1.3908643,1.0083242,0.8403234,0.8398467,1.1980726,0.6824686
-0.4042961,-1.3100695,-0.8130175,-1.0301629,-0.9568388,-1.5496662,-0.9475657,-1.3544016
-2.6448724,-2.9451244,-2.3055219,-2.3607870,-1.8135855,-3.2858642,-2.3402582,-2.4110132
-0.5892158,0.1128950,0.9345276,0.8853676,1.3302264,0.8023428,1.4195814,1.6694178
0.4341765,1.5237174,1.7402670,1.5227815,1.5798704,1.8390189,1.7854326,2.8725057
-0.0766174,1.1616356,0.7869617,0.6780321,0.8496480,0.2549530,0.4515382,0.1424700
-0.4305419,0.3589692,-0.1530498,-0.0794964,0.4698316,-0.7802568,-0.3724223,-1.2239235
-0.3351629,-0.2443404,-0.3548962,-0.4932708,-0.0600541,-0.8750830,-0.9127305,-0.2774914
0.6751960,0.5412783,1.0472472,0.7132066,0.6101332,0.7716066,0.5881103,0.4580843
1.3274725,0.2074426,0.7829787,0.9107887,-0.0397579,0.8419942,0.4551831,-0.5450550
-0.2973404,-2.0267770,-1.6957031,-0.8347303,-1.9175396,-1.4120140,-2.2084899,-2.0576264
-0.5827228,-1.1337178,-1.2409142,-0.2517914,-0.0012401,-0.6488659,-1.0456090,-0.8338425
0.3447149,0.6646408,0.1096675,0.8099720,1.5494993,0.6987247,1.2468475,1.1279497
-1.9922130,-1.4138074,-2.0343412,-1.0909003,-1.5602042,-1.7234828,-1.0537635,-1.6412232
-4.6669835,-3.7209992,-4.0444442,-2.8449115,-3.8949747,-3.5926338,-3.3802314,-3.9519580
-4.1799091,-3.8099408,-3.7497763,-3.2019116,-3.7240448,-3.0872925,-2.8587103,-2.9788782
-2.4092839,-2.1877329,-2.1419181,-1.9512655,-1.5262543,-1.3118233,-0.9693749,-0.8233821
0.4917277,1.1961252,1.0876926,1.2582542,2.4703440,2.0302128,2.5370231,1.9568080
1.5411422,2.0411424,1.8884974,1.6553834,2.4994738,2.7061060,2.9302981,2.0281246
0.7104071,0.9971921,0.6451280,0.2314987,0.4743800,1.0623991,0.5362419,0.7705068
0.6251338,0.6214602,0.4075445,-0.2902797,0.2715078,0.5039549,0.1842832,1.1173440
1.0460616,1.0356337,1.1756902,0.0501020,-0.1358004,1.0102685,0.9932770,0.9599207
1.4327910,1.8585966,1.9650162,0.8839853,-0.2914366,1.5402024,1.0536636,-0.1248556
0.2652708,-0.0297361,0.5067457,-0.3760308,-0.4031435,0.1481293,-0.3608850,-0.9328584
-0.3783748,-1.2778135,-0.4791175,-1.0549723,-0.5280910,-0.6195615,-0.7750719,-0.2008002
1.5417368,1.2932259,1.3420784,1.1365131,1.0463248,1.3788228,1.4356203,2.3927201
1.9198734,1.8565099,1.5463528,1.3355819,0.7701008,0.9851870,1.1159909,1.6292910
0.0518020,0.1146467,-0.1235571,-0.5431030,-1.8172255,-1.8538735,-2.1301468,-1.8966971
0.9911661,1.4171404,1.2932373,0.6844939,0.2066696,-0.3118575,-0.8651099,0.0497914
3.0328312,3.4110709,3.4044622,2.7150141,3.5239705,3.0194283,2.6930437,4.4777379
2.9796203,3.2789135,3.1020600,2.7011817,3.1234147,2.9000152,2.9743640,3.8251108
1.3861794,1.1290288,1.1480009,1.1104221,1.5701391,0.9229216,1.3293545,1.7582103
2.4021696,0.9864488,1.3572439,1.3134574,1.7250065,1.5010727,2.0312622,1.5254850
2.1935376,1.6273261,1.4751758,1.9101771,1.3778430,2.0939598,2.6196180,1.5551340
-0.6766676,0.5647036,-0.0961606,0.5417275,0.7846400,0.5553258,1.1321931,-0.1124426
-2.6157030,-1.3373198,-1.6199662,-1.3203609,-0.3456289,-1.3263564,-1.2017372,-1.1322713
-2.2541397,-2.0025277,-2.1632716,-1.7170343,-2.0280525,-2.1783625,-2.8324258,-2.1482728
-2.2356365,-2.7280929,-3.3388207,-2.7617530,-3.4252657,-3.6344129,-4.1577455,-3.9836993
-0.9163975,-1.8844869,-1.9928880,-1.5194017,-2.3197574,-2.3874417,-2.3640781,-2.8410037
1.2892326,0.0869581,1.3009080,1.3827844,0.3507689,1.2936382,1.1791997,0.5281318
0.6846130,-0.5682846,0.7840137,0.6249430,0.5911880,0.5434225,0.6122422,0.9479751
-0.1740750,-0.9646284,-0.8101309,-0.4911703,-0.2378553,-0.8295392,-0.6109050,-0.1228940
2.4895673,2.0940341,1.3040840,1.6969221,2.0425367,2.2756199,1.6661030,0.8605450
1.9329293,0.7460460,0.0907946,0.7294402,1.3189548,0.5507122,-0.1219843,0.1375840
-0.8218018,-2.9281273,-3.0527394,-1.8843802,-2.2044540,-3.3413086,-2.9321545,-3.3007837
0.5436349,-1.2534495,-1.5250743,-0.3743600,-0.8317873,-0.9756017,-0.1411844,-1.6658682
1.1759689,-0.5464163,-0.5068899,0.5226752,1.2571596,-0.0443883,1.0227832,1.2362693
-0.6125935,-2.4170209,-1.3423762,-0.6625380,0.5830866,-2.0531227,-0.9854753,-1.6425991
-0.2282650,-0.6921815,0.0546957,0.7407915,1.5295667,-0.1340649,-0.2326734,-1.9564304
1.4028570,2.1393758,2.5377590,3.5532851,3.5504568,2.8171628,2.7848180,2.5576810
1.1074534,1.9338065,2.9886007,3.9211433,3.5779152,2.1618819,3.3844151,4.6482135
0.5528085,1.1641682,1.8015570,2.3717814,2.3442705,0.5688332,1.7971347,2.2394771
-1.9441055,-1.3691538,-1.0631875,-0.8925434,-1.2153803,-2.0517155,-0.5954039,-1.1677181
-5.3244422,-4.1552198,-3.2685300,-3.3748209,-4.1651801,-4.3420912,-2.3244276,-2.1164280
-4.0578427,-2.7189955,-1.7286063,-2.5095745,-3.0728716,-2.6730982,-1.4088030,-2.2696609
-2.9402875,-2.5239033,-1.3034989,-2.7547316,-3.3663094,-3.2032357,-2.4491339,-3.8184224
-5.0937329,-5.4601937,-3.7134939,-5.6294322,-6.0719959,-7.3152294,-5.7056266,-5.1371913
-4.9843718,-5.2281989,-3.7390919,-5.9243893,-5.4577392,-6.4634887,-4.4118208,-5.3626426
-3.9363661,-3.4618472,-2.4386542,-3.8898443,-2.9700237,-3.3541359,-1.6911647,-4.4663489
-3.6731482,-2.7682880,-1.1042086,-2.5591591,-2.3953136,-2.7907971,-1.0504891,-1.1301922
1.7502156,4.4377520,4.0777129,1.6876060,1.2027033,4.7110125,3.1824575,4.0793115
5.8668473,13.6303025,6.0674633,2.8399497,3.4045048,16.3743507,5.8504252,8.8991385
5.4996238,16.6771711,3.9606682,-0.4744059,0.3179862,20.8148789,4.3477888,9.8537390
3.9558119,12.0776004,2.7465019,-0.9452213,-0.9003345,14.6751518,3.0456595,7.8935522
3.5540265,4.9850684,3.9621597,1.9521588,2.3564674,4.3235482,3.1295814,2.0499094
-1.3914588,-3.3139761,0.5686455,-0.1739710,0.7501300,-4.6925526,-0.4715767,-1.5558413
-1.7472149,-3.8880666,-0.5181049,-0.3540566,-0.1713565,-4.8593467,-1.3965665,-1.8723491
-0.3459185,-1.1960942,-0.1197684,0.2902170,-0.9413976,-2.5729030,-1.5687940,-3.7458352
-2.3820428,-2.1410508,-2.0972139,-0.9908972,-1.7500359,-3.1359938,-3.1669268,-4.3846827
-0.2818520,0.3082531,-0.2333605,1.3298724,2.0739944,0.1908303,0.0905598,0.0974726
3.5297805,3.8932003,2.9466128,4.7368825,4.8088550,4.0247795,4.1928695,3.9825494
2.7901407,1.1530589,1.2383944,4.7868412,3.6318614,0.4693316,2.0701604,0.4599029
-3.0742838,-4.9683488,-4.4735085,0.2888610,-0.7555174,-5.5589392,-3.9911159,-2.9298965
-5.6647037,-6.0373811,-6.0945252,-2.4453820,-3.1732909,-5.5388248,-5.3928763,-1.8993469
