-0.7797443,1.2655928,1.6159259,-0.2075968,-0.1884320,0.7671634,0.8159311,-2.7501738
-4.1043168,-2.2368661,-1.0444298,-3.4611454,-1.9109477,-1.0149294,-1.2554667,-0.4314778
0.9018745,0.5999541,1.8787226,0.4358741,1.6285963,1.7484792,1.7426099,0.8466417
2.7475399,1.5512277,2.4613526,1.1793851,1.2491832,1.5969585,1.8976104,-0.3369523
0.7290750,-0.7248202,-0.2856979,-1.7437308,-1.9857327,-1.4683453,-1.2246462,-1.1325987
-0.2347915,-1.6277564,-1.3849194,-2.7884901,-3.0051562,-2.6650881,-2.4612792,-1.9777385
0.0039273,-1.6052395,-1.0827051,-2.1059893,-2.2169661,-1.8433921,-1.9408761,-2.0669073
1.0088340,-1.4479863,-0.3978186,-0.6169556,-1.1127787,-0.7400721,-0.8885996,-1.7588843
-0.6921559,-1.1554512,-1.1253732,-0.6647747,-1.1563830,-1.1260985,-1.2697053,-2.0167250
-2.1815230,0.8606565,-0.9820136,-0.3918129,0.0039473,-0.5999749,-1.3289716,-0.6980444
-2.0662049,-0.2245228,-1.4103739,-0.5384410,0.0490985,-0.7276095,-1.5145029,0.4117133
-1.2064934,-1.8991363,-1.6616314,-1.2735948,-1.1517927,-0.7671313,-1.2091247,-0.0680564
1.3166957,1.0995838,1.4697785,0.6855864,0.9790001,2.3163224,1.9464933,3.6169401
2.8985582,2.6464319,2.9831342,2.3917894,2.5740273,3.0808579,2.9267153,5.5565844
1.0320870,-0.2259703,-0.0073748,-0.0059488,0.2553699,-0.4891647,-0.2337190,0.8646544
0.0217403,-1.2502148,-1.0552484,-1.1623502,-0.5655774,-1.5292857,-0.8787650,-1.1674648
-0.0418278,-0.5503332,-0.1108386,-0.0605950,-0.2337403,-0.8966576,-0.2156929,-0.1134456
-0.9488513,-0.9836762,-0.5000202,-0.1948196,-0.8980456,-1.4319005,-0.9262193,-0.3304883
0.5700593,0.2595880,0.2826360,0.5120944,-0.0421122,0.1736905,0.4473840,1.3904118
0.7931024,0.6781955,0.0254946,0.4790315,0.2267098,1.3998024,1.4316047,2.0819486
-1.2255072,-0.3928438,-1.1993682,-0.7684471,-0.4628730,0.5118270,0.6280692,-1.6683033
-1.5472885,-0.6658978,-1.2254119,-1.3062293,-0.7520324,-1.0325152,-0.5855785,-3.3121203
-0.0448855,-0.0229516,-0.4319813,-0.9659363,-0.6909551,-1.6375674,-0.7427476,-1.4633896
1.8838832,1.7237078,1.4396481,0.8571286,1.0967277,0.5627585,1.4341742,2.0541632
1.6300381,2.3444375,2.2673352,2.2323026,2.2099553,1.9589477,2.2458714,2.9545816
-1.1206618,-0.3646818,-0.2606750,0.2264598,-0.1627388,-0.5678727,-0.4599702,-0.3194422
-1.2897867,-0.6111088,-0.8679804,-0.7940813,-0.9661089,-1.5275742,-1.1138516,-2.8302432
-1.7955761,-0.9262106,-1.2772462,-1.3476849,-1.2545398,-1.5648272,-1.1943347,-1.1882676
-1.8860514,-1.3811804,-1.2575434,-1.1158237,-0.8184640,-0.7206994,-0.3349926,0.4386655
-0.6734167,0.1837807,0.2876299,-0.0373190,1.0288440,1.4488636,1.6893055,0.1612205
-0.9318579,0.0838185,0.0580120,-0.0754633,0.5524606,1.6925900,0.7162570,-0.4287856
-1.3501702,-2.0465849,-1.6696221,-0.6466677,-0.7022843,-0.0390091,-1.8955003,-1.5957281
-0.8770374,-2.3668289,-1.6300771,-0.4395320,0.2033432,-0.7682629,-1.9430082,-2.3683638
0.6373274,-0.1725897,0.2424632,0.8524056,1.1725498,0.1958527,-0.1553919,-0.0968614
3.1305752,2.6545791,2.2357374,2.5946397,1.3849504,1.8731136,1.8501592,2.1241510
2.8787289,3.0912807,2.4716441,2.5861023,1.4361059,2.1477583,2.3337446,2.1822671
1.0259330,1.6737913,1.3455481,1.1535948,0.9459103,0.6212548,0.6188599,1.2666495
0.1090588,-0.4353475,-0.4883779,-0.4939758,-0.7441988,-1.1780682,-1.3045639,-0.0600053
0.5709344,-0.2568307,-0.0466394,0.1163436,-0.3063482,-0.3235347,-0.3393610,0.3943820
0.6037843,0.6394856,0.6012819,0.4990363,0.6522965,0.5316457,0.2871422,0.5408506
-0.1427946,-0.6032103,-0.6076308,-0.8387860,-0.5020011,-0.4144978,-0.5218727,-2.2160979
0.5656146,0.2814608,0.6303879,0.1902507,0.0499152,0.7307497,0.8129687,-1.7759813
0.8119999,1.6226935,1.3780700,0.7616164,0.2330707,1.3857567,0.8936959,0.4614494
-0.8371771,-0.2668376,-0.5809190,-0.6356140,-1.3393645,-0.3115050,-0.8413427,-0.8411742
-1.9745360,-1.3979978,-0.9388781,-0.5024712,-0.7196196,-0.8518973,-0.8212210,-0.7441597
-1.5177897,-0.8597095,-0.4684622,-0.6056579,-0.3687555,-1.2936467,-1.2365032,0.2103595
-2.0219874,-2.0257474,-1.9846177,-2.4446965,-2.2749157,-3.0942245,-2.7712646,-1.1957368
-2.2823815,-1.8075958,-1.9487687,-1.7257559,-1.9449333,-2.3358524,-1.4493448,-1.1199780
0.3159694,0.9710220,1.0702718,1.2870049,0.2895291,0.9532733,1.2658936,1.0780662
2.7982257,2.3810073,3.0525630,2.1259672,1.6050254,2.7354704,2.0479771,3.2566627
2.6233879,1.8869134,2.2261560,0.9518730,1.5996656,2.2877509,1.5181771,3.5683383
1.2034890,0.8622706,0.6996986,0.3578819,0.8150705,0.8468043,0.9160873,0.6930113
0.2316255,-0.4148944,-0.3752317,0.0042763,0.3990994,-0.6072604,0.3958323,-1.2144516
-0.1453107,-1.7734887,-1.4550758,-1.3129822,-0.9349168,-1.8979260,-0.8600284,-2.2670457
-0.9680094,-2.5731460,-2.1999183,-2.7181180,-2.9516830,-2.7480606,-2.2377332,-2.2662919
-0.2050395,-0.5476930,-0.6244669,-1.2764342,-1.1278299,-0.6361972,-0.4951121,1.1109030
0.6735262,1.3762147,1.1234641,1.1117876,2.0844810,1.9159635,1.8737316,3.0307367
0.4131460,1.5048619,1.6583165,1.7878102,2.3290323,2.1980457,2.1272136,2.7856352
1.0184586,1.5450238,1.8584269,1.4847118,1.2336920,2.0289704,1.9289804,2.8360213
1.1484153,1.4911989,1.6087922,1.1392764,0.9654020,2.0961548,1.5924756,2.2746193
0.8287453,1.6484151,1.4464183,1.3050084,1.4951825,1.5786418,0.8411975,0.7033422
0.4315957,0.8047620,0.6032565,1.1445526,1.0133896,-0.0244862,-0.3962150,-1.6556917
-0.6937723,-0.2477540,-0.7062301,0.3382929,-0.2522493,-1.0923723,-1.3652051,-1.8291662
-0.7032540,0.5103976,-0.7337357,-0.0393001,-0.0462060,-0.1851713,-0.3426212,0.1164062
-0.8572844,0.0341771,-1.0844753,-0.6817703,0.1064355,0.7055549,0.8873300,0.4373433
-2.3323614,-1.9888029,-2.1858306,-1.2620374,-0.8249671,-0.2306561,-0.1476015,-1.2892291
-1.5190925,-1.9669967,-1.4783165,-0.3818474,-0.8299672,-1.1405835,-1.1659457,-1.7695914
0.5081850,-1.2219685,-0.3073871,0.1096410,-0.6814189,-1.2145541,-1.1103047,-0.9640490
-0.0128236,-1.8638015,-1.0547938,-1.2624233,-1.6585131,-2.3059640,-2.0578817,-1.5240059
1.3575652,-0.5208522,-0.2920438,-0.9546430,-0.8497358,-1.7105767,-1.4569092,-1.8394544
4.1853879,1.9931947,1.8905298,1.4011598,1.5000820,0.7557985,0.9236208,-1.0606227
3.5252591,1.7251034,1.7795641,1.6939005,1.6703920,0.8351853,1.3169535,0.0942889
1.5199332,-0.7488204,-0.4768544,-0.4486209,-0.4644639,-1.0773863,-0.5968603,0.5886583
-0.5285854,-2.7081479,-2.5252626,-1.6862324,-1.9003509,-2.1871770,-2.2895866,-1.2167900
-0.8259776,-1.5468303,-1.4652669,0.0487679,0.1422127,-0.6271110,-0.6310022,-1.7116993
1.2319396,1.4077819,1.2078127,2.3551387,3.0547887,1.6040192,1.6584033,0.1485222
1.4031495,2.3835668,1.5552605,2.6587304,2.5600981,1.2943782,0.9674839,1.1812622
0.2885352,1.9606456,0.8838799,2.4048516,0.8711990,0.5086634,0.3651870,1.0068129
0.1374994,1.7518633,1.1161095,1.8782935,0.6655839,0.9925488,0.7484300,0.9597761
0.1494870,1.4116494,1.4337805,1.2853613,0.9840813,1.7229724,1.2731923,2.1640988
-1.2057387,-0.3732936,-0.1405556,0.1075113,0.0615602,0.8226467,0.8285461,2.2248242
-2.7009895,-1.8587506,-2.1093747,-1.8170770,-1.3290196,-1.0879245,-0.6675604,-0.3162718
-3.8158844,-2.4451059,-3.1017894,-3.1842278,-2.4818823,-2.6322572,-1.9940565,-2.5042506
-5.8654900,-4.1050325,-4.5440810,-4.7923621,-4.1357151,-4.2086121,-3.7487965,-3.4370725
-6.1474839,-4.5536724,-4.5861745,-5.2799008,-4.3859675,-4.1587352,-4.0112962,-3.3869367
-3.1767287,-2.4038707,-1.8409025,-2.7708013,-1.9025215,-1.4619591,-1.2576932,-1.5434195
-0.1639695,0.3766668,1.4148768,0.6585115,1.0624719,2.1151353,2.3205453,2.5361769
1.3521904,2.6034891,3.1969430,2.6474695,2.1110416,4.0698381,4.0935686,3.9508464
0.1957505,1.3966506,1.6257845,0.9171698,0.3333074,2.2641326,1.9044101,0.0526567
-1.9808438,-0.9892803,-0.3911344,-1.9919856,-1.0296141,0.1312026,-0.7270772,-1.7594270
-0.4885367,0.7897845,1.5732354,-0.7819880,0.6470776,1.6033102,0.4239247,0.6139186
1.6638805,2.0614528,2.7612765,1.0689099,0.9397210,2.5036044,1.1452476,1.4265962
0.7866425,-0.3359515,0.2438461,-0.6953566,-1.1456929,0.0662337,-1.0738357,-0.6215749
0.0313740,-0.5815180,-0.5219548,-1.6110631,-1.2576393,-1.6875265,-1.7139188,-2.3287742
1.0454546,1.9673012,1.4503446,0.7238999,0.2534876,-0.5925771,0.0350760,-1.0715213
3.1262683,3.0371313,2.7913444,2.6204642,1.4239746,1.2118982,1.3253705,1.5696001
3.1291758,1.5561265,1.7891147,1.7795163,1.0071566,0.7038260,0.9771686,2.0229118
0.2593853,-0.2059755,-0.2573085,-0.0359918,-0.3322061,-0.9226948,-0.4579942,1.2011265
-0.4129402,0.4267896,-0.4338824,-0.3588269,-0.2954876,-0.4171913,-0.5282374,0.8021013
0.6565226,1.4815630,0.4101704,0.4988180,0.5510148,0.8238950,0.8988311,1.2294610
0.8323308,1.1962513,0.9984254,1.2577900,1.3871159,1.2807901,1.8443564,2.0764329
0.1642470,0.0153200,0.2136097,0.0187794,-0.1580187,0.1068390,0.6162327,0.1666301
-0.4967504,-0.9716222,-1.1699183,-1.3795091,-1.6504682,-1.5571746,-1.0370895,-2.4958390
0.5224707,-0.8686206,-1.1347434,-0.6352314,0.1050141,-1.5661448,-1.1220558,-1.9579427
1.8938126,-0.2408001,-0.7940946,0.4135724,0.7335304,-0.9716701,-0.8559198,-0.5681907
1.9127910,0.2096332,-0.7339114,0.6715941,0.6331650,-0.1525965,0.0046182,0.4344601
1.9073561,-0.2149751,-0.5149035,0.4127774,1.5298456,0.5519109,0.8239863,0.2301283
1.6276003,-0.9908448,-0.6855186,0.4127658,1.0547381,0.3541757,0.5744327,0.5649015
1.4365359,-0.2010769,-0.1483593,1.0022148,0.8181119,1.0287651,1.3121206,2.1496720
0.8746897,0.3817239,0.4320515,0.6782964,0.7912726,1.3578872,1.4946190,0.3729656
-1.6542651,-0.8453759,-0.7604478,-0.6445519,-0.9378262,-0.7089170,-0.3405288,-2.3709139
-2.5831623,-1.8476318,-1.7018608,-1.6653101,-2.4124693,-2.2831371,-1.7821509,-1.7344452
-1.3914513,-2.0264644,-1.0062105,-1.6894115,-2.5662157,-1.6080858,-2.0809024,-0.7171024
-1.5182689,-2.0572656,-0.5522286,-1.1369788,-2.0435279,-0.8414975,-1.7325057,-0.6857990
-0.2680820,-0.2117220,0.5521955,0.4723055,0.1879043,0.0900239,-0.3902294,0.7174477
1.5899311,2.0646010,2.0970695,2.0695391,2.2374020,1.3526520,0.9996819,2.8967599
0.7963239,1.7492861,1.5668798,1.4961645,1.6337242,1.3537281,1.3910819,2.2120784
-0.2727285,0.9389075,0.7244480,0.4146790,0.3772635,0.9224179,1.3018231,-0.3425339
-0.8990788,0.7467148,0.6994880,0.0461546,-0.2863732,0.4565746,0.3850796,-0.5101647
-0.0326020,0.7446469,0.8792299,0.1457191,0.3817949,0.2210211,-0.0585418,0.4709897
2.4631020,1.8092098,1.8989846,1.3908662,2.1866288,1.3828794,1.4159094,-0.1214345
1.9331478,1.4758936,1.3738748,1.6345265,1.6117602,1.3648299,1.1311717,-0.8483942
-0.2667788,-0.3890100,-0.7841109,-0.0554926,-0.4080753,-0.1686411,-0.7641293,-0.7925521
-1.3798950,-1.6836448,-2.2246855,-1.8334692,-1.4608414,-1.4457468,-1.8504891,-2.1239920
-2.3921871,-2.1371865,-2.3461127,-2.3517892,-1.8380222,-2.1949864,-2.3502334,-3.0593502
-2.1052270,-0.4647407,-0.2010037,-0.4090165,-0.3504039,-0.1207924,-0.3459674,0.1436277
-0.9568235,0.9616819,1.7367968,1.5397868,1.3982745,2.3521969,1.8404036,2.2908432
-0.2615949,0.3202985,1.2177243,1.0504485,0.5560378,1.2813462,1.0976171,0.4844882
-0.3576472,-0.5630052,-0.2043783,-0.1464614,-0.8110266,-0.4102561,-0.0719516,-0.4971169
-0.3190327,-1.2595109,-0.8236389,-0.5397131,-0.3858169,-0.3197933,-0.1634301,0.4486900
1.4471537,0.5133554,0.5596099,0.2811449,1.1094217,1.1845995,0.6656842,2.0412800
1.2734764,2.4130565,0.3328563,-0.3754304,0.3243521,0.9385603,-0.3836023,0.8013127
-1.6961657,0.0283132,-2.3873265,-2.4512935,-2.6809642,-2.0364931,-2.8566678,-2.0657429
-1.5687069,-1.2863256,-1.5962310,-1.1580190,-2.0404199,-2.0467292,-1.3895059,-0.9186084
-0.4271841,-1.4044539,-0.8629494,-0.5631455,-0.6348943,-1.4174033,-0.2852454,-0.7327169
-1.5748135,-2.5571585,-2.1991458,-1.7441647,-1.2075554,-2.3056361,-0.8559936,-1.9463246
-1.0067559,-0.3736327,-0.0263283,0.7107006,0.9280095,-0.1783020,1.5167607,0.7524627
-0.1349160,0.6631925,0.7026992,1.5291207,1.6653513,0.1606385,0.9275086,1.1613055
-0.2940365,-0.5145134,-0.8188387,-0.0958453,0.2165522,-1.3681988,-1.1285292,-0.3000011
0.2502926,0.6931276,0.1213245,0.2358940,0.7440788,-0.0853048,0.4270111,0.9962107
-0.7434167,0.3042370,-0.2481988,-0.5332777,0.2021990,-0.1706666,0.3929057,0.8637902
-1.7147680,-1.3497561,-1.4899044,-1.1288364,-0.7126845,-1.3913069,-0.4647273,-0.8856867
-0.9472802,-1.9397796,-1.6928909,-0.2597928,-0.6971724,-1.6781362,-0.7863697,-1.8981888
0.2866825,-1.5406566,-1.4144234,0.4338109,-0.7585719,-0.8000999,-0.7971071,-1.2236652
1.1954882,0.0333771,-0.2261545,0.9510101,-0.1471073,0.8219754,0.4974234,0.1209748
0.1072285,-0.3928410,-0.6677962,-0.5937966,-0.5288555,-0.5973083,-0.8512551,-1.3346807
-1.0054735,-1.3579945,-1.5384202,-1.8556452,-1.1400563,-1.8862224,-2.3297304,-2.5819396
0.2182747,0.4661474,0.1801986,-0.3754092,-0.4126538,0.4419806,-0.2321381,-0.1255200
1.4262296,1.9439677,1.8169795,0.6847652,0.2340674,2.1386751,1.0654153,1.5612610
1.8309113,2.2126323,2.7828972,1.6983581,1.8451287,3.2569592,1.9808727,2.1145268
2.9463726,4.0108733,5.0240587,3.8631540,3.9670717,5.6479594,4.7688120,5.1889403
2.9508768,5.2547501,5.9457876,3.9677091,3.8129167,5.9926496,5.4954208,5.5388246
0.0200170,2.6289885,2.9872780,0.9633241,1.8489387,3.0059027,2.7345094,1.1399085
-1.8997836,-0.7250673,-0.1844331,-1.4575241,0.1411303,0.2321100,0.3640354,-1.6494188
0.3152863,0.0971930,0.7282633,-0.0926429,0.9407662,0.7593370,0.9445864,-0.0768367
3.3067592,2.4491918,3.0040643,2.3459217,2.6670926,2.2811776,2.0398678,2.6747495
2.4163082,0.8662417,1.5401322,0.5049489,-0.1217845,-0.0024020,-0.4566149,1.1832307
0.0915471,-0.9989379,-0.8306952,-2.1492224,-3.3355334,-2.4655054,-2.6820638,-1.5856692
0.5239455,-0.9920939,-1.2098295,-1.3958386,-2.3417263,-2.1493103,-2.1444578,-1.7910498
1.9196665,-1.5186577,-1.0640379,-0.4786800,-1.4198951,-2.1858689,-2.4188829,-1.8642649
1.8273100,-1.0655004,-0.4381251,-0.3563897,-0.9824295,-1.6019419,-2.1904362,0.0720145
0.5947055,-1.1374945,-1.1009754,-0.9001935,-1.4235471,-1.6233087,-2.1240822,1.0805702
0.0143366,-2.1881551,-2.5561256,-1.8923187,-3.4182253,-3.1286969,-3.0388363,-1.4764102
0.5479326,-1.6781446,-1.8388345,-1.0715035,-2.8010304,-2.4547685,-2.1667235,-1.6333020
0.2899739,-1.5582737,-1.3128925,-0.1835702,-0.6374652,-1.5261446,-1.6838907,-1.2409899
-0.6305027,-1.8716839,-2.0390861,-0.1331516,-0.2281619,-2.1442629,-1.9911646,-3.1814949
-0.7523812,-1.0531119,-1.8908169,0.5179173,-0.0714170,-1.9010536,-1.4160901,-3.2702354
-0.8334680,-0.4115508,-1.3607697,0.5619291,1.0116813,-0.7935153,-0.9543504,-1.5635357
0.3795712,1.4508602,0.7479735,2.1082527,3.4032565,1.8539066,2.0049194,1.7779870
2.8904837,4.3491107,3.5036079,5.2100641,5.9540368,5.0250164,5.8388690,5.3207788
0.9918620,2.9227170,1.5212412,3.9277825,4.5034472,3.3453535,3.5711392,3.6016038
-1.9698648,0.0776011,-0.8742709,1.2649259,1.9216713,0.4438118,0.8049948,1.0872296
-0.6175714,0.6226293,0.5915105,1.2570156,2.0277394,1.2151783,2.4898756,1.3114289
-1.1865278,0.1820638,0.2786518,-0.3776167,0.5719884,0.6140684,1.4763941,-0.2426937
-3.6827068,-1.6182074,-1.6468305,-2.6326844,-2.2533879,-1.5257538,-1.7258699,-2.0738836
-3.7796704,-2.1567362,-2.2826463,-3.1238657,-3.4525466,-2.3784663,-2.6337928,-2.6271881
-3.5851530,-2.2614938,-2.2073151,-3.5465601,-3.6572684,-2.5852121,-2.4387643,-2.5068397
-3.5885082,-2.4337031,-1.9616226,-4.2799653,-4.2456544,-2.1887384,-2.4649367,-2.3893679
-2.6994613,-2.1718654,-1.2592488,-3.7500222,-3.9337420,-0.9006862,-1.3294861,-1.6605384
-1.2564067,-0.8587098,0.5976916,-1.1504207,-1.2059440,0.9971358,1.2827011,1.1893157
-0.2186130,0.4562786,1.6644433,0.6206566,0.4743763,1.5844646,1.8707005,1.7123869
-0.0746396,1.2572131,1.7332824,0.5814576,1.0269179,1.6179548,1.6376692,1.7547137
0.3172203,1.4340819,1.5100176,-0.2249426,1.2898569,1.6249919,1.9064573,2.5039249
0.7219048,0.5264240,-0.1155481,-1.2143400,-0.3476279,0.2791031,0.3146897,-0.1148360
0.0966279,-0.2485359,-0.8524518,-0.6871061,-1.1312952,-0.4946368,-0.9470995,-1.3903949
-0.4674564,-1.0188984,-0.6236025,-0.4373388,-1.3980121,-1.2985428,-1.6964617,-1.3856974
-0.1561567,-1.1368819,-0.7595289,-0.5314681,-1.3301902,-1.7285871,-1.8720399,-1.7711043
0.2805815,0.2904737,0.1491937,0.4290991,0.6644845,-0.0903846,0.1491331,-0.0165542
1.0681190,1.4522594,1.1244754,0.6449932,1.4278268,1.0935922,1.7497048,1.1999639
1.5251068,1.2814447,1.2700726,0.9216927,0.6509467,1.2324517,1.6334462,0.4788013
0.0182571,-0.3703351,0.0034731,0.6950989,-0.3967779,0.0137367,-0.6105167,-1.2954440
-0.5500926,-0.9408892,-1.2366173,-0.0515460,-0.2125891,-0.7544686,-2.0556368,-0.6753262
1.7727395,1.0193837,0.3212188,1.0640537,2.1135943,1.3730395,0.5539168,2.0786831
1.5416655,0.7796278,0.2612288,0.5866179,1.2472468,1.0531746,1.0838169,0.4374395
-0.9552343,-0.9198867,-1.3524845,-0.8976041,-1.0496977,-1.3758852,-0.9204487,-2.2962515
0.4861283,-0.2327785,0.3596614,0.7627798,0.7984859,-0.4891841,0.0386718,-0.1881985
2.7141170,0.2949445,1.5268851,1.8533784,1.8502492,0.6166062,0.6952404,1.7172613
1.8026118,-0.4124056,-0.0530450,0.4628549,0.5434265,-0.4466465,-0.7959186,-0.3404936
-0.2473959,-1.3313952,-1.8175784,-0.9092087,-0.8123080,-2.2502234,-2.1324768,-2.9943919
-2.0904208,-1.6826920,-2.6736765,-1.5964199,-2.4928853,-3.2309185,-2.5845059,-2.6529897
-1.0887888,0.8228339,-0.3236602,0.3089045,-0.1090002,-0.3959673,0.0786067,1.0693931
0.7114206,3.1826897,2.5830705,3.1518483,3.9599995,2.9120464,3.0941662,3.5631606
0.9324692,2.5764760,2.9733945,3.5589839,4.1834112,3.1647057,3.2936713,3.3968913
2.4364481,1.9909333,3.0002640,2.9229048,3.0210810,3.0000807,2.7646296,3.7523418
1.8472251,0.5906236,0.9561581,0.5935281,-0.1486578,1.0018721,0.5243402,1.8179048
-0.6336116,-0.9116426,-1.1431192,-1.7014481,-2.7074975,-1.3288173,-1.0505237,-1.7432721
1.0296652,0.9436822,1.0416423,0.1289014,0.2129874,0.5715657,1.1741778,-0.6480381
3.5230356,2.9505140,3.1737132,2.7130590,3.1951109,3.4317197,3.1779035,3.3688991
1.9427113,1.2334630,1.5960893,1.3285892,1.1029009,2.5752536,1.8951295,3.2508766
-1.8232777,-2.8410440,-2.1306107,-2.6720619,-3.3485255,-1.6447747,-2.0391812,-1.8020649
-2.7487697,-3.5019248,-3.1543229,-3.9215314,-4.4634218,-3.1488934,-3.8465742,-3.4596680
-0.1802845,0.0116643,-0.2060663,-1.7513403,-1.4608087,0.0826779,-0.7909148,0.5279946
-0.3319100,0.3851585,0.2063582,-0.8325357,-0.3605007,0.3707258,0.2333394,0.3444065
-2.9518572,-2.1933500,-2.2193625,-1.7649644,-2.3552165,-3.1744854,-3.1960660,-4.7097154
-2.0742447,-1.2919078,-1.5688058,-1.3581107,-2.1163221,-3.0003348,-3.0499587,-4.7859990
0.2766474,0.9532367,0.6510589,0.0956220,-0.0286116,-0.1066810,0.1991186,-1.2757396
-0.0250028,0.0733755,0.1602776,-0.3253383,-0.3356898,-0.2325398,-0.3416752,-0.2727456
-1.1633251,-0.8700394,-1.1130995,-1.4417892,-1.8780028,-1.6149726,-1.8728328,-0.3887100
-0.7615909,0.2946634,-0.3233768,-0.5095998,-0.8115689,-0.5998694,-0.5064018,-0.1922217
0.3977254,1.3895744,1.2228453,1.7043648,2.2429328,1.4522056,1.4428170,0.5307462
1.0333943,1.5322393,1.3500652,2.5496585,2.7916873,1.7953022,2.1257993,1.6971852
0.1032010,-0.2532405,-1.0493551,0.1267217,-0.2695783,-0.5478685,0.3033227,0.4032941
-1.5099698,-2.3275287,-3.0537801,-2.1266870,-2.2025908,-2.6108345,-2.2753649,-2.8483186
-0.5510935,-0.5423337,-0.4296746,0.0108206,0.1864781,-0.3181727,-0.3250111,-1.6225537
1.5163797,2.2678989,2.6841551,2.4526570,2.6748276,2.5407293,2.9043208,2.4511436
0.7230850,1.0294443,0.9675529,0.7064848,1.1883246,0.9706771,1.2380038,1.7576226
-1.6102805,-2.0614304,-2.2571998,-2.1262250,-1.4597924,-1.8439030,-1.6279203,-1.6452310
-1.0424671,-1.4547226,-1.3319027,-0.6587950,-0.0498825,-0.6209132,-0.2816303,-0.4800721
1.8654515,1.7145157,2.0763016,2.7125788,3.4353421,2.7285198,2.7560690,3.2286482
1.7927798,1.2533515,1.9793828,1.6573105,2.4774081,2.1252928,2.0352915,2.5104983
-0.0515312,-0.9799166,-0.0906049,-0.6884065,-0.4760224,-0.0188490,-0.2665692,1.4610086
-0.0282342,-0.6733027,-0.4701843,-0.7863413,-0.8837102,-0.1315451,-0.7948886,1.7685268
-0.7782203,-0.9632883,-0.9554284,-1.4380685,-1.1372512,-1.3027938,-1.5778433,-0.6885271
-0.9986243,-1.2619613,-0.4459936,-0.8956418,-1.2028215,-1.3426030,-0.8285747,-0.5070358
1.6020307,1.1362109,2.0785032,1.9753456,1.0343904,1.6648967,2.2563779,2.6000478
2.1845669,1.9194899,2.3931376,2.1899803,2.3464890,2.0785128,2.2897577,1.4768359
0.0193449,-0.3754791,0.0796308,-0.7226591,0.2494985,-0.7728033,-0.9887433,-2.4406122
-0.5053418,-0.9951428,-0.5522609,-1.3214857,-1.4754040,-1.6759395,-2.3390100,-3.2001180
0.3623435,0.0143265,0.0328633,-0.3356737,-1.7400772,-0.7233565,-1.7208488,-1.1871211
0.5708355,-0.2500426,-0.5055791,-1.3903360,-2.1378088,-0.2145644,-0.8408957,0.6825853
0.5513510,-0.2539838,-0.3838347,-1.4088450,-0.4559396,1.0306698,1.3100541,1.9688463
0.1243703,0.1556195,0.0530661,-0.1901083,1.1223793,1.5263001,1.9566024,0.9420742
-0.5346200,0.1597678,-0.1103754,-0.0006749,0.1260095,0.6813849,0.6058679,-0.0810714
0.1123584,1.1506748,0.8454359,1.3100892,0.7143779,1.2388749,1.1482719,1.3791757
-0.3190494,1.0634101,0.4170620,1.4841713,0.9531462,0.6799219,0.8603264,0.8884065
-2.2908126,-0.2784198,-1.5181648,-0.2633341,-0.7031877,-1.0252348,-0.5897305,-1.3931573
-1.3979683,0.8641360,-0.1885775,0.8260348,0.8232814,0.6430070,1.4039914,-0.7945169
-0.1708994,1.5403696,1.0617491,1.8881167,1.9582048,1.8498367,2.4151925,0.4573610
-1.8672779,-0.9683177,-1.3648695,-0.3595645,-0.7971362,-1.1440118,-0.8582164,-1.6486005
-2.5458670,-1.8598156,-2.4880764,-1.5565524,-1.9772511,-3.2030979,-2.8122857,-2.9097577
-1.0581269,-1.3442860,-1.8036430,-1.1159085,-1.5571775,-2.5135199,-2.0010256,-0.7851806
0.7640010,-1.7585434,-1.8297399,-1.0195183,-1.4852772,-1.2212088,-0.6186829,-0.7869848
2.3081423,-0.2601631,-0.5866532,0.0255737,0.4041591,0.4402635,0.4073198,-1.5761265
2.6428164,1.6249333,1.4061229,1.5495992,2.1106298,0.8014114,0.2097970,0.5108703
1.7734379,0.8338077,1.2653302,1.8408217,1.2903569,-0.4529364,-0.5907281,0.5462632
1.7796323,0.1401809,0.3876897,1.0331610,0.6857486,-0.5815863,-1.0186312,-0.8910135
3.2849691,0.9075202,1.0525127,0.8038903,1.6742212,0.9759888,0.2160030,0.7492680
2.8113597,0.0551291,0.6494269,0.8950707,0.9207084,0.8442648,0.7009738,1.2633630
-0.3322824,-2.1111239,-1.5895469,-0.4608786,-1.4500687,-1.7247908,-2.2122747,-1.3538302
-1.6633959,-2.0510136,-1.5956375,-0.7114259,-0.8575935,-1.8297672,-2.7250131,-1.4046185
0.4282572,0.8060052,1.4377129,2.1300383,2.6798125,1.6862834,1.3963704,1.4639998
2.1225078,2.5243784,2.7729530,3.2403958,3.6924015,2.7747000,2.7746778,1.7306451
0.2237002,0.0454649,-0.3085177,-0.2829646,-0.3657720,-0.4983080,-0.5113073,-0.4008090
-1.5399349,-1.5290600,-1.6837099,-2.2332058,-2.4632904,-1.2846639,-1.3200357,0.3297267
-0.5774008,0.5489690,1.0330170,-0.2828221,-0.1134515,0.8873409,0.4842915,2.2171126
-1.5588153,0.9743066,1.2855731,-0.2962911,-0.3648715,-0.2545079,-0.6190448,0.2386870
-3.1129490,0.2254829,0.2118300,-1.1654567,-1.5867801,-1.2084643,-1.1053365,-0.9976901
-0.8602418,1.5062467,1.6017156,0.5220962,0.2000524,1.4174338,1.4171326,1.0946390
0.1041373,1.1803339,0.9991125,0.3366132,-0.0839441,1.6118436,1.4997837,0.7062550
-2.0844463,-1.6197854,-1.8415473,-2.7046696,-3.1283727,-1.0311296,-1.0684733,-1.2264079
-1.9910356,-1.9013722,-1.6101747,-2.9855414,-3.1089908,-1.5045522,-1.7982395,-0.8013805
0.2187601,0.5041295,0.6794726,-0.4353906,-0.4582637,0.1218798,-0.3777481,1.2860927
0.4350387,1.1373647,0.5640343,-0.2666727,0.0372047,0.7407148,0.2220118,1.6998446
-2.2575752,-1.2737220,-2.2269779,-2.8328589,-2.1306884,-1.4406879,-1.6471351,-1.6889969
-2.5419545,-2.0252163,-2.3035624,-2.6424783,-2.2888487,-1.7229761,-1.5246216,-2.1386270
1.1576853,0.7202480,1.3943074,0.6288444,0.7488883,2.2340784,2.5393460,1.9777966
2.6022266,2.7535723,3.1504325,2.1788909,2.8152425,3.9491332,4.5385838,3.5138034
1.4125425,2.1453680,2.0392527,1.4007772,2.2011137,1.8352629,2.8219711,2.2396993
0.2720363,0.1741971,0.2867152,-0.2834178,0.3763166,-0.6266066,0.5389932,-0.0788144
-1.1278469,-0.9997885,-0.4940143,-1.0342022,-0.0665036,-1.3875355,-0.2277977,-1.2396071
-2.7663171,-1.5529856,-0.2976877,-0.7468887,-0.2099423,-1.0798059,-0.5364857,-1.0832333
-2.2819340,-1.2045257,0.0301017,-0.1157597,-0.8523573,-0.6814942,-0.8265937,-1.6652975
1.0983875,1.0647835,1.3709789,1.5250811,0.9617522,1.5131456,1.7199588,0.0049766
2.3542748,1.6622306,1.5604570,1.8120708,2.4522650,2.9330249,3.4711878,1.5801890
0.0553447,-1.0073035,-1.3345801,-0.2389739,0.1733638,0.1231005,0.2650757,-1.5062269
-1.4556472,-2.8996276,-3.3059544,-1.2184947,-1.8071083,-2.5235726,-2.5740519,-3.3586387
0.0717902,-1.1427961,-1.3733769,0.4432116,0.0157833,-1.1435457,-1.3002889,-0.5158957
2.3300309,0.9459579,0.6732700,1.0834907,1.9347772,0.4781446,0.4544146,0.5143214
2.1275691,0.6073015,0.1357082,-0.0647146,0.8000885,-0.2875607,-0.0731657,-1.5971230
0.7510119,0.4244211,-0.3193154,0.2945575,-0.0716186,-0.6619567,-1.0060286,-1.3111790
1.1776730,1.2002095,0.5162079,1.5000786,0.9002224,0.0673880,-0.5567483,1.1820336
2.1439368,0.7523402,0.6183331,1.6169550,0.2344937,-0.3054970,-0.6315495,0.9484176
1.1155356,-0.9568663,-1.1099067,-0.0923674,-2.1400373,-1.6581233,-1.7551447,-1.4398668
-0.7184837,-2.0139079,-2.6345226,-2.1324643,-2.8244421,-2.5961091,-2.4814457,-2.3578471
-1.1917871,-1.9184652,-2.4686982,-2.3795928,-2.1272108,-2.5915399,-3.0264682,-2.4781786
-0.2411451,-0.6050005,-1.1425757,-1.0653161,-0.7632911,-0.8337122,-1.6764425,-0.5144835
-0.2985437,0.9185140,0.4591209,0.8308764,1.0336106,1.0721869,1.0843952,2.4859679
-1.6381366,0.5798527,0.4799745,1.1466079,1.0598642,0.8486136,1.4839052,1.3226175
-0.6778650,-0.1754228,-0.0541993,0.3811880,0.5845036,0.5291001,0.5473318,0.6549089
1.6691967,0.7886143,1.2796640,1.4209282,1.7497327,1.6993848,1.1925120,3.4532047
1.8957177,2.2393903,2.6086736,2.6939470,2.5683525,2.6654325,2.7624512,3.7113874
0.1733302,1.5593475,1.5030576,1.3754241,1.1602970,1.5685294,1.9303701,1.2603355
-2.3742788,-1.5790106,-1.4964588,-1.4259442,-1.7692328,-1.3335101,-1.4309247,-1.5321124
-3.4110533,-2.7877063,-2.5789489,-2.2970753,-2.5957150,-2.3796489,-2.3404943,-3.0862878
-1.3483268,-0.1791720,0.1554795,-0.1720351,0.2740363,-0.0876900,0.0490114,-0.8307629
0.2777127,1.4751138,1.8835900,1.3661635,1.7176130,1.3028166,0.8961728,1.8566431
-0.6393366,0.4948719,0.3844770,0.0057326,-0.1839721,-0.2544730,-0.7825572,0.8552996
-0.4107436,0.2931414,-0.1100309,-0.9846309,-0.8013500,-0.7988441,-1.0887652,-0.7485351
0.3815878,0.1631117,-0.0628399,-1.1621844,-0.9962655,0.0031251,-0.3286547,-1.3471895
-0.6886925,-1.2899038,-1.2554223,-1.9350229,-2.1353073,-0.3556389,-0.5331471,-1.1150287
0.5158536,-0.0209353,0.5635248,0.2929091,0.5170209,1.3218945,1.2173926,1.8266083
2.7091536,2.2094884,2.9060113,2.6722261,3.2241496,3.2227156,2.9473014,2.3560700
1.1491411,0.0038514,0.5235634,0.0089564,0.3830020,0.3131459,0.1494980,-1.4014065
-0.2193243,-1.6613786,-0.9389130,-1.4426214,-1.0049424,-1.3001562,-1.3812291,-1.9129198
1.0644763,0.3510124,0.9656844,0.4069772,1.1449761,1.0769245,1.2299881,0.4455962
1.4442600,0.9910660,1.1758596,-0.1332812,0.6487466,1.2871886,1.4493832,1.1842873
1.4882715,1.2980803,1.3516085,0.0219205,0.0833885,1.1578438,0.6310835,1.4766550
2.4588781,2.4295112,2.7553965,2.1908578,1.4257725,2.4655373,2.0338111,1.4566729
1.3179408,0.7479344,1.4645934,1.1666983,1.0879568,1.3707317,1.9749522,0.7232273
-0.3274281,-0.7143027,0.1599719,0.0576974,0.6964813,-0.1401386,0.8083080,0.2711806
-0.1198675,0.2302378,0.3110456,0.5905289,0.2407945,-1.0649696,-0.5063039,-0.8053291
-0.4751111,0.0280936,-1.0232971,-0.5746456,-1.4945913,-2.5108691,-2.2772895,-2.3480003
-0.8239365,-0.3297739,-1.3567205,-1.3631021,-2.0589005,-2.3658300,-2.6032930,-2.2893913
-0.6125763,0.4110874,-0.3262769,-0.7559431,-1.6712032,-1.2565746,-1.5809067,-0.2712722
-2.1476604,-0.5987312,-1.0201992,-0.7047720,-1.6287037,-1.4549514,-0.9340236,-0.2615215
-2.3899918,-1.0065780,-0.8989841,0.3503871,-0.3046673,-1.0929805,-0.4767745,-1.4019997
0.3707847,1.2638619,0.9258933,2.2341720,2.2913224,0.9695411,0.8864855,0.8760646
0.0797757,0.2511997,-0.4687291,1.0008237,1.7737342,0.1499557,0.3003672,0.0976711
-2.8317837,-2.8814574,-3.4782866,-1.8561797,-1.3808183,-2.7385782,-2.3586821,-4.2236454
-2.9873845,-2.2551970,-3.1353315,-2.6243032,-2.1263814,-2.4158885,-2.1641003,-3.2917876
-1.7533584,-1.1426488,-1.6272239,-1.9382877,-1.4106616,-0.7810825,-0.2233047,-0.5683641
-0.6216232,-1.3054053,-0.6573934,-0.6276862,-1.2099949,0.2493947,0.2593165,0.3603146
1.2503090,-0.1579693,0.8365682,0.7422623,0.0890401,1.4463929,0.5548340,2.5175863
1.6010850,0.6445846,1.1016869,0.7073716,0.9165810,1.1660895,0.8514206,2.6316466
1.0667087,0.8504996,1.0545653,0.5028163,0.6139161,0.8036443,1.3801709,1.2110098
1.7716811,1.5664876,1.8482608,1.2321279,1.4304056,2.0820714,2.5503381,3.4460050
0.7186977,0.6363694,0.6288228,0.5859196,1.4448521,1.8555755,1.8871285,4.7280625
-1.6303123,-1.0445343,-1.3886330,-1.2537994,-0.2950895,-0.3280703,-0.5331886,0.0833069
-2.4253233,-1.5543542,-2.0523625,-2.3098816,-1.8213622,-1.9475672,-2.0527907,-4.6042364
-1.5766765,-1.1860845,-1.5244963,-1.8244177,-1.5220389,-1.5203165,-1.1869906,-2.9689188
-0.4870842,-1.3141890,-0.9937277,-1.3111264,-0.2765753,-0.4462129,-0.2148441,0.1016703
-1.3947277,-3.2865714,-2.7593459,-2.9842139,-1.5622438,-1.8372509,-2.1390133,-0.5682689
-1.0123910,-2.5810178,-2.8361486,-2.4722625,-1.8294158,-2.2962370,-2.5306999,-0.9213861
2.4912972,1.5757949,0.9662598,1.4459890,1.7392996,0.8548310,0.9291605,1.1863066
3.4290381,2.0781278,2.1095651,2.4472137,2.2382687,1.8267312,2.3267627,2.3059051
1.8234039,0.3284323,0.7469776,1.5008834,0.1582349,0.4274033,1.2628132,1.2842663
2.3181681,1.6268401,1.6962679,2.0194686,1.3989962,1.6000281,1.7820170,1.4813041
2.6295334,2.2491321,2.0854681,1.7890914,2.0809282,2.1559129,1.7129904,1.3000944
1.3670450,0.0395561,0.4158603,1.1169867,0.1038842,0.0523778,-0.2134653,-1.7665425
2.4872295,0.5507755,1.0795525,2.7579766,0.9320282,0.3444628,0.0042582,-1.5766512
4.1143659,3.5163417,3.4270829,4.9913360,3.6585349,2.5879280,2.2509445,2.3231957
2.3177960,2.6097026,2.4823234,3.8240370,2.7725878,1.8478322,1.6559742,1.8604518
1.2438542,1.0700299,1.0514877,2.3832378,1.6502686,1.1310090,0.2545187,-0.4078497
2.7678425,2.9621965,2.5266844,3.7520399,3.3656459,2.9342221,1.8839963,2.0983273
1.8024967,2.5704052,1.9212700,2.5015156,2.3181607,1.5670613,1.0235119,2.6022918
-0.9000974,-0.2122565,-0.4847536,-1.0410747,-1.0637037,-1.6102546,-2.2650014,-1.4187988
-2.1357592,-1.0074273,-0.9663316,-2.1727233,-2.3222580,-1.7301300,-2.1002026,-1.8728704
-3.3003898,-1.0753148,-1.2372654,-2.0733444,-2.1451645,-1.3701114,-1.1163017,-0.1860170
-3.6018018,-1.4152153,-1.3873558,-1.7414895,-1.6077787,-1.7403828,-1.5807797,-1.3373725
-2.8050811,-1.0402079,-0.7211315,-1.3365132,-1.5755861,-1.1059482,-1.3448739,-2.0482340
-3.6224063,-0.8637200,-0.8014499,-2.0993141,-2.3609958,-0.6096911,-1.0155944,-1.4033611
-3.7637742,-1.1363694,-0.9666790,-2.7752345,-2.3912017,-1.0268806,-1.3096653,-1.9449560
-1.4719433,-0.0657815,0.0385475,-1.9404707,-1.4893994,-0.5822940,-0.7857385,-1.9197842
-1.0353662,-0.5109544,-0.3958994,-2.1264001,-2.1967188,-1.0410365,-1.2773491,-1.8965673
-1.1359661,-2.2001527,-1.4484200,-2.8827759,-3.1627424,-1.9256615,-1.9643722,-1.5945201
0.7172480,-0.5362970,-0.2581766,-1.7265042,-1.1471689,-0.2708480,0.0440282,0.8543463
0.3524479,0.0476833,-0.3503246,-1.2180169,0.3804770,-0.1279828,0.3264354,0.3215286
-1.9868981,-2.2675382,-2.5437938,-2.1974850,-1.2233812,-1.9994551,-1.4965729,-2.0145640
-2.2878272,-2.4303752,-2.7623406,-2.0769617,-1.9356979,-1.5391576,-1.4109553,-0.7405941
-0.8809609,-0.8703947,-1.1277593,-1.0626128,-0.2050149,-0.0240010,-0.4987794,0.4578030
-0.8674040,-1.0696542,-1.1970508,-1.5894601,-0.2024137,-0.5064106,-0.7254025,-0.8592369
-1.9404553,-2.3877948,-2.5015718,-2.1541352,-1.8952311,-1.8032012,-2.0793756,-1.6226931
-0.7664148,-0.4626787,-0.6779616,0.5338404,-0.3233258,-0.2555190,-0.8311853,0.5015761
2.3087615,3.6021703,3.5066083,4.4694113,3.9034542,3.7777108,4.1220189,4.2819395
3.4627591,3.8988002,4.5166030,5.3493080,5.3377465,5.3210719,6.1490245,5.3288605
1.3349561,1.3937834,1.8585711,2.9982825,3.3436029,2.9476426,3.8372146,3.0541770
0.3287803,1.2224272,0.7006534,2.0600766,2.7068871,1.4149115,2.9690136,1.9224154
1.6628319,1.7572486,1.3626012,2.7572175,3.3193829,1.6778357,3.0830092,2.1478389
1.2684297,0.2516993,0.5359612,1.3619048,1.6090835,0.7292705,1.5920008,1.5775036
-0.2500175,-1.0709431,-0.6645216,-0.5054642,-0.6391029,-0.6999176,-0.5097278,0.0920002
-1.6669139,-2.1999996,-1.7129562,-1.5834727,-1.9575335,-2.1316600,-2.7597355,-2.5436845
-1.6791660,-2.1312807,-1.6264628,-1.4629624,-2.1781742,-2.0397073,-2.0714742,-2.1574626
1.0567650,0.3181774,0.7187854,0.0104672,-0.6705086,-0.2738439,0.2572441,0.8609486
2.5883757,1.4773752,1.8185718,0.2959405,-0.0639652,-0.2664953,-0.1651817,0.8166155
2.0924091,0.5674184,0.8305732,-0.1087640,-0.8191010,-0.9044761,-0.8744365,-0.3842555
2.1072825,0.4282210,0.4171540,-0.2985110,-0.6480681,-0.3148954,-0.5305421,-0.3901408
1.4885562,0.9909647,0.6721595,-0.6213749,-0.6740390,0.2962029,-0.4815845,-0.2536786
0.5752699,0.3333754,0.4098393,-0.5690142,-1.8258197,0.1023047,-0.8778789,-0.4690754
1.0079741,-0.3893012,-0.1111934,-1.2433929,-3.0353072,-0.2245017,-1.1909706,-1.0645455
0.2467761,-1.0314114,-1.3265850,-3.3551518,-4.2859017,-0.7925348,-1.6451970,-1.6404683
-1.2628261,-2.2044677,-2.3277666,-4.3987909,-4.0025078,-1.5338351,-2.0993657,-2.4425097
-0.6007045,-1.7308298,-1.1754674,-3.4064617,-2.2851329,-0.7476101,-0.9625989,-2.0857548
-0.2183050,-0.8224977,-0.1767159,-2.1215037,-1.5627659,0.2983423,0.3615717,-0.2206143
-0.9314356,-0.9086400,-0.6344486,-1.3278921,-1.3898408,-0.2508309,-0.2280236,-0.4648399
-2.0243775,-1.7662659,-1.7585360,-2.3900399,-2.4213170,-1.7893871,-2.1044196,-1.6823915
-2.9793724,-2.6660403,-2.2867577,-3.2533084,-3.1280256,-2.7664804,-2.6787151,-1.4094700
-0.5991211,0.9917211,0.4994304,-0.2452674,0.9043270,-1.1976843,-0.0149588,-0.7619782
1.6801783,4.3975838,2.7602905,3.2545685,5.6387668,1.0361561,2.3415109,-0.0289245
0.0537221,0.4648275,0.6024340,3.7143698,5.8298690,0.7699164,1.0991310,-0.8448968
-0.0411514,-0.8748591,0.2947577,4.3695520,5.8881449,1.5621111,1.4374687,0.2790990
1.2991952,2.4165970,2.3751839,6.1841331,6.9040009,3.8168497,4.2207691,3.5497274
-0.4377235,1.5411991,0.9142914,5.2522072,4.7770975,2.2474357,3.1663025,2.0919528
-1.6323945,0.4820993,-0.5906764,3.0963227,2.6096697,0.3309431,1.0530555,0.4885868
-0.2934908,1.5986462,0.3646737,2.4814120,2.6210694,0.9766963,0.9965964,1.1030547
0.2337944,1.5250567,0.5593510,2.1609870,2.1910357,0.9400875,0.7482269,0.6716746
0.2254752,1.8307957,0.9832826,2.2623400,1.5182116,0.9448135,1.0065002,1.7180773
0.4303418,1.7577083,1.2580078,1.9215847,0.7488537,0.3417560,0.4180739,1.1033070
0.1963514,0.8511890,0.3890625,0.8149478,-0.1734858,-1.0224180,-0.9286535,-1.5418004
0.6257082,0.7169284,0.3538032,0.2359481,-1.1422877,-0.9439655,-1.0784700,-1.7053949
0.7992173,-0.0138071,0.1578259,-1.0004541,-2.7890774,-0.7815876,-1.4025680,-1.4438993
-0.1214531,-0.7496239,-0.8662457,-2.3158280,-3.1985072,-0.5221773,-1.3070709,-0.8682834
-0.3361872,-1.6341618,-2.0731237,-2.9111194,-2.8253759,-0.5800524,-1.3791932,-0.5662352
-0.1674748,-4.0365006,-3.3710659,-4.0555504,-3.7715152,-2.1930331,-2.9886613,-1.6551513
0.2138970,-3.9209363,-2.3049776,-3.6680112,-3.2462019,-2.1767989,-2.9533328,-1.0024034
1.7086846,-0.1112263,1.0578800,-0.7785944,-0.4743041,0.6995585,-0.0215072,1.4531705
2.3372404,2.1029091,2.7718558,1.3850526,0.9342675,2.7707828,2.6401597,4.4464509
0.8111672,1.1908823,1.7680415,1.3170071,0.4253427,2.0120910,2.6134249,4.4433344
-0.3684970,0.4495001,0.5702260,0.6449491,0.2293881,0.8483665,1.2538032,0.4889019
0.4456270,1.2477774,1.1594224,1.1159976,1.2220276,1.6961110,1.6880680,0.5829692
0.5779974,1.3274100,1.6235641,1.1194041,1.6624317,2.0640404,2.0801307,2.6229106
-0.9180871,0.6114755,0.9657100,-0.1879761,0.6655138,0.6993284,0.4929764,0.8028472
-1.2790559,0.7613221,1.1034600,-0.0325880,0.4571507,0.7361248,0.3339812,0.1699849
-0.7636048,-0.0792295,0.3218698,0.2321483,0.3812725,0.7489719,0.3472326,0.1762119
-1.7086380,-2.2920498,-2.2763692,-2.2703674,-1.5119126,-1.9577452,-2.2281525,-2.8448372
-2.5635609,-2.4725748,-2.7229232,-3.2601579,-2.0007558,-3.2731065,-2.9335460,-4.1466157
-1.2876483,-1.0221978,-1.2936015,-1.5441981,-0.8177816,-1.8515429,-0.8464442,-0.8429937
-0.3615908,-1.4343331,-1.4309671,-2.0489554,-1.2659393,-1.9644962,-0.7469283,0.1292584
-1.3135920,-2.4820849,-2.0906126,-3.0105804,-2.2868214,-3.2015800,-2.7002625,-3.4784718
-1.7785105,-1.2542456,-1.4979910,-1.2359278,-1.7327650,-2.1075866,-2.5737146,-3.2073916
-1.5530205,0.2594084,-0.7919016,0.2329681,-0.4319484,-0.4311479,-0.5672703,-0.4009327
-1.5120562,-0.0393282,-0.8848990,-0.1818950,-0.5705811,-0.6743422,-0.0221744,-0.1157840
0.2309449,0.3418590,-0.3533960,-0.0368680,-0.6579133,-0.0263176,0.7561904,1.4074117
2.9309634,1.9533768,1.2923347,1.0476278,0.5765556,2.1241135,2.2895356,2.7243340
2.4884771,1.5355388,1.3437833,0.5337779,-0.0928548,1.7806740,1.1503293,1.7292444
-0.9758536,-0.7501396,-1.0293168,-1.5420812,-2.0718259,-1.4333312,-1.7274148,0.0407583
-0.9636120,-0.6386575,-0.8801080,-1.1072028,-0.8041347,-1.7944224,-1.9428344,-1.6084997
2.7832137,2.2700458,2.3981295,2.0796901,2.4285494,1.7680225,1.6754791,-0.4175474
3.2718683,3.0932915,2.7484898,2.9123998,2.5883648,2.7922026,3.8254710,1.4587755
2.7268976,1.8022202,2.0567682,2.1616307,1.2254262,2.3206292,2.5049719,0.9651387
3.3615734,1.5349494,3.2142309,2.5283531,1.4872688,3.0462451,1.2835885,0.1608755
2.5938315,1.5189680,2.9514285,2.1653063,2.0398259,2.1624631,0.3219088,-0.3757104
1.7266215,0.6531940,1.2768518,1.7616049,1.8722754,0.6581172,-0.2362296,-0.4468346
0.9125073,-0.8115884,-0.5156842,1.2860829,0.3517434,-0.5635533,-0.1518776,0.6325666
1.0582384,-1.6462848,-1.5870564,-0.3280467,-0.9477287,-1.6312474,-1.5282056,0.1376201
1.6364901,-1.2225812,-1.1950641,0.2130295,1.0364342,-1.1827361,-2.1230791,-1.3357995
0.3830511,-0.7593162,-0.6960546,1.8885648,3.1126005,-0.3955409,-0.2427073,-0.2119743
-0.3338903,-0.5024647,-0.4845948,1.4316726,2.3668250,-0.1103950,1.1252278,1.1066256
0.3987036,-0.2848587,-0.3343835,1.3932094,2.0520177,0.4910011,1.8113979,1.9127302
-0.1648371,-0.6383470,-1.3633525,1.4445646,2.1015408,0.3992253,1.7877539,2.7471081
-1.9031125,-0.5878601,-2.1986188,0.8167289,1.3487644,-0.3010803,0.8495466,2.2685100
-2.5186792,-0.4453854,-1.7886941,0.2722387,0.2710822,-1.2734971,-0.6194533,0.5000279
-2.7231733,-1.4153463,-1.9994129,-2.1908213,-2.0202510,-2.4808350,-2.4245740,-0.8061082
-3.5743348,-1.7508116,-1.7823376,-3.5326255,-3.1866765,-1.9745364,-2.1720898,0.0628925
-3.7406645,-1.1513393,-0.6111575,-2.2357519,-2.8657604,-0.6910774,-0.9136875,-0.6969181
-3.0560923,-1.6219084,-0.9897819,-2.5393258,-3.8254260,-0.8221741,-1.0841350,-3.5406478
-3.0494311,-2.3849737,-1.9866228,-3.8467022,-4.3535496,-1.6726348,-1.8910389,-4.2498278
-2.6372512,-0.7655120,-0.5820187,-3.1723422,-2.6732979,-1.0382848,-1.4165441,-2.5883269
-0.3359046,1.6683175,1.6719521,-1.8590740,-1.5744018,0.7913059,0.4178652,-0.3850139
-0.3151532,0.6414744,0.9814614,-2.6545189,-3.2029656,0.3069060,-0.1197689,-0.4859349
-2.3637028,-1.4535547,-0.8323578,-3.7926660,-4.6905359,-1.0851375,-2.0121161,-2.1623745
-1.3373007,-0.6937913,-0.5383563,-3.0742216,-4.2713462,-0.9184394,-1.9351988,-1.7919395
0.1982490,-0.0689216,-0.3196757,-2.5579620,-3.6357075,-1.1043109,-1.8632061,0.5877464
-0.0400072,-1.4591511,-1.6766356,-3.4070878,-3.3260062,-1.8490224,-2.4566146,0.3442414
0.3903387,-1.5828802,-1.6860572,-3.1686036,-2.6311864,-1.2706946,-1.9308203,-2.1436593
1.9824734,1.0061646,1.0040067,-0.6668574,-0.2305870,1.4164315,0.9952729,-0.6923055
2.9022526,2.8317386,2.8676230,1.6941498,2.6162119,3.5216278,4.1664690,2.5746438
1.7266874,1.8947574,1.7225496,2.0565262,2.5097639,2.2408976,3.2426043,2.5869219
1.0946275,1.5603140,1.2092768,2.1963019,2.2598596,1.5077610,1.9646495,2.4325379
1.8758882,2.6828186,2.6876913,4.1253030,5.5928490,3.7107176,4.1687233,3.8424341
2.3504258,3.3731315,4.2859163,5.9786964,8.5601141,4.6576594,4.6086286,4.0185062
1.9303935,3.0363062,4.1644193,6.1022425,7.8270599,2.7986746,2.2591751,2.7337731
0.9750801,1.7620295,1.8280191,5.6588254,5.7849937,1.0316378,1.3123227,1.2137438
1.1303340,1.3695668,0.8998461,4.9349266,4.6681635,0.9031241,1.3872032,0.3429153
1.0118548,1.4876089,1.2745221,4.0305443,3.8911723,0.8359117,1.0181874,0.2373711
0.1855188,-0.3822788,0.4939193,2.3725941,1.7352566,-0.3549201,-0.6048499,-1.0644400
0.8904006,-1.4542038,0.5242114,0.8337513,0.3622302,-0.6175021,-1.5868996,-1.9741856
1.6566802,0.1085694,0.8540770,1.0719876,1.0656637,0.5010259,-0.1725566,-0.5352113
0.5949968,-0.0060534,-0.5738982,0.2770743,-0.3447666,-0.2198610,-0.3730606,-0.5571691
-0.3041624,-0.9672525,-1.2724341,-0.8491177,-2.2089547,-1.7000535,-1.1319312,-1.6367470
-0.0411444,-0.5173511,-0.7349521,-0.5235769,-2.0154237,-1.8090128,-0.9137461,-1.5372784
0.2712402,0.1356950,-0.1393303,-0.2243851,-1.4248621,-1.1380905,-1.3553540,-0.9802571
0.2452660,0.5897831,0.4236817,-0.0026590,-1.1310220,-0.0979868,-0.2738426,0.0487834
-1.3726382,-1.1276879,-1.4951335,-1.5981835,-2.5144308,-1.1257168,-0.0420309,-0.1621678
-2.8831095,-3.0867932,-3.3786091,-3.2178360,-2.8553208,-2.6137540,-1.5795275,0.1825114
-3.1753124,-3.2816497,-3.4573414,-3.2330242,-2.5971214,-2.9703675,-2.7188143,-0.3004374
-3.7550038,-3.2100408,-4.1574660,-3.6618202,-3.7189637,-3.8541304,-3.3986656,-3.5089392
-2.2505109,-1.6611109,-2.8905848,-2.5229027,-1.8985929,-2.7334545,-1.6157808,-2.9910384
-0.5520243,-0.2893545,-1.3039282,-1.1774930,-0.4665248,-1.2812810,-0.4067073,-1.7073358
-0.9379201,-0.1074501,-1.1828381,-1.0789098,-1.3795402,-1.1102103,-0.8569268,-2.0934248
0.2977537,1.3758544,0.9084240,0.6560911,0.5093692,1.0160381,1.1226613,0.8459311
1.5127934,1.8137045,1.8605115,1.2426446,1.9284867,2.3048203,2.3464422,2.7466817
0.7637725,0.1262225,0.4539889,-0.5613441,0.7405065,1.2429834,0.9857986,1.6456033
0.5835914,-0.0634371,0.2574842,-0.6956753,0.0667393,0.8428004,0.3486362,1.7572057
0.0556503,0.4845961,-0.1127143,-0.5797510,-1.1114969,0.2212763,0.0761955,0.9622948
-0.6038398,0.3709361,-0.1657862,-1.0384753,-1.4159257,-0.0202301,0.4025781,0.0949642
0.8722778,1.3592954,1.5935862,0.2360627,0.3703545,1.5507483,1.5966901,1.1325104
1.6251730,1.1577166,1.3820452,0.1357859,-0.1417291,1.2217556,0.4202360,-0.9541339
0.5337730,-0.1632753,-0.0692825,-0.9164074,-1.2945292,-0.2383732,-1.3167424,-2.5587557
1.3078288,0.8537014,0.8245534,0.4279025,0.3415720,1.1309184,-0.3330328,0.3602617
2.5069636,0.8437704,1.1780619,0.7400187,0.8866436,2.0004516,0.4128526,1.3255724
1.4071912,-0.4242701,0.3579991,-0.0997419,0.2873955,1.2418189,0.9224554,1.4888363
0.4690744,0.5080909,0.9081683,0.8459965,1.6465214,1.6901408,2.4903036,3.3883380
0.8118443,1.2620161,1.4134771,2.1991744,3.2255307,2.5883145,3.0488908,2.8813843
0.0496333,0.3809906,0.4528933,2.0643736,2.3021243,2.0726709,2.1518569,0.2275563
-1.3127318,-0.5644192,-0.3061401,1.0070873,0.3172588,0.5672778,0.4110587,-0.9409415
-1.5185123,-0.6940769,-0.0817700,0.6085849,0.1143263,-0.4201669,-1.1893109,-1.2365301
-1.4474736,-0.6252728,-0.3758730,0.3074282,0.4534243,-1.2047553,-1.5245324,-1.9456271
-0.6600678,-1.0656751,-0.7253397,-0.1760521,-0.0558176,-1.4681655,-0.5892136,-1.2935467
0.1241359,-1.3162079,-0.6967101,-0.2568911,-0.2972606,-1.1109835,-0.1968428,-0.3192189
-0.9292279,-1.5825630,-1.5851864,-0.7704408,-0.4155964,-1.9026806,-1.7823682,-0.6720773
-1.1699614,-1.6127424,-1.6448499,-0.8483695,-0.5601976,-2.0325814,-2.3803910,0.3530000
0.0737072,-0.8308660,-0.3455815,-0.1217845,-0.7345783,-0.8996429,-1.2852346,1.3920674
0.6339122,-0.1267253,0.0502247,-0.3200598,-1.5947719,-0.9592469,-1.0039963,-0.0763949
0.8462115,0.6726868,0.3113999,-0.2622498,-1.5955377,-0.7865894,-0.2946088,-0.0062303
0.5285410,1.4560110,1.0426994,0.6877251,-0.0544508,0.8654534,1.3740296,2.3254858
-0.6094926,0.2413704,0.7039977,-0.6419720,-0.6752353,0.7613521,0.9089964,1.6709203
-0.8468548,-1.3503872,0.0028085,-2.8283664,-3.0210346,-1.1597462,-1.4068735,-1.5286241
-1.0632960,-1.5395606,-1.0289724,-3.6886231,-3.8186967,-2.8145303,-3.5774321,-4.0031748
-1.5995887,-1.8414136,-2.1253149,-4.1941191,-3.5879291,-3.0415981,-3.8465216,-3.3844885
-0.4524988,-1.3348295,-1.3801921,-3.3094951,-2.8126886,-0.8840225,-1.3049852,0.2549984
0.3893444,-0.0874973,-0.5443354,-2.3849241,-2.4489152,0.2368702,0.4933285,1.7533633
-0.2831621,0.4181984,-0.3833047,-2.1808581,-2.0831488,-0.2727101,0.9573671,1.2353332
0.2077871,1.5500391,0.9889770,-0.7758783,-0.3484974,1.5700520,2.8020892,2.3332590
0.7258513,1.9201525,1.4551366,-0.3537208,-0.3494667,2.5288741,2.9920881,2.0267470
-0.3720395,0.2523093,0.0167466,-1.6888163,-2.0615803,0.1384125,-0.0222295,-0.1577965
-0.9625896,-0.5217865,-0.6458810,-1.8986777,-1.7917234,-1.0234404,-1.7770651,-0.6111214
-0.9554607,-0.4280837,-0.6593164,-1.2435931,-0.9203737,-1.0730011,-1.9574006,-1.6009528
-0.7383398,-0.6431798,-0.8267421,-0.9140612,-0.9063569,-1.5202745,-1.9832117,-3.3894868
-0.4944809,-1.0641779,-1.2044903,-0.4151229,-0.7635582,-1.6155814,-1.5402047,-2.3873441
0.1515316,-0.5458757,-0.7789449,1.4172149,0.9683850,-1.1416213,-0.5283303,-0.5543082
2.0014767,1.4478287,1.1838076,4.0721563,4.4176602,0.7487498,1.5060915,-0.1911564
2.1992569,1.5539524,1.6235546,4.7677361,5.7041545,1.8446861,1.9517972,0.5128962
1.9169765,1.3959372,1.4012599,5.4323019,6.2081674,1.9023722,1.8909697,1.6992911
3.7461950,3.6425248,3.0392784,8.0370063,8.8824388,3.1609420,3.7665703,1.9398240
4.3973756,3.9111054,3.5633122,8.5127164,9.0029383,3.1923647,3.5714807,1.1731095
3.4199977,2.2466558,2.3712673,6.8906740,6.8630653,2.6252817,2.5342340,0.5002763
2.1641473,1.6595048,1.4714518,5.6530095,6.0586023,3.0705815,2.8898709,0.1330265
2.2208176,2.4728338,1.9475201,5.4451473,6.0884042,3.5002369,3.4320248,1.3141120
2.8566971,2.9885465,2.1930521,4.9723572,5.0147045,2.7882355,3.2702687,2.0951543
1.3682719,1.3164830,0.5861405,2.3607749,1.8615267,0.7809587,1.1471544,0.5849030
0.3656800,0.0557239,-0.2382840,0.6025638,-0.1385539,-0.0201709,-0.5331212,0.4740495
-0.5871040,-0.7019839,-0.7995064,-0.4769845,-0.7317148,-0.5174672,-1.2130355,0.5371491
-2.7298518,-2.1275827,-1.7616128,-2.0405249,-1.7438184,-0.8863259,-1.3913069,-0.1893114
-2.8135137,-1.7401105,-1.0139998,-1.8401711,-1.9499410,0.7565147,-0.0086973,2.5385514
-2.4008089,-1.6301198,-1.0533358,-2.9528923,-3.1291751,0.5848234,-0.3183789,3.3023175
-2.9383444,-3.1497471,-2.5611218,-5.6748642,-5.7451441,-1.8332904,-2.2744831,-1.3770210
-3.1708303,-3.4727260,-2.9283761,-6.4027876,-6.7809195,-3.2500467,-2.8001670,-3.6267640
-3.5210707,-2.8788420,-2.3361450,-5.6318886,-5.9265410,-3.4054202,-2.6873441,-2.3616298
-4.1006492,-3.1698426,-2.4358122,-5.1494292,-5.5954603,-3.6124271,-3.6985658,-2.6610147
-4.4749942,-3.6532549,-2.8698171,-5.2697549,-5.9545644,-4.3613153,-4.9935089,-3.7951495
-3.3532003,-2.1842665,-1.4806081,-4.1189071,-4.4908869,-3.2256674,-3.9288421,-2.6049004
-0.8678650,0.3387566,0.7966266,-1.8834289,-2.5007249,-0.5474695,-1.0549298,0.5105028
0.0428767,1.0115486,1.2274764,-1.4541679,-2.7830506,0.0579563,0.2253127,1.5948299
-0.4230372,0.4406183,0.7034587,-1.9044997,-2.5561909,-0.1161542,0.3338891,0.0655195
-0.6730528,-0.3806075,0.0608016,-1.8861240,-0.9714536,0.2557971,0.7699133,-0.6235382
-1.3855013,-1.5749317,-1.4109935,-2.6343025,-1.2707156,-0.8352032,-0.1997362,-0.8704663
-0.9164005,-0.9841218,-1.1907253,-1.9707319,-1.1833620,-0.9413029,-0.6217469,-1.6740720
0.5492983,0.8322758,0.7182369,0.8365664,1.0048532,1.0607193,1.2546376,-1.0226913
0.4350525,0.7322574,0.5450518,1.4378621,1.3914198,1.0679847,1.3367110,-0.4738473
0.1813421,-0.1816615,-0.7702885,-0.1868911,-0.2429168,-0.6604888,-0.6523050,-1.6984798
0.9548046,0.6490657,-0.1193538,0.0362148,0.1118578,-0.5727360,-0.7148606,-1.2569877
3.3506455,3.3706988,2.9729872,2.8334227,2.9538036,2.1518597,2.2777841,2.5663505
5.6088774,5.1994782,5.0671449,4.7334138,4.2953872,3.9490991,4.1503686,4.8952872
3.9548784,3.8738817,3.3933072,3.5869863,2.6995087,2.2041997,1.9818375,2.4099003
1.3841290,1.7180877,1.2687419,1.9112857,0.9426726,0.1029034,-0.0412545,-0.3361916
1.4214069,1.4105354,1.3569263,1.9158829,1.4118068,0.8504736,1.0178228,1.2801698
1.2486306,1.2232987,1.4777837,2.1894456,2.5640030,1.5839450,1.4167635,2.1544785
-0.0669127,-0.7390682,0.3785875,1.4098425,1.8297334,0.1464568,-0.1167793,-1.0942687
-1.0676784,-2.4186618,-1.3479052,-0.2703026,-0.0111457,-1.2701780,-1.3723298,-3.1847364
-1.3091986,-1.6473046,-2.0663215,-0.8474773,-0.1503458,-0.7625373,-0.8307671,-1.3480812
-0.8551865,-0.4542929,-1.3159500,0.1198822,1.1922829,0.6680508,1.3852614,1.4783243
-0.2895852,-0.5018319,-1.2568050,0.2203666,1.4371518,0.7677729,1.9455360,2.2443902
-0.3065571,-0.8926350,-1.8237313,-0.3965617,0.8221833,-0.0996337,0.2458965,1.0763345
-0.2439229,-0.8299814,-1.2358607,-0.0021458,0.8855025,-0.1753902,-0.3333935,1.4637357
-0.0200659,-0.9541987,-0.9337896,0.1004985,0.5131887,-0.6781322,-0.8144834,2.2921140
-0.2340915,-1.3280318,-1.0565732,-0.3959303,-0.3774565,-1.0770451,-1.2441085,0.9239033
0.1755570,-0.3826645,-0.1010521,0.2101670,-0.6454931,0.3464726,0.6030728,0.8745446
0.9729008,1.0378382,0.5000471,0.8514488,-0.7250197,1.2311179,1.8620016,0.5804913
1.1943259,1.3250546,0.5703546,0.6125244,-0.1556128,0.7641387,0.9914301,-1.5493945
0.8161008,0.7165859,0.4827763,0.0260038,0.3052077,-0.2427054,-0.5167948,-1.2554786
0.6852250,0.2175656,0.2885991,-0.0696263,-0.0698020,-1.0581386,-1.3279417,0.0976341
0.7182061,-0.0983377,0.2407983,0.0166941,-0.5456568,-1.1424063,-1.1716390,-0.0501659
-0.6849016,-1.4584187,-0.8264131,-1.4404482,-1.8285035,-1.3171924,-1.3741543,-0.9881468
-1.4113500,-2.3655820,-1.4548924,-2.3924603,-2.7985871,-1.4267088,-1.5630200,-2.3104176
-0.3069873,-1.0950195,-0.4502691,-1.4474987,-1.8015010,-0.8322187,-0.8964754,-1.8700757
-0.9195002,0.0071383,0.0289151,-1.4207160,-0.6327683,-0.4591311,-1.0354021,-0.8101614
-0.3871281,1.2460831,1.3119095,-0.1226833,0.9829040,1.5242261,0.4830597,1.5066828
0.6757102,0.9831084,1.4920412,0.6544081,0.4028301,1.7292298,1.1541861,1.7293218
-1.1598352,-1.5317547,-1.1110870,-1.7617504,-2.9548867,-1.7298855,-2.1910178,-2.6725597
-1.0616532,-1.2938744,-0.9728312,-1.4310276,-2.0835973,-1.6923751,-1.9667386,-2.7454980
1.8012945,1.2390878,2.0869869,1.5794971,1.8118706,1.6455547,2.0510358,1.8005756
2.2926948,1.6958017,2.5897245,2.2143322,2.1020769,1.9542699,2.1035702,1.3200530
-0.0628748,0.2324502,0.2628929,0.6220905,0.3893899,0.2227449,-0.3891449,-1.8988594
-1.7249756,-0.1569392,-1.0309840,-0.1464777,0.4245019,-0.2385774,-0.9236673,-1.6140711
-1.8955858,0.4322674,-0.6936411,0.4483564,0.9690977,0.3514419,0.1090606,0.6348809
-2.1392495,-0.8154198,-1.0795131,-0.7578545,-0.0648242,-0.4398053,-0.4712644,-0.0526495
-1.2240481,-1.1447756,-0.7350998,-0.9538928,0.1131577,-0.6968316,-0.8296511,-1.4645003
-0.6092493,-0.1741940,-0.1503468,0.5401824,0.3180576,-0.0464475,0.0003120,-0.8892157
-1.1882662,-0.6084570,-0.9750034,-0.2779032,-1.6020124,-0.7179369,-0.6765140,-0.3130476
-0.2660626,0.1449701,-0.4063451,-0.2108674,-0.6373849,0.1748970,0.1483347,0.5825610
0.7299326,0.9310796,0.8220414,0.8451685,1.8519422,1.3457775,2.0980592,0.7573693
0.9273332,0.6721390,0.8451600,0.7172724,1.3213995,0.3763096,1.4884205,0.4481201
-0.2557614,0.3193417,0.0600402,0.2560032,-0.8847580,-1.3845973,-0.7034502,-1.0146136
-1.6600765,-0.6224918,-0.3864700,-0.4396771,-1.6390256,-2.0839010,-1.7168754,-2.7991351
-0.5488633,-0.5799841,-0.0201597,-0.7239564,-1.1139404,-1.2662480,-1.4284760,-0.9018192
-0.1383096,-0.8696477,-0.6406747,-1.2437718,-2.2136310,-1.9520909,-2.0858771,-0.4873633
-0.4078524,-1.0869618,-0.7284562,-1.0247469,-1.7053918,-2.0342708,-1.5354955,-1.3128218
1.0881766,0.4843636,0.7520298,0.2861967,1.5065785,0.3572855,0.7499396,2.4087505
1.4160547,0.1482518,0.4985514,-0.2596638,1.1104121,0.2692088,0.4817074,2.9154468
1.2077751,-0.2853266,0.0175258,-0.2750763,-0.4608007,-0.3427299,-0.5126410,-0.3444401
2.7215564,2.3615991,2.1675139,2.6084223,2.2590323,2.3331883,1.5440883,2.0324550
4.0809383,4.4780435,3.9652032,4.5839925,5.1365804,4.6711895,4.5927756,5.1012704
3.0433543,3.6218224,2.9962362,3.8358376,4.1983546,4.1591963,4.6464771,3.8506557
0.5517170,0.6904338,0.4622574,1.6936745,1.7210996,1.6525968,1.6740093,1.8964913
1.5483279,0.4010689,0.1145712,1.2771100,1.8176869,1.7905231,1.3660908,2.9460922
1.7407471,0.3460242,0.2306993,0.8628119,1.3167711,1.5295045,1.1382046,2.8740530
0.2740310,-0.8160194,-0.0965832,0.3892303,0.6014730,0.5921584,0.7752581,1.6410170
0.4451368,-0.0729341,0.4943005,1.6983657,2.2433385,1.3432235,1.9343485,1.6469419
-1.4003509,-0.1198884,-0.2473687,1.5717950,2.0419964,0.7563901,1.4985336,1.6507443
-2.7232972,-0.1821120,-1.0638807,0.3302117,0.3508377,-0.0147291,0.8158297,0.2921486
0.2062632,1.9537227,0.5753557,1.1852658,1.4985437,1.3998741,1.4805744,0.2326739
1.0633482,1.8424517,0.9227216,0.6755145,1.4961303,1.1950673,0.7268396,0.1836212
-0.6799229,-0.8339802,-2.0568818,-2.6753868,-2.6170814,-1.6393226,-1.5754951,-1.8481527
-0.7465454,-2.1309942,-4.2114152,-4.2486543,-5.0775286,-2.6861463,-2.5477248,-2.0027537
-1.2545539,-2.4932006,-4.0773754,-3.8136200,-4.4860038,-2.1891868,-2.6048044,-1.4911669
