1.7949802,4.6048063,3.5720790,3.5544006,4.6912226,6.8569669,4.7507272,3.7655968
0.4298358,-0.0631192,-0.5784815,-1.8662919,-1.2035533,2.1894961,0.6484584,-1.8004671
-1.7225467,-1.2720567,-1.4967897,-2.0164810,-1.8634311,0.4900129,-0.3341752,-2.4785541
0.7933583,2.2646960,1.6965563,2.4116159,3.5068777,3.0670650,3.1732771,1.7269325
-1.6630794,-2.2704470,-2.6180687,-2.6420459,-1.8811403,-3.2365071,-2.5755538,-3.0694368
-1.0579668,-2.1979060,-2.1193067,-2.9026083,-2.7622824,-3.3877981,-3.2031535,-3.6253368
2.3755080,2.7794737,2.7608791,2.6260410,3.1840917,2.6527759,2.2657668,1.6770758
-1.2848807,-1.1682742,-1.3570081,-1.5539407,-1.1343056,-1.2336303,-1.9970264,-2.2046497
-1.4078097,-2.6204623,-2.8882557,-3.3008631,-3.0727533,-3.2653593,-3.7836929,-4.0572759
2.7270655,2.8788518,2.1034339,2.5610508,2.8270413,2.1966142,2.3355328,1.9074641
-1.0435351,-0.6022582,-1.3997053,-0.7357988,-0.9284513,-1.5461399,-0.7664961,-1.2114993
-2.9154125,-4.1730221,-4.1082554,-3.4048029,-3.5883190,-4.7941529,-3.7318961,-4.1289775
1.9845755,-0.3775852,0.4878272,1.5852903,1.5961532,-0.3760640,1.3367312,1.4173633
0.7385103,-0.2416759,0.7159769,1.4758473,1.3667221,-0.6202202,1.2427420,1.7428825
-1.1446326,-0.1191117,0.6145994,0.9699692,0.7935558,-1.0987621,0.2392067,0.4119208
3.0227379,3.3982683,3.8905006,4.7321379,4.0621841,2.6223783,4.1953702,4.0265765
3.4367850,2.8847851,2.7656386,4.1551774,3.4385230,2.6859872,4.4560680,4.1827947
0.5221228,0.7100390,-0.0984340,0.8855217,1.4956683,0.4161997,1.8617072,1.3682739
2.2782719,3.2342599,2.0205056,2.3722118,3.6070016,2.3651333,3.3800361,2.5682438
3.7199380,4.1724754,2.9194447,3.0888050,3.4301399,2.8621874,3.4007579,3.0349506
-0.0759909,0.3655027,-0.5459942,-0.4866469,-0.5957874,-0.3002260,-0.6036048,0.4029059
-1.0529887,-1.2185577,-1.3518521,-1.8659902,-2.0330233,-1.2891374,-1.6839131,-1.1330302
1.0839715,0.5420309,0.8383752,-0.1841346,-0.6882900,0.1005235,-0.0221083,-0.9520723
-1.2104559,-0.7569662,-0.6925321,-1.6893411,-2.5656808,-1.4766548,-1.8427429,-2.0393098
-2.9154461,-1.1639957,-1.6643218,-2.0636763,-2.3075180,-1.0885934,-1.5512575,-1.0743555
0.4947693,1.2358831,0.9450871,0.6610219,1.5261323,1.9560387,2.0782027,1.6113142
0.3460628,-0.4702503,-0.0558597,-0.8157165,-0.3339110,0.2168535,0.1421987,-0.2962193
-3.2106900,-4.4335713,-4.0100270,-4.3719000,-5.1026857,-3.9163737,-4.2797118,-4.2927038
-1.2939441,-1.5998489,-1.6742448,-1.0525595,-1.5525719,-1.0676063,-1.4230699,-1.4218397
0.6223414,0.4633160,0.3693775,0.8595361,1.4689739,0.5199958,0.1520083,0.3799573
-2.3805021,-1.9581857,-2.0988450,-1.5475367,-1.1517348,-1.9925128,-2.4992630,-2.3975973
-2.2019250,-1.3243776,-1.5657325,-0.5516553,-1.3343160,-1.2622833,-1.4535632,-1.6958451
-1.6630939,-0.6923290,-0.9525118,-0.0940244,-0.5111242,-0.7291056,-0.8210915,-0.3623587
-2.4651190,-1.9418374,-2.0755038,-1.8455144,-1.3829260,-2.0656749,-2.0299095,-0.8870823
-1.9707094,-2.0109281,-1.8290979,-2.0979919,-1.7616511,-2.1459433,-1.9427418,-1.3077742
-2.5652411,-2.5844034,-2.2814030,-2.4600614,-2.3741650,-2.3360176,-2.5950591,-2.8984267
-0.6650502,-0.7318933,-0.7184309,-0.7147886,-0.7158965,-0.1074249,-1.0243991,-1.5885582
1.7122099,1.6322761,1.4402803,0.8787630,1.1599362,1.9185695,0.5672735,0.7716289
1.0453483,1.5570203,1.8577245,0.2877886,0.7285571,1.9360115,0.3687368,1.3296484
2.3137160,2.7484349,3.7933878,1.7693417,1.5217172,3.4677762,2.1450562,2.8445307
2.6250510,3.2924954,4.2186161,3.0146926,2.3840707,3.7843611,2.9112904,2.7375173
-0.0116090,1.2073456,1.4813897,1.3127904,1.3879448,1.8182661,1.4882503,0.5285409
-0.3593268,-0.3214492,-0.5660197,-0.7433469,0.1015453,-0.0684713,0.1422674,-0.8179049
1.7253831,0.6089535,0.2063550,-0.2022789,0.7534166,0.3002584,0.8583073,0.4446457
1.0828166,0.1364405,0.1674720,-0.0296146,0.2114042,0.5514257,0.9640899,1.3032418
-3.0689457,-3.4525985,-3.4226938,-3.0578402,-3.8441285,-2.8453534,-3.3013305,-2.0361870
-1.9721159,-3.1276614,-3.1438836,-3.0194728,-4.6894408,-3.9558213,-4.7860664,-3.3468425
2.5583859,-0.1923720,0.4773748,-1.4178579,-3.9363059,-1.9979603,-2.8041080,-1.5591766
1.8899300,-0.5198645,0.3998118,-2.2125358,-3.2704495,-0.8484725,-1.4736326,-0.7345895
2.4422947,1.5514924,2.5594763,1.9231251,3.8893739,3.8746676,4.0437405,4.1003878
3.8306079,3.9374334,4.8266733,6.0181910,8.0423785,6.7602748,7.3153518,7.7566130
-0.7048727,0.5050553,0.3888957,2.2380787,2.6689421,2.0299254,2.1761446,2.5491119
-3.3997684,-2.6593031,-2.9102173,-1.6930807,-1.6227390,-2.3636098,-2.3514540,-2.5153129
-1.5578104,-0.9165322,-1.0267748,0.0606046,0.4477374,-0.4192232,-0.5923315,0.0018362
-2.2053748,-1.3912674,-1.9889238,-0.1169590,-0.1082394,-0.8157781,-0.8413836,-0.1858824
-3.0908007,-4.0591869,-4.5122074,-3.3520961,-4.2609075,-5.3227010,-4.4746047,-4.6962693
-1.1712369,-2.5402230,-2.8720342,-2.5584103,-3.4036684,-4.4645786,-3.1280308,-3.3287768
-1.8773086,-1.8465848,-2.3177011,-1.4962611,-1.2720812,-2.4793313,-1.4140147,-1.5706969
-2.2644735,-2.2076048,-2.0179193,-0.9861841,0.0012906,-2.2757474,-1.7197482,-2.3972502
0.9694336,0.6168559,1.4623842,2.3049202,2.8646460,0.3754388,0.8290840,-0.2148081
0.4916587,0.4376412,0.8503457,1.7556978,1.2916543,0.1592999,0.9607301,-0.0213213
-1.2093533,-0.1746659,-0.7858178,0.1411963,-0.5411590,-0.4968134,0.3505692,-0.5513826
0.9261825,2.9809272,1.9508971,2.7595256,2.5993671,2.1340615,3.4417623,2.0071165
1.5814668,3.1027360,2.3407782,2.5377346,2.8002977,1.8050851,3.7880284,2.0223844
1.3282866,1.8762711,1.2343360,0.5678030,1.0011640,0.1916110,2.2037160,0.4844264
2.0171039,2.8733187,1.9185483,1.3269422,1.4564163,0.0238884,2.2676974,0.8008311
2.7981804,3.6450745,2.3830382,2.4499039,2.0117020,-0.3348330,2.4254841,1.8856687
4.4812756,5.3699614,4.2288826,4.7088082,4.0006510,1.4170047,4.0447626,3.9492331
4.6597356,6.4253542,5.6519928,6.0673488,5.4649395,3.4702829,5.1734454,4.9872426
3.6826726,4.1408255,3.6572041,3.4135546,3.1059895,2.2171803,2.6218930,3.1036773
3.5791177,2.3324142,1.9258138,1.6428296,1.2746906,1.0576165,0.4460834,1.8172510
2.5130482,2.8064261,2.0198487,2.9461275,2.3043238,2.5993163,1.2734783,2.8859883
0.4296832,1.2641157,0.4709043,1.3787908,0.6232590,2.0809393,-0.0773210,1.1202171
-0.6648809,-1.1734233,-1.2840091,-1.8173215,-2.3763169,0.2299148,-2.4604262,-2.0163704
-0.3492824,-0.4061337,-0.2408306,-0.7938625,-0.9694687,2.0410714,-0.3155367,-0.4066218
-0.0076830,-0.1724167,0.1709697,-0.1235697,0.1230442,2.8701566,0.7864226,0.7641483
-1.5014666,-3.8217099,-2.6873190,-4.1947080,-3.3767605,-1.0004264,-3.1918001,-3.2284500
-2.9852510,-4.9619455,-3.5422667,-5.3977198,-4.1662411,-1.7330134,-3.8316918,-4.1039789
-2.2556270,-2.3850591,-1.2579370,-2.7060573,-1.4053911,0.8706222,-0.9997106,-0.8900139
-1.4963404,-1.6355244,-0.4207211,-2.2142308,-1.4648348,0.7188253,-0.6418795,-0.6163029
-1.8955407,-1.8636417,-0.7420990,-2.2954979,-2.2692287,0.0829129,-0.6571669,-1.1843744
-3.2267614,-2.2964437,-1.9230126,-2.6479239,-2.4088748,-0.5391518,-1.4716656,-1.5741519
-2.2543031,-1.3555136,-1.5829791,-1.8845305,-1.4712596,0.0119492,-1.1492863,-1.1428346
0.0651517,0.4666549,0.6282184,0.2670083,0.2812502,1.9339488,0.8573929,1.2253250
-1.5605703,-1.5074426,-0.7226284,-1.3784558,-1.2121918,-0.4256319,-1.5099650,-0.0154945
-1.9637675,-1.4712826,-0.9407092,-1.5618878,-1.0214661,-1.4837830,-2.1186123,-0.8631426
0.0080714,-0.0406840,0.4047421,-0.2644331,-0.1052366,-0.2969463,-0.3914621,0.0076952
-0.6409898,-2.4934654,-1.6501388,-2.0533200,-2.4663223,-2.2630905,-2.2267602,-2.6693059
-0.5543365,-1.9809461,-1.2307753,-0.6269807,-0.8775234,-1.5710889,-1.3533450,-2.5297343
-0.0619536,-0.2452788,0.3645952,1.2478725,1.3020426,0.1749815,0.4054528,0.0543439
-0.1178444,-1.2264970,-0.2532466,-0.0119887,-0.0397540,-0.4965897,-0.5228092,0.2103287
2.8983280,1.3299395,2.3075613,2.3395248,2.4987675,2.0620004,2.1158622,2.6545696
4.9716743,4.2505494,4.8186213,4.7366269,5.0116216,4.3744556,4.4843880,4.8784965
2.5448758,1.9665894,2.5505294,2.1910332,1.9526895,1.8113329,1.6368771,2.7405667
0.5459862,-0.4440881,0.1881427,0.5850399,-0.1166287,-0.6715874,-0.4626276,0.7110166
-0.8006463,-2.7225052,-2.0944021,-1.2538352,-2.3435678,-3.8172520,-2.8361193,-2.6116650
-3.4093909,-5.3891282,-4.8445045,-4.8457340,-5.8886025,-7.4828393,-6.2692159,-6.2852285
-2.5608638,-3.2319962,-3.2623474,-3.1947089,-3.6992052,-5.5385540,-3.7971566,-3.4705157
-0.4454672,0.0222352,-0.9432783,0.1558746,-0.6892764,-2.5355429,-0.3388190,-0.3172637
-1.9480211,-0.6645368,-2.4431599,-1.0969345,-1.9838867,-3.4892010,-1.4962231,-2.2093149
-1.4549033,0.6757481,-1.1736238,-0.1296904,0.3148980,-1.1663504,0.5285253,-0.7108132
1.3690573,3.2441349,1.7783390,2.5212031,3.5189514,2.3233765,3.6616548,2.7270939
-0.0872481,0.8482960,-0.5755350,0.0113097,0.4150919,-0.0611057,0.9902409,1.0196485
-2.1317941,-0.2767598,-1.7612328,-0.7550034,-1.0888279,-0.7600386,0.1068398,0.1531685
-0.9256894,2.3687928,1.2647816,2.3285298,1.6404491,2.5183084,2.6249698,2.0480386
-0.1980772,2.0457056,1.3622637,1.3310162,1.3102329,1.8837276,1.3745846,0.7490062
-0.7367040,0.5253753,-0.4439727,-0.7434438,0.1576300,-0.1292468,-0.5428267,-1.2709514
-1.4770784,-0.0259221,-1.3744733,-0.9449657,0.1007620,-0.4626058,-0.8919649,-1.6039586
-1.4571648,-0.2825338,-1.1434875,-1.1381058,-0.2550231,-0.2941601,-1.0701575,-1.1885728
1.5676036,1.0006174,1.3133145,0.0916864,0.8916458,1.2159129,0.3572359,0.8568117
4.1219040,2.1268619,2.7865110,1.6797759,2.1568850,2.4972024,1.8917149,2.4148631
1.9196323,0.8588776,0.8881546,0.9254640,1.4549794,1.5655141,0.9952965,0.9361391
-0.8725495,-1.4001855,-1.1084739,-0.9095376,-0.0819845,-0.1595447,-1.0592125,-1.4013351
-1.2202147,-1.7458945,-0.9242585,-0.7388229,-0.5656956,-0.3149667,-1.2432930,-1.4557566
-0.2045439,0.4139520,0.7493658,1.7300860,1.2461035,1.5741384,0.7815459,0.9879242
1.5595996,1.5109897,1.7882197,2.5526276,1.7472503,1.9734920,1.2422435,1.8297770
2.2282660,0.5276145,0.9837813,0.7640725,-0.1953498,0.2878056,-0.1830109,0.2967314
1.3177370,-0.2523871,-0.3435911,-0.6874000,-0.8323184,-0.6108324,-0.8152674,-0.4781481
0.3816866,-0.2843048,-0.5626331,-0.7975311,-0.5537930,-0.5827970,-0.5796234,-0.1553714
1.2392159,0.6555116,1.0736832,0.4603024,0.1812972,0.5798340,0.8681720,1.6192007
1.2040212,-0.3199711,0.9595665,-0.4941697,-0.7445854,0.0638179,0.3262878,0.7633468
-0.6322307,-2.1156832,-0.8576727,-2.7482734,-2.9178339,-1.7995107,-1.6373765,-2.1481555
-0.6723743,-0.0923823,0.5154821,-0.3691657,-0.9887581,0.1627666,0.7031587,0.3251053
-0.7334730,1.1627994,1.5481972,1.3229660,0.7791658,1.6298063,2.3760955,2.0234782
-1.2606945,0.2605318,0.4153415,0.0038280,0.2215735,0.4612326,0.8485961,-0.1309560
-0.8854462,-0.0777945,-0.2790159,-0.1325623,0.4020077,-0.0292422,0.1104442,-0.2932824
0.5092867,0.0331140,-0.0380349,0.0582607,0.4153880,0.3649434,0.7263011,0.8029122
2.9410691,2.2002873,2.3150130,1.8435903,2.1582099,2.8394675,3.4228972,2.9803061
2.4237995,2.8220071,3.0783672,2.8503002,3.0473485,3.4984237,3.7280958,3.0750314
0.4956648,0.8190265,1.3391610,1.0121826,0.9957400,1.0716103,0.7661903,0.2909131
0.7236299,0.2633303,0.5019225,-0.0042110,-0.0037045,0.3378481,-0.2113664,-0.4008723
-0.8273772,-1.6064595,-1.8061994,-2.3824659,-2.0776022,-1.4268324,-1.8844899,-2.0843685
-1.9682005,-3.2354941,-3.0564339,-4.0985246,-3.4645907,-3.0532449,-3.1106188,-3.4491999
0.4585284,-0.8860792,-0.1949806,-0.7189200,-0.3838294,-0.2029457,-0.3566352,-0.0903823
-0.7724023,-1.3980774,-0.7368471,-0.3905596,-0.5000490,-0.0209985,-0.7167059,0.2212097
-4.9633798,-5.2342504,-4.8376259,-4.2994841,-4.2238855,-3.7548387,-4.5512017,-3.1800674
-4.1842959,-5.1009456,-5.1565674,-4.2206980,-4.2683750,-4.3680555,-5.0312598,-3.1826146
-0.5971631,-2.1197418,-2.4603107,-1.7457748,-2.4483383,-2.4688297,-3.2413166,-1.5879845
0.5088981,0.2996021,-0.1253844,0.1935924,-0.6607345,-0.6289358,-1.3860434,-0.6561538
0.4783995,2.8438174,2.0256649,3.0766481,2.5403990,1.6343958,1.5940575,1.5374695
1.5075917,3.3772926,2.6184717,3.7723691,3.2537429,2.1383398,2.7855246,2.7569527
1.1497510,0.5358873,0.0904194,0.9643041,0.6877852,-0.3529409,0.3066764,0.2104237
0.3795311,0.1940468,-0.7170823,0.7499893,1.2065638,-0.8502136,0.2808026,-0.5883773
1.0345885,1.6987926,0.5901752,2.0257546,2.6183500,-0.0028880,1.7245202,0.3662686
0.0576763,0.4804939,-0.0282942,1.1203301,1.4550890,-1.0267205,0.3044948,-0.9917220
-1.2472301,-0.3973227,-0.4354983,0.9558944,0.9320212,-1.1154080,0.0783405,-1.1989582
-0.9162947,-1.0707484,-1.2156929,-0.0949822,-0.3176894,-1.5195093,0.0707482,-1.4724621
-0.6693873,-0.7059116,-1.5284501,-0.7039064,-0.1040143,-1.3300356,-0.2448070,-1.4718399
-0.0156285,1.9246636,0.7943070,1.4211303,2.4300837,0.5305604,1.0710836,0.7857922
1.0679139,2.1382051,1.2631135,1.5402482,1.7615739,-0.1041049,0.9510270,0.9330877
1.6994027,1.6423080,0.7619762,1.5185429,1.3238399,-0.6959476,1.1062484,0.7859273
1.9114514,2.9844597,2.2665386,3.7564686,3.2367146,1.0243825,3.2758791,2.9570869
1.0236789,2.3378355,2.1327353,3.3884711,2.5537914,0.7840694,3.2502902,2.7760578
-0.4531131,0.9485530,0.8985415,1.6939693,1.7109494,-0.1850606,1.9076558,1.3735850
0.9060842,2.6218660,2.4696110,2.9785800,3.4598559,2.0488573,3.1647378,3.6225413
3.8619209,4.1861304,4.0640401,3.8233968,3.5609088,4.3062292,4.0219035,5.2023817
2.9450565,2.3304695,2.4556592,1.5156677,0.3958816,3.3018406,1.4318599,2.4838984
0.4704082,0.4239974,0.5454232,-0.1359387,-1.4817971,2.3855176,-0.6248618,0.8319086
-1.0683266,-1.6770084,-1.4872221,-2.2840442,-2.8885112,0.8575916,-2.5189134,-0.7931214
-2.8088623,-4.3600100,-3.3701622,-5.6561314,-6.5695854,-1.8888889,-5.2146176,-4.3700901
-1.2696616,-2.8129322,-1.4053967,-4.4387680,-6.2448280,-0.6892785,-3.8912631,-3.7817118
-1.1859297,-2.0042872,-1.0221151,-3.2513394,-4.0311276,-0.2207632,-3.3578126,-3.0761797
-5.4795974,-4.9426154,-4.2824380,-5.8265612,-5.3784756,-3.1565936,-5.9584717,-5.8659569
-3.2418842,-2.9358108,-1.9821870,-3.8622109,-3.2538887,-1.2440947,-3.0202960,-3.3714231
1.6599799,0.6473291,2.0520692,-0.5769475,-0.3887167,1.6138745,0.6715848,0.9311045
-0.1591717,-0.5125222,0.2997436,-1.8150885,-1.7760348,-0.0690919,-0.9124942,-0.1033773
-0.6053339,-0.0499797,-0.0678551,-0.7670393,0.0613169,0.3794266,0.0142226,0.1712119
1.2261488,1.7729431,1.9333959,1.9006229,2.9162055,2.2856291,2.4085858,2.0741638
-0.2817317,0.6946367,0.8187455,1.2103801,1.8618046,1.3402168,1.4267566,1.2350977
0.1450515,0.4758190,0.5211174,0.7239292,1.7209737,1.4809560,1.8806102,1.5057907
2.4782128,0.8308896,1.7583396,0.6417680,1.9109783,2.0319725,2.6366067,2.1792225
2.2346795,0.3259874,1.5550144,0.3788918,1.2231008,0.8414261,1.1953868,0.9325982
1.5838321,1.0370548,1.5774602,1.9288522,2.3541938,1.1993326,1.4376089,0.9092517
0.3485190,-0.0181444,0.3403986,1.2102001,1.4875880,0.6882404,0.9301480,0.5369864
-1.5695297,-2.8444308,-2.1771001,-2.1256275,-2.1708931,-2.0208161,-1.7534610,-1.5839732
-0.8271426,-2.4370749,-1.9845721,-2.2523632,-2.1237854,-1.7400832,-1.4757593,-1.5780693
0.6542860,0.6166361,0.1429923,0.6767572,1.6921618,1.2458919,1.4664711,1.0254573
1.8343270,3.4570847,2.2522442,3.3916218,4.4763959,3.5172494,3.9709117,3.5962689
3.2220544,3.2448580,2.1294506,2.8511882,3.1353464,2.2705450,3.0813780,2.7282158
1.5836278,-0.2283786,-0.7289980,-0.3433361,-0.4055838,-1.9133563,-1.0224394,-0.9195914
-0.2681644,-1.0678392,-0.9561647,-0.0540655,-0.1067192,-2.6122140,-1.4649005,-1.0786253
-0.9672201,-0.9671938,-0.5597504,0.2122283,-0.2018785,-2.6868153,-1.2281290,-1.0421873
-2.2872011,-2.8130509,-2.2617496,-2.6056439,-3.1661659,-5.1221521,-3.9087692,-3.5843759
-1.1334945,-1.8726252,-1.4979114,-1.8466696,-2.0272299,-3.9024719,-2.7507931,-2.2849634
-0.4996660,-0.7248916,-1.1466624,-0.5352230,-0.7008649,-2.0193192,-1.1890392,-0.7456854
-1.0711968,-0.6850790,-1.6192237,-0.8514487,-1.5036057,-1.5275288,-1.5836357,-1.4924761
0.2730827,1.5507233,0.7260011,1.5251461,0.6058566,1.1044140,0.9822737,0.9830731
-0.2435798,1.9455368,1.1380498,2.2269844,1.9035416,1.5216928,1.6214809,2.4477656
-0.6490014,0.9601378,0.2034788,0.9370283,1.1446098,0.2229228,0.2428301,0.8107334
1.6001205,2.0303221,1.5759227,2.0233425,1.5061339,1.7818838,2.0539275,1.5304943
1.3765701,2.1856359,1.8319393,2.4768106,1.5183179,2.8002178,3.0456506,2.9322892
-0.3736843,1.0205692,0.3176396,1.0214480,0.5353337,1.3693147,1.3445815,1.8570920
-0.5647212,0.1913512,-0.8259359,-0.2446122,-0.3595149,-0.0479531,-0.0339591,0.0289647
-0.8569878,-0.4271780,-0.9708954,-0.5965356,-0.2495961,-0.1243088,-0.1992631,-0.1004038
-0.5347499,-0.5499787,-0.4808944,-0.2697069,-0.0346179,0.3237233,0.0024658,0.3307850
1.4616631,-0.1013625,-0.0376565,-0.1476196,-0.6635973,0.3748161,-0.1754267,-0.5417316
0.0903188,-1.1364420,-1.3493044,-1.6044040,-1.6028552,-0.9720897,-1.5896391,-2.3559494
-3.7253300,-3.1713742,-3.6080190,-3.4592643,-2.3847057,-2.8918577,-3.0976681,-4.1818801
-3.0768329,-2.5067413,-2.7164279,-2.1338443,-1.6001864,-1.8367988,-1.8821752,-3.5152990
-1.7793336,-1.7931904,-1.4711494,-0.8980936,-1.2892323,-1.1080006,-1.5253963,-2.3476029
-2.4960700,-2.8320842,-2.0319426,-2.2523110,-2.5014732,-2.8590194,-3.2734749,-3.1422863
-1.0419431,-2.5173319,-1.3462463,-2.3790098,-2.4672604,-2.5661043,-2.6393550,-2.7179540
0.7884584,-1.0931989,-0.1045794,-1.0225578,-1.2251819,-0.8081590,-0.5250588,-0.5383284
0.6217050,0.3980161,0.8565392,0.4872271,0.0375517,0.7045247,1.4153158,1.3613358
0.2539358,1.4404125,1.5964258,1.5430285,1.1834832,2.2475106,3.0499838,2.3630447
1.1983689,1.5660055,1.8703970,1.4410011,1.9565477,2.6136137,3.1648584,2.2945866
2.8313399,1.8466501,2.4485255,1.3793734,2.0117873,2.2651586,2.3752639,1.9554007
2.5597347,2.1196380,2.4835833,1.4090323,1.6344406,1.9482969,1.3619207,1.8922122
0.4409857,1.2144530,1.4717091,0.5813769,0.6149303,1.2633481,0.1478011,0.8606952
-0.7087381,0.2932555,0.7808753,0.0130131,-0.5646794,0.5225300,-0.5304618,-0.4098246
-1.1047102,0.3708142,0.3935033,0.1184804,-0.4084335,0.2241884,-0.7626281,0.3681494
-1.4959988,-0.8105427,-1.0414998,-1.0965734,-1.2744912,-1.1953128,-2.5724367,-0.3721659
-1.8494525,-3.0241230,-2.9303867,-3.1781727,-3.4753019,-3.8420481,-5.0783737,-3.3453816
-1.5364838,-1.3529862,-1.5853343,-1.4437805,-1.5126298,-2.2469237,-2.6393384,-1.2859852
-1.2830933,0.6130915,-0.0586443,0.6441980,0.7647440,0.4768204,0.5212460,1.0463718
-1.3361600,-1.0265083,-1.7086269,-1.3539769,-1.4311848,-0.8698803,-0.8704477,-1.0978904
1.3322815,0.0770993,-0.3298148,-0.7239816,-0.8015975,0.1556100,0.2379947,0.0409876
0.8389768,-0.7646332,-0.6549936,-1.1362154,-0.7454449,-0.5329116,-0.4584631,-0.7377971
-3.0125200,-5.0476131,-4.6264317,-4.9758730,-4.6108877,-4.5236879,-5.0434687,-4.4130486
0.0301972,-1.9678591,-1.0436598,-1.9165554,-1.8638547,-0.7592534,-1.6694631,0.0136177
4.3190817,3.0474110,4.2150903,3.1307865,3.5379093,4.0616528,3.9251482,4.9497710
3.6617671,3.8717065,4.2010115,3.8950583,4.4693122,3.5937723,4.2691389,4.2084205
2.0279341,3.8079124,3.4102500,3.7439817,4.1132230,3.3621878,3.7341995,3.2064474
1.1917367,2.5686499,1.9303035,2.6103316,3.0859925,2.6465458,2.8028879,1.9737744
1.7380204,1.1653833,0.5157082,1.4980840,2.1484824,1.2570893,2.1000376,0.8852943
0.5232728,-0.4165344,-0.6503968,0.2831195,0.2006211,-0.5497868,0.7053331,-0.4050729
-0.3184846,-0.0153882,-0.0507090,0.6697168,-0.2896301,-0.6365365,0.1292356,-0.1725193
1.9170584,2.5914299,2.2946633,2.7891471,2.2218301,1.8242391,1.9552032,1.5386547
0.7762268,1.4159694,0.7708310,1.2927649,1.5190148,0.8824525,1.2766654,-0.3116307
-1.4949281,-0.3651193,-1.2060056,-0.0952704,0.7027795,-0.6101139,0.7748572,-1.0608258
0.7359707,1.5143739,1.0812840,2.5313556,3.5037860,1.6577928,3.3513835,2.2554045
3.7087832,3.7428354,4.0875377,4.9618469,5.5127615,3.6378816,4.9778559,4.4721195
2.3759065,2.6302487,3.2363742,3.4561699,3.4041215,1.7310370,3.3865670,2.6177772
-0.6646105,0.0214463,0.3789456,0.4810045,0.1548307,-0.8368505,1.0270029,-0.2529234
1.3578456,1.1535026,1.4861858,1.5313209,1.3208681,1.0767398,2.2797115,1.0026360
1.3692401,0.9693322,1.1652946,1.2969141,1.1219583,0.7608104,1.7288202,0.4144949
-2.3273033,-1.2840514,-1.8352893,-1.1423018,-1.1596807,-2.8521752,-1.3722979,-2.6431089
-0.0688370,0.7789389,-0.6503544,0.9508236,0.9196618,-2.1516814,0.0372513,-1.0223930
1.1027953,0.9429562,-0.8876709,1.3831418,1.2125774,-1.8520539,0.5532072,0.0995224
-1.9317219,-1.5738385,-3.2934495,-1.1518827,-1.0113653,-3.0841713,-1.5330311,-1.0522011
-0.9243532,-0.2340213,-1.8933692,-0.5255241,-0.5366137,-1.5452617,-1.2120717,-0.5798057
1.4663014,1.2060177,-0.1589570,0.0649832,-0.6766798,-0.6408116,-1.4334410,-0.4981462
1.2193383,0.7164241,0.0637849,-0.2522440,-1.8905394,-0.3737558,-2.0248569,-0.3567873
0.4528484,1.2872874,0.9838478,0.9226759,-1.1238974,1.8618664,-0.2421836,0.9283307
-1.6786439,-0.5253944,-0.6035818,-1.1174114,-2.4658410,1.1694808,-1.7614098,-1.2782420
-3.3005537,-2.9638028,-2.6474195,-3.8788204,-4.6663584,-0.5059988,-4.2316463,-3.2428542
-0.4714603,-0.3938686,0.2014132,-1.0915075,-1.4532999,2.2993992,-1.1725936,0.2792287
0.0578046,-0.6712709,0.4293439,-1.0498652,-0.9472507,1.1971220,-1.8136974,-0.1638832
-3.5530280,-5.0434618,-3.2519629,-5.2172115,-5.4512427,-3.6710978,-6.4434486,-4.7551209
-3.9969615,-4.5990965,-2.6839481,-5.0905459,-5.3239466,-3.0251754,-5.3230325,-4.3936894
-2.3172282,-2.8403904,-1.1488507,-3.8619794,-3.4691029,-1.3197067,-2.9327168,-2.2622209
-2.8895353,-3.8253473,-2.4485685,-4.8148518,-4.2770696,-2.2671780,-3.5298971,-2.1989446
-3.4575533,-3.0231439,-2.2508918,-3.8445542,-2.9931356,-1.1567868,-2.5366133,-1.3279738
-1.3867957,-1.1586823,-0.4513607,-1.9788625,-0.3841885,0.7741868,-0.3021349,0.2891958
-0.0398538,-1.1132501,0.0620475,-1.6424559,-0.3059571,0.7190798,0.0865204,0.5367943
-1.7046884,-1.5546705,-0.5232389,-1.8228278,-1.1677258,-0.2810625,-0.4957493,-0.5446681
-3.6460866,-2.3416447,-1.8561360,-2.6899610,-1.9433503,-1.8078077,-1.3210829,-2.0168329
-1.6133179,-1.1926478,-0.8653526,-1.3338019,-0.8134479,-0.7741233,0.0909002,-0.5536968
3.1908291,2.2722201,2.9816705,2.8748846,3.2291866,2.8368630,3.7928576,3.3882344
4.2512087,3.0079948,4.2149458,4.3085867,5.3146973,4.0887402,4.8071614,4.4136890
1.6170540,1.1062192,1.7786655,2.1893254,3.1770463,2.0595199,2.3264264,1.7865986
1.9007408,0.8884497,0.6272928,1.1141039,1.1382619,0.3044860,0.5517504,-0.1525876
3.3424830,1.3831242,0.9352389,1.4465564,0.6320171,0.2361970,0.7253400,0.1653607
0.8099044,-0.1571273,-1.0844002,0.4128523,-0.3536698,-0.6966860,-0.1762350,0.0292273
0.4141410,-0.2417287,-1.2891973,0.5599487,0.2175918,-0.7850940,-0.2502749,0.3361924
2.9548728,1.6075387,1.6648818,2.5843677,1.9885510,0.8690833,1.8215437,1.9698956
1.8906867,1.6137693,2.5035740,3.2137838,2.8425677,0.7560731,2.3082026,2.5887676
0.4271522,0.7882968,1.9264143,2.6786086,3.0815076,-0.6692118,1.6023169,1.8662231
0.6029196,-0.0125954,0.8513220,1.5268620,1.6912331,-1.5769511,1.1181566,0.4177013
0.5960518,-0.1666105,-0.4801066,0.9513502,0.5402314,-1.2704645,0.8484755,-0.3579525
-0.6150752,0.2789339,-1.6066350,0.3830465,0.0787076,-1.4674930,-0.0918912,-1.3290447
-2.4049344,-0.0000121,-2.7253597,-1.1905223,-1.2044803,-2.5553935,-1.2989064,-2.4838250
0.3605615,2.0221148,-0.1513844,0.8791917,0.6938385,0.2191948,1.3499952,0.5782746
4.2615435,4.6090586,3.3872381,4.0909341,3.9102432,4.0169594,4.5589194,4.1247967
1.7167311,3.0489056,1.8049289,2.4343777,2.3290752,2.8717044,2.7489062,2.1684017
-1.4462955,1.1914042,-0.3800051,0.3537855,-0.4112412,0.6770868,0.4880687,-0.4035082
-0.8689642,0.8463607,-0.3497681,-0.0805083,-0.7349998,0.0272872,-0.0578834,-0.3632407
-0.2174253,0.5175146,0.0290910,-0.0461462,0.4583713,0.3071252,-0.0991581,0.7474051
0.7797202,0.8401195,1.2870387,0.6958594,1.1809865,1.1193716,0.7748123,1.4699339
1.4721126,0.1434134,1.2165127,-0.7161314,-1.3956436,-0.3432160,-0.3639857,-0.3320367
-0.6878791,-1.4937462,-0.8701654,-2.9102088,-3.8393292,-2.5000362,-2.8477621,-2.3714723
-2.2525364,-1.0341284,-1.0469907,-1.5380552,-1.9094336,-1.4397864,-2.2418514,-1.4615335
-0.5912668,0.2870869,0.2272046,0.5935410,0.5129599,0.4690917,-0.4593315,-0.3682451
0.3138903,-0.6138119,-0.6087421,-0.5598406,-0.3620145,-0.1711549,-0.9883439,-1.6561888
-0.5355693,-1.1301309,-1.3116958,-1.1792033,-0.8531391,-0.8105173,-1.1884835,-2.1552660
-1.0680212,-1.1750697,-1.3169489,-1.0158015,-0.7740807,-1.4477464,-1.6370429,-2.5358317
-2.6338977,-3.4407525,-3.2961261,-3.2658559,-3.0700034,-3.2128425,-3.8995874,-4.2276231
-1.6795435,-2.6193916,-2.2047174,-2.2655099,-1.7683478,-0.6919381,-1.6445744,-1.5961147
0.7255052,-0.5917586,0.1146630,-0.2772164,0.9527050,1.9573876,1.1685033,0.6893952
-1.5504179,-1.8891134,-1.2431577,-1.7440730,-0.5887050,-0.0415235,-0.7975521,-1.1025818
-1.5434069,0.1849299,0.6881643,0.6963262,0.9102144,1.3500566,0.8745080,1.1046830
1.2070023,1.7842122,2.4188047,2.1044989,1.9902058,2.5284615,2.2321468,2.3302071
0.1969042,-0.9409171,-0.3895891,-1.3752018,-1.2766093,-0.4499883,-1.0818496,-0.3667542
-0.4408553,-0.6212653,0.1611308,-0.9475122,-1.0666123,-0.0238383,-0.7022758,0.4336516
-0.1237736,-0.0333005,1.5650433,-0.1213047,-0.0922436,0.9995768,0.4116566,1.3690612
-1.1901352,-1.0269162,0.5286623,-1.0956621,-0.4718625,0.2340238,-0.5105362,0.5641512
-0.3449306,1.0586240,1.9915795,1.2914184,1.4673275,1.9240966,1.1095452,2.2647104
2.1540629,2.3120822,3.2544884,2.4351172,1.9365266,2.7204810,2.1101371,3.5704883
1.4731947,-0.3148306,0.2553027,-0.5131677,-1.0011780,-0.0315059,-0.0879792,0.7989069
-0.9186946,-1.4796438,-2.0200754,-1.5252560,-1.7485809,-1.3589573,-1.2038964,-1.2125866
-1.0943351,-0.7699345,-1.7712685,-0.6545769,-0.8771227,-1.2739957,-1.2890711,-0.8400629
-1.6423995,-2.1489261,-2.9016671,-2.3585238,-3.2173439,-3.2794638,-3.2700636,-2.4208934
-1.3677363,-2.0054095,-2.4714208,-2.4118169,-3.0242765,-2.6628319,-2.6564240,-1.4227033
1.6530839,0.6911312,0.2610262,0.5585303,0.9889285,0.7785420,0.9046805,2.5245609
2.0123463,1.1062272,0.2302512,1.1744279,1.5183784,1.0573530,1.3178898,2.2231854
1.3859647,1.1717749,0.2154127,1.5140418,1.3875569,1.1001395,1.4289826,2.0292058
3.4076665,2.2355001,1.9855836,2.9775856,2.9469538,2.7117436,3.4047762,4.1755418
2.8333966,1.8536772,2.0951339,2.5580725,2.9459025,2.4805450,3.2799637,2.9962530
1.3680817,2.3369317,2.5819403,2.7328096,3.4009128,2.4416213,2.9894111,1.2604756
0.8076144,2.1105417,1.7767309,2.2861110,2.4735935,1.6387203,2.1213965,-0.1771469
-1.7210069,-0.3335980,-1.1921756,-0.2295666,-0.3736155,-0.9750670,-0.2800244,-2.7542059
-1.9665832,-0.3664520,-0.7081675,0.0974698,0.4644607,-1.0532226,0.0220454,-2.7358931
-1.2581659,-0.6318618,-0.6229317,0.1429224,0.4591789,-1.9776113,-0.8603106,-3.5908378
-3.0403635,-2.4297255,-2.9675877,-1.7981339,-1.9822723,-4.5674726,-3.5829919,-5.9649572
-1.9370493,-1.3689979,-1.8862994,-0.8198147,-1.0887261,-3.2100654,-2.0156325,-3.8075549
0.8238788,0.3225874,0.5086711,1.1926359,0.5091272,-0.5070668,0.6584593,0.0171342
0.8361193,0.3719495,0.8149029,1.7665858,1.0374310,0.0641986,1.2324343,1.1016218
-0.2817305,-0.8038002,-0.6798539,0.5257984,0.4514662,-1.2452525,0.1234203,-0.1648159
0.0021051,-0.7233893,-1.2227199,-0.2510872,-0.0348540,-1.7142034,-0.5893686,0.0745343
1.8821066,2.0609201,1.1176341,1.2860444,1.5190305,0.3382133,1.0798290,2.2558467
2.7483458,3.2587382,2.4074490,1.7072198,1.6867940,1.4666180,1.8236780,2.0531591
2.4181842,2.7323141,2.0550802,1.4277669,1.2003816,1.4960072,1.8818938,1.5404563
1.6716982,2.0825160,1.6505728,0.9741040,0.8744209,1.0115767,1.9765863,1.5722117
-0.2598274,0.4790136,0.2958704,-0.3821912,-0.6148704,-0.8465316,0.4545783,0.0919443
-1.3601463,-0.3396820,-0.7718416,-0.5508201,-1.0554930,-1.8829436,-0.4115514,-0.5508523
-1.4626227,-0.4135218,-1.3426255,-0.6424037,-1.2540131,-1.7087385,-0.7803404,-0.3664417
-0.8543876,-0.2037379,-1.3678447,-1.1128875,-1.8841693,-1.2327616,-1.4791343,-0.8601609
0.2336877,0.2216668,-0.9161427,-1.2448044,-1.8270090,-0.7351431,-1.5519824,-1.0339480
-0.1188757,0.1762069,-0.9151045,-1.1777391,-1.4115986,0.2270857,-1.3932671,0.4273114
-0.9954279,0.0206415,-0.7037328,-0.7042900,-1.1372562,1.4915166,-1.1283171,1.4232718
-0.5885857,-0.7094365,-0.1499104,-1.0683548,-1.2702753,1.5067051,-1.1555544,0.2941847
0.1770498,-1.4625377,0.3772597,-1.7405772,-1.2941912,0.7607236,-1.4303854,-0.6006996
-0.4751354,-1.2968851,0.7141370,-1.0913908,-0.9975811,0.6680206,-0.9928365,-0.3093489
-1.4394267,-1.3718990,0.5420217,-0.9012391,-1.1958303,0.8287516,-1.0965735,-0.0727166
-1.4397747,-1.9964887,0.0649579,-2.0661310,-1.6039154,0.4821961,-2.1021583,-0.7922802
-0.6986835,-1.5192347,0.3555701,-1.6756582,-0.7690132,1.1941693,-0.9671170,-0.6949771
-0.2932709,-0.8943604,0.5639965,-0.8001283,-0.3423748,2.1269266,0.6487277,0.1213119
-0.6874073,-1.1768230,-0.1950127,-1.2410097,-0.8352642,1.3329175,0.0622888,-0.4166620
-0.2986769,-0.5631516,-0.0979004,-0.6052557,0.2008753,1.2809199,0.0353237,-0.2582735
0.3727815,0.0743787,0.5533224,0.2095097,1.0789349,1.8307134,0.6584685,0.8129080
-0.0909316,-0.1450533,0.1992323,-0.0582613,0.5571145,1.2643516,0.4807572,0.8973560
-0.2729450,-0.0807867,-0.5121385,-0.2349148,0.3455535,0.9167973,0.6163190,0.4208242
0.4933177,-0.5080389,-1.0326085,-0.4891075,0.0836130,0.0729660,0.4335416,-0.3497224
0.4668733,-0.7466741,-0.9139211,0.0954586,0.1482361,-0.9103073,0.0923780,-0.3800395
0.3698406,0.6327709,0.7110339,1.7874345,1.4401339,0.1944178,1.1576332,0.8025060
1.5509631,1.2795761,1.9906249,1.7668305,1.3137344,0.5764908,1.1954610,1.0419587
1.5591949,0.2312204,0.8940882,0.1759075,-0.4133608,-1.1283250,-0.9438856,-0.1185544
1.2381369,1.2193330,0.9750662,1.2769421,1.0241344,0.0116454,-0.3185472,0.5759760
0.3064548,1.9753484,1.1658988,2.2642388,2.3114358,1.3732920,0.9794154,1.1357542
-1.0123037,-0.5830264,-1.3317826,-0.5332203,-0.7037185,-1.4252463,-1.4139470,-1.4533812
0.7661548,-0.8512103,-1.0642491,-1.1209567,-1.3636361,-2.1583215,-1.3705369,-1.8759507
1.0869576,0.1705200,0.4835676,0.4471107,0.2851773,-0.5020466,1.2748999,0.0576607
-0.7947916,-0.9530220,-0.3657103,0.2077267,0.1568555,-0.7697479,1.5390771,0.0662773
0.1098055,-0.4093754,0.3230487,1.1303708,0.8669394,-0.5643559,1.6361283,0.7986847
-0.2259440,0.3710395,0.4053735,1.8654404,1.0891297,-0.2720887,1.4152795,1.9002764
-1.0661432,0.0800308,-0.9384075,0.7855683,0.4360908,-0.4401886,0.5572647,0.8085580
0.3977612,0.7310968,-0.6191167,0.4010958,0.8938006,0.0525047,0.7954744,-0.3154771
0.8779078,1.6288224,0.0659282,0.8317866,1.1647515,0.4779491,1.3510912,0.0055920
-0.1430168,1.1437001,-0.6436877,0.2294589,0.0516762,-0.1966015,0.2348201,-0.4766702
-0.6514240,0.3951678,-0.9799703,-0.0708224,0.0540467,-0.3899130,-0.3151273,-0.2981302
0.6325904,1.6156849,1.0556447,1.7031361,2.2836457,1.3917162,1.8622211,2.1496328
0.8407856,1.7107187,1.7722971,1.5888519,1.3778861,0.8535074,1.4493508,1.5276174
-1.0045147,0.5556277,0.7728312,0.2627121,-0.5562042,-0.3008052,-0.1706718,-0.3709546
-0.5915618,0.7322156,1.2964464,0.6787100,0.8001305,1.4460721,1.0813871,0.7976611
0.2151366,-0.0218391,0.8871073,-0.1670502,0.6006395,0.9267569,0.7070021,0.2689751
-0.1573231,-0.3859343,0.2929253,-1.0218007,-0.4479943,-0.4796437,-0.3102253,-1.3149752
-1.0941335,-1.1291739,-0.4447348,-1.5382341,-1.1603664,-1.2996298,-1.1533986,-1.7877463
-2.4124075,-3.9572342,-3.0003056,-3.5341427,-3.5334742,-4.0332575,-3.7046134,-2.8833102
-2.3645669,-4.3631213,-3.8510240,-3.9358307,-4.3287454,-4.9450351,-4.6845154,-3.3548755
-2.3757649,-3.0434362,-3.5144256,-3.0008707,-3.4599618,-4.2851562,-4.7504449,-3.9524541
-0.0594525,-0.8276560,-1.6028229,-1.0743028,-1.0383036,-1.9564750,-2.6684462,-2.2466720
2.8567480,1.4766503,0.6451962,0.7123998,1.1892342,1.0283541,0.6411850,0.9311377
-0.9831598,-1.5005759,-2.9557553,-2.3905230,-1.9588715,-1.8479451,-2.5310719,-2.3199030
-3.0109558,-3.5073477,-4.6828689,-3.8039431,-2.9295099,-3.0839621,-4.0942748,-3.8653285
0.2653137,-0.6660681,-0.7027397,-0.1906722,0.7227898,0.9375291,0.5866390,1.1155140
-0.9541419,-0.8744429,-0.5420580,-0.3008035,-0.3951755,0.3682841,0.3720730,1.1872364
-1.6883036,-1.6332468,-1.0459474,-1.5789092,-2.0672026,-1.5651495,-1.5580725,-0.9300814
1.3037557,0.0137441,1.2797174,-0.1087240,-0.4416043,-0.3613944,-0.3257240,-0.1325842
0.8284741,-0.2901015,1.0655022,-0.3146677,-0.9047027,-0.2400702,-0.4242299,-0.5534907
-0.5561584,-0.0810394,0.8356855,0.0933475,-0.6760330,0.6821842,0.6215333,0.9646103
0.8937500,2.4369981,3.1239788,2.8593543,2.3802150,3.7228615,3.4367142,4.0182667
2.6800846,3.9152715,4.3957925,4.1418180,3.9051656,4.7109770,4.1402056,3.7599758
3.4161262,4.0080292,4.1775457,4.0165799,3.7001219,4.1937605,3.5485326,3.4112608
1.9301729,2.6618641,2.3748430,2.5978266,2.4747198,3.5116382,2.1684311,2.9685495
0.0201150,1.0099156,0.2886293,0.6677121,0.8401736,2.3083354,0.9981855,0.9696721
-0.1000006,1.3495495,0.6268464,0.7431174,0.4365085,1.6870081,0.9703085,-0.0165393
-0.1791111,1.3168182,1.0027988,0.6337369,0.1429417,0.8288344,0.0788120,-0.6616037
-1.1464863,-1.2430953,-1.0123896,-1.8199301,-1.9038802,-1.2302739,-2.1250682,-2.2872664
-0.1174686,-1.6716141,-1.1945923,-2.1911602,-2.6122297,-1.4247598,-2.1983766,-2.0299706
2.4229005,1.5971835,1.8758574,1.4064897,0.9857921,1.7648342,1.5527527,1.8197372
3.2434472,3.3290364,3.4899440,3.5029803,4.0534455,4.3044277,4.5691592,5.0662514
2.6676152,3.1574268,3.0642043,3.0635431,4.1555925,4.1316368,4.6820010,5.2565017
2.5046396,3.4146010,3.0444978,3.2073239,3.8753174,3.2279565,4.2131217,4.9057598
0.9512328,2.1766624,1.6134145,2.2426440,2.1144005,1.0781076,2.2037971,2.6955154
0.5878992,2.2219899,1.3009827,2.5465046,1.9464778,0.7897178,1.6288192,1.6108942
2.8106927,3.0641136,2.6394728,3.4413960,2.8923475,2.0451087,2.2068734,2.4528435
0.5083801,-1.4172095,-0.8472087,-1.3991174,-1.6107011,-1.7526866,-1.6064242,-2.1374604
-2.0076164,-3.2523424,-2.7221533,-2.9017462,-2.8544583,-3.4163382,-2.5725234,-4.0808998
0.7309069,0.1992887,0.4228238,1.2903842,1.5441234,-0.1372452,0.8482385,0.2926769
-0.5890504,-1.5241177,-1.4127469,-0.7284323,-0.3526361,-1.8849553,-0.7656247,-1.1951647
-2.8452511,-2.7045443,-2.6978979,-2.0691167,-1.6061784,-2.6377683,-1.4907473,-2.9818752
0.1125077,0.6352258,1.0798069,2.0144111,2.4862130,1.3977765,2.2313282,0.2168037
0.2382489,-0.9755714,0.1204744,0.6325887,0.8749258,-0.3635849,0.4837212,-1.2293173
-3.0400972,-4.3017229,-3.5927305,-3.5403598,-3.2035904,-5.0443900,-4.0047532,-4.9670420
-3.7329107,-2.8829151,-3.6311966,-3.3157449,-2.7710717,-5.1563335,-3.3342720,-4.0641269
-3.5252845,-2.4096685,-3.8360989,-3.4337959,-2.9905005,-5.1283778,-2.8944454,-2.9460645
-2.2146578,-2.8105695,-3.7637120,-3.5164911,-2.9466927,-4.5930483,-2.9516947,-2.4754842
-0.8375980,-1.5299676,-2.7739430,-1.9204641,-1.1218731,-2.7820747,-1.2350536,-1.9526815
-1.7623001,-1.7712207,-3.6755845,-2.5587291,-2.2997172,-3.8462092,-2.0211639,-3.4302090
-1.0976560,-1.1942556,-2.5778512,-1.9289557,-2.4472644,-3.3262098,-1.8214550,-2.3337549
0.6154293,1.3970394,0.8310587,1.4413548,1.0121277,0.7224816,1.1127804,1.8699689
0.0995865,1.8203434,1.2475418,1.7917131,1.5744656,1.8234541,1.1424543,2.5344803
-0.5407102,0.0008755,-0.5217725,-0.8111385,-1.3773071,-0.1825647,-1.4315102,-0.3605726
0.0881028,-0.3278334,-0.4110565,-1.0948356,-1.9568882,0.0413092,-1.8825645,-1.0246126
1.4963870,2.0590353,1.9040058,1.9151285,0.8403654,2.9839303,0.6247721,1.7327394
1.3015480,2.1840891,1.9453944,1.9524431,0.8453889,3.3667292,0.7857731,2.0281445
-0.1652363,-0.7382677,-0.3966111,-1.3796736,-2.2057165,0.9508756,-2.1063489,-0.9595054
0.3635460,-1.0807104,0.0246031,-1.6951250,-2.8671258,1.0402861,-2.4404000,-1.0090333
0.8749219,0.7040250,2.2119750,0.3769765,-0.9189808,2.9841839,-0.1460406,1.6107658
1.0541229,1.3739604,2.8082318,0.8821025,0.8859716,3.3718158,1.2249260,2.7529409
1.8834965,1.1876489,2.2658366,0.2367053,0.9641447,2.9819843,1.1286409,2.7202335
1.0360286,1.3901105,1.8524673,0.9172968,1.3214255,3.3216287,1.6408469,2.9530809
-0.5756234,0.3974959,0.6777320,0.3812045,0.7801018,2.1654167,1.3397325,2.0438380
-0.1692415,-0.7723928,-0.2850824,-1.0696572,-0.8083680,0.5296888,0.2096799,0.6791716
0.1058672,0.0598958,-0.1221560,-0.3530954,-0.0960937,0.5029611,0.2949499,0.0169010
-2.7098177,-1.6855005,-2.2012193,-2.1460016,-1.7842540,-1.9037057,-1.9602347,-2.7390202
-3.4894279,-2.6752901,-2.4414991,-2.8114790,-2.4767788,-2.5972033,-2.6668004,-3.7603097
1.0035672,0.8283861,1.8158630,1.4619810,2.5853863,1.2676199,1.3469791,0.4086047
1.2084588,-0.2642433,1.1483247,1.2425047,2.7260092,0.5048628,1.1881587,1.5111541
-0.7042284,-1.9870614,-0.5164169,-0.4300812,0.2595591,-1.1486846,0.1024349,0.2630913
0.4969675,-0.2334693,1.2597518,0.4934943,0.6056636,0.0730916,1.2167922,0.3279373
0.4356721,-1.2184832,0.5087708,-0.5228047,-0.4916444,-0.5861862,-0.1427719,-0.8750334
0.8690083,-0.8783103,0.1358003,-0.0783792,0.3639699,0.1347517,-0.1757256,-0.8060293
1.0452224,1.1255777,0.7392470,1.5455749,1.8175473,1.1904606,0.6766991,0.0989716
-1.2146514,0.1911430,-0.7119223,0.6467937,-0.1686256,-0.6832537,-0.7486245,-0.4807002
0.6148455,0.5117118,0.1192263,0.9546422,0.1275918,-0.5280723,0.1739114,0.6626722
2.7402351,1.3659657,1.3265370,1.8922906,1.6181262,0.2056727,1.6004708,0.7406145
0.2179443,-0.7320494,-0.6410397,0.0235352,-0.4893954,-2.3481475,-0.8294298,-2.5577429
-0.7238051,-1.4541043,-1.2540780,-0.6886728,-0.9785680,-3.1509927,-1.6311676,-2.3800886
0.6410365,0.8675727,0.4004185,1.5001076,1.8502966,-0.7897866,1.2912577,1.0153335
-1.2361558,0.1947176,-1.4574511,0.4549395,0.4520680,-1.8801668,0.2250325,-0.7439853
-1.7664407,-1.0525331,-3.0724304,-1.1914622,-2.0010881,-2.8955393,-1.4723941,-2.2968712
1.0501077,1.5596410,-0.4119692,0.9953199,0.3325891,0.3554764,1.4914135,0.7660077
0.1321777,1.1186538,-0.8209124,0.1519667,0.3422944,-0.1556949,0.7352040,1.0126942
-3.2134253,-1.8588967,-3.4177821,-2.9738318,-2.5818369,-3.3255965,-3.1737471,-0.7710166
-0.8097010,1.0759459,0.1735698,0.0421302,-0.1988828,-0.2829925,-0.6210816,0.7674973
2.3123113,3.3576793,3.5028128,3.0110421,2.3547842,2.7362612,2.4066402,1.8774077
-0.2336837,0.2216156,1.1209780,0.6841841,0.6859196,1.1346175,0.6190394,0.3712295
-0.8510809,0.4371394,0.9101530,0.7011950,1.4398929,2.0365336,1.1231777,0.9724145
0.6806106,1.2262181,1.3388271,0.7281738,0.9111446,2.2709709,1.2673154,0.8906419
-0.3257412,-1.5565680,-0.9423925,-2.1594700,-2.1912555,-0.5662727,-1.2509829,-1.5590387
0.4589003,-0.7275251,0.0338660,-0.8770625,0.5334169,0.8975251,0.2941697,0.0566464
2.3154982,1.4628648,1.9118510,1.3193190,3.6031468,3.2343874,2.2094467,2.4016251
1.4910358,0.4415342,1.0468986,0.0405513,1.1131969,1.7832342,0.6120505,1.0563027
0.3576075,0.1465493,1.0147285,0.1254826,-0.1109253,1.4435086,0.4263681,0.4191558
0.6163054,1.1099405,1.6454804,1.5706773,1.3149680,2.5482584,1.6413209,1.7188097
1.7387618,1.5844186,1.8782103,1.9970575,1.7264760,2.5935982,1.7957991,2.7862558
2.2710210,1.7728352,2.2004076,2.4757274,1.8583333,2.4499420,1.6994104,3.4444332
1.3810792,1.4608887,1.4405087,2.6634197,2.1845258,1.9715074,1.3145903,3.6367943
0.2223543,-0.0160928,-0.6890675,0.7713420,0.5169162,-0.5467854,-1.2430565,0.8380223
0.3563176,-1.3198180,-1.5781748,-1.2451063,-1.7655603,-3.0149467,-3.5895424,-2.6108435
-0.0241247,-2.0156514,-1.6536378,-2.4052403,-3.0622786,-3.8028838,-3.9560261,-3.8837417
-2.5593739,-2.7239405,-2.8914653,-3.4735703,-3.8499380,-4.1394615,-4.1531987,-4.6020425
-2.8801727,-0.8240543,-1.5196409,-1.2178685,-1.3652140,-1.6275765,-1.4795161,-1.6541859
-0.4293214,1.1713694,1.1678568,0.9865095,1.1004395,0.9917073,1.2779154,1.6648591
0.1425434,0.5390622,1.0315838,-0.1697465,0.1242249,0.1310507,0.2537741,0.0276568
0.6071584,1.5742134,1.6816352,0.7505445,0.5787616,0.6198246,0.6137584,-0.2556890
-0.5547921,0.9435628,0.6475961,0.3464209,-0.5205761,-0.1268138,0.0994253,-0.8820051
-2.9465506,-2.4614939,-2.4911824,-3.0723133,-3.9148526,-2.9853537,-2.0891166,-3.3499456
-0.7305346,-1.7024994,-1.2690731,-2.3028382,-2.6528768,-1.6608063,-0.1886506,-0.7436463
0.7936123,0.6815700,0.5507463,0.2858342,-0.0175772,0.3258232,2.2089917,1.9701437
-1.2089241,0.1725337,-0.4120937,-0.2524720,-0.8304210,-0.2077794,1.8584788,-0.1534369
-0.9131287,-0.6383954,-0.8101252,-1.2769353,-1.5909125,-0.1198681,2.2506457,-1.4758705
-2.0002559,-2.3855394,-2.7409260,-2.8608564,-2.2924830,-1.6124984,1.2947373,-2.8198200
-3.5892298,-4.7984257,-4.9470091,-5.1175919,-4.2264120,-3.8913417,-0.8470355,-4.8301715
-1.2549712,-4.0200746,-3.6270078,-4.2001644,-3.7742070,-2.3288716,1.1939917,-2.8474169
1.4132368,-0.5043757,-0.3810104,-0.1826819,0.0084134,1.5646380,5.7001758,1.6819348
0.2872560,0.7219868,0.5401938,1.4386637,1.9986586,2.5017663,6.8124986,2.6231113
-0.5926186,0.3447389,0.4036609,1.1313057,2.2327092,1.8766338,5.9005122,1.5622894
2.3033119,2.2048922,2.8742441,3.2305819,4.1954349,3.8730533,5.7097388,2.7840967
3.4334432,2.8799179,3.8040461,4.0870853,4.3394200,4.3775210,3.4051654,2.6130049
-0.7108040,-0.3897046,-0.1793160,0.6010238,0.6423355,0.1099263,-2.1717063,-1.0904674
-2.7919410,-2.3498954,-2.4585336,-1.6070182,-1.2402321,-2.7779954,-4.7984542,-1.9477455
-1.4324190,-1.7588825,-1.3836948,-0.7628950,-0.5794119,-1.9286154,-4.2246462,-0.3376932
0.1602185,-1.2788151,-0.5015332,0.1946681,-0.2251360,-0.5472482,-4.8625611,-0.0166464
-1.4621436,-2.1064237,-2.0029094,-0.8285183,-1.0349847,-2.2108238,-6.4903166,-1.2887112
-3.3944223,-2.5739228,-3.4538704,-1.9444943,-2.0529237,-4.5128132,-7.2240918,-2.8239891
-1.4811946,-1.7912537,-2.6498816,-1.1928562,-1.5917869,-3.5552426,-6.1605661,-2.4466567
1.3512784,-1.1234377,-1.3387130,-0.5778796,-0.4577969,-1.9564988,-3.8665162,-0.7873110
2.2218545,0.2022151,0.0316310,0.3836128,0.9093033,-0.8576274,-1.9495777,0.7293614
3.1936914,2.9504481,2.3180641,2.9772171,3.2999496,1.0010592,0.0289122,2.6122691
2.5589154,3.1534079,2.4082285,2.9002229,2.9600290,0.6711759,-0.4179448,1.7105161
1.9251488,2.9786434,2.5045952,2.8737246,2.8701352,0.9658954,-0.4609854,0.8390318
3.5646717,5.1325181,4.5565030,5.2036318,5.2959483,2.9177354,1.9884967,2.0760060
4.8266009,5.7013673,5.0028801,5.0605263,4.7220140,2.3703786,2.5019924,2.3477649
4.6353704,5.5171128,4.9772992,4.7291675,3.8286588,2.4231946,3.2987231,3.8286488
3.8484300,6.1741649,5.9197382,5.6152327,4.6632793,4.4535643,4.7104881,5.6411646
1.8722981,4.4460597,4.2020730,3.4872698,2.4577379,3.3480659,2.3646016,3.7702082
0.4425535,1.9523221,1.2813430,0.5008749,-0.3966790,0.6183982,-0.6678520,1.0763092
0.4715513,1.8118581,1.2091509,0.1038806,-0.3001247,0.9219018,-0.7952650,0.9913590
-2.2580101,-0.1248366,-0.5660120,-1.6656738,-2.2566227,0.1342262,-1.6112266,-0.7073552
-5.4114451,-4.5383888,-5.0775165,-5.9011622,-6.6343215,-3.0337622,-4.3336749,-4.7426939
-5.7108290,-5.4207777,-5.8831502,-6.3654481,-6.5201790,-2.9903747,-4.5233728,-5.3290649
-4.4207751,-3.7082752,-3.6851840,-4.2313231,-4.4396133,-1.4228525,-2.8466653,-3.5746701
-4.7430406,-5.7754414,-5.0299318,-6.5394085,-7.0672759,-3.6007006,-4.7463288,-5.1976315
-3.8769030,-6.0214132,-4.5878148,-6.4866159,-6.7696200,-3.3487030,-3.8913815,-4.6706149
-0.2866116,-1.0213854,0.6173397,-0.8435750,-0.5973458,1.9920624,2.0189841,0.7883667
2.4693190,1.8448120,3.0931363,2.1498990,3.1800185,4.7382376,4.8355404,3.9704770
2.6324354,1.2645050,1.7787386,1.6942499,3.1852017,3.4831572,4.1957941,3.0679856
4.3046846,2.6822281,3.3192880,2.7652316,3.8041641,4.6107180,5.2935926,4.0050516
5.0223239,4.6533277,5.6344308,4.8030153,5.2705331,6.9278974,7.0972959,5.9017289
2.5970484,2.4945372,3.6545322,2.9233874,3.4950270,4.7667251,4.9022724,3.5922204
-0.6011828,-1.8006894,-0.4428828,-1.8105312,-1.5127210,-0.5913601,-0.3211578,-1.7253982
-1.4204844,-2.5805305,-1.2718321,-2.4135673,-3.0389726,-2.4033177,-1.3422313,-2.8830212
-2.7450028,-2.9837396,-1.9259015,-2.3661995,-2.9724479,-2.6421665,-1.5743495,-1.8728354
-3.3306142,-3.5538040,-2.9244292,-3.3532555,-3.5596752,-3.9170644,-3.0304311,-2.0874082
-1.4940431,-1.9426892,-1.6526580,-2.1476475,-2.3563853,-3.2509683,-2.1374531,-1.3187178
-1.9355834,-1.7799036,-1.7910870,-1.6708619,-1.7342996,-2.2568548,-1.6713068,-1.1981356
-1.5278220,-0.8187441,-1.8137549,-0.7057096,-0.6028812,-1.4911125,-0.8719619,-0.9007677
2.4094766,2.0534415,0.8505695,1.5527809,1.9903768,0.4555431,1.3572080,1.2291313
0.8187293,0.4838445,-0.4402162,-0.0308293,0.9418068,-0.7306118,0.0918586,0.0583622
-1.8025139,-0.5803119,-2.1463492,-1.0541136,-0.0116809,-1.8420645,-0.8147930,-0.9635772
0.9916713,2.4033398,0.6403450,2.0911013,2.8249194,0.8950786,2.2854867,1.5539001
1.5452103,2.0269453,0.7176795,2.6769878,3.0610193,0.5256398,2.2753367,0.9508016
-1.2867593,-0.8061878,-1.9794218,0.1633835,-0.2330697,-2.9727213,-1.4452029,-2.2776372
-2.5254935,-0.8025023,-1.9746479,0.0061928,-0.7556088,-3.3535783,-1.9212618,-2.8030366
-0.1051098,1.4437548,0.4337724,2.2990218,2.1521807,-0.4394235,0.6714908,-0.4111770
3.8433384,3.9846530,2.8653569,4.4675554,4.2245340,2.8928966,3.4274468,2.7123610
3.6881847,4.1380388,2.7499240,4.3914236,3.5455200,3.0956929,3.5930694,2.3518351
0.8391099,1.8177962,1.0421103,1.6193842,0.3663810,0.5631456,0.0540501,-0.3762072
0.4144051,1.4226737,1.0177372,0.2911012,-1.0409442,0.3122262,-0.6467880,0.6190715
1.9116848,2.0705906,1.6260046,1.1820981,0.7626878,1.5418667,1.4880825,2.0764727
0.7483994,-0.8486971,-0.3740316,-0.4135692,-0.3016382,-0.1636074,-0.3028635,-0.6012190
-0.1574311,-1.9571338,-0.7034762,-0.7511200,-0.3519251,-0.0929029,-0.3835814,0.0397820
0.2177168,-0.1322092,0.9861538,1.1654987,2.3650926,2.0351282,1.7615254,2.3901181
-1.1197182,-2.1401176,-0.7080925,-0.9157962,0.0509197,-0.1485937,-0.5452013,-1.0115233
-1.5291363,-4.1554145,-2.2482220,-2.7422055,-2.5449824,-1.9962608,-1.8060661,-2.6465052
1.4958938,-0.8732847,0.8992096,0.6189889,0.8276166,1.4451237,2.2346230,2.0469767
0.5011296,-0.3961481,0.7251819,0.2404294,0.8520229,1.2069406,1.6313926,1.4703953
-1.1792593,-2.9200676,-1.4097590,-2.8430123,-2.2241356,-1.5724028,-1.8234015,-2.0240863
1.0107029,-1.5851242,0.6071163,-0.8802697,-0.3536376,0.6379648,-0.0026084,0.3098702
0.0491087,-2.3261264,-0.4846926,-1.6902912,-1.2155563,0.1011413,-1.0357298,-0.1847220
-5.6226991,-6.8950387,-5.9055220,-6.5591578,-6.6738759,-5.5081772,-6.5374482,-5.5615035
-2.2102933,-2.3739842,-1.5681510,-1.7810292,-2.4032935,-2.0973019,-2.0901480,-1.2059945
3.2786743,3.3087005,4.2581313,3.4674587,2.7558468,3.5266314,3.6267511,3.6318146
-0.5291626,-0.3055445,0.1020933,-1.0392222,-1.4148129,0.3173444,0.3094355,-1.2962377
-1.6875385,-0.7384957,-1.1160390,-1.5244339,-0.6883223,-0.5854346,0.6501048,-1.5308413
-0.6895481,0.4038861,-0.2659218,-0.1166185,0.5678490,-0.8205531,0.9531635,-0.8284826
-5.9588123,-3.9631372,-5.3603668,-5.1618475,-5.7478779,-6.3657010,-5.2820527,-6.8240774
-3.9457710,-0.5125388,-2.8810054,-2.4688616,-2.5256198,-3.0299923,-1.5768336,-3.1010269
3.1298418,6.1532039,3.3965308,3.7335029,3.8272033,3.4813861,5.3241447,4.3163223
-1.7739272,1.1104302,-1.7413805,-1.7872263,-2.6288767,-2.4394776,-1.8357136,-1.9311175
-4.1973115,-0.4551413,-3.1116974,-3.1213679,-3.8506809,-4.2936949,-5.0926307,-4.6605883
0.9763709,5.6340236,2.7303378,3.1743324,2.7758405,2.1509868,0.6512401,1.4669583
0.6122870,5.0045659,1.8471072,1.8177844,1.3872522,1.3590737,-0.2341905,1.2192109
-0.1002192,4.2700416,0.8773792,0.5192866,0.0876517,0.6054815,-1.4202902,1.0736194
4.0469528,8.5377019,4.1483291,3.8606288,3.6433325,4.7406195,2.0007471,5.1578159
0.5978001,5.7259390,0.0724675,-0.0193586,-0.2762630,0.8715562,-2.0157258,0.5494493
0.1627228,1.0975671,-0.7880799,-0.9198911,-2.0169137,-0.6289646,-3.2751543,-0.6117792
2.5304950,-1.4659272,2.7460087,3.7328294,3.0309277,3.4374121,1.2356647,4.2469349
2.3375302,-5.3510836,1.2875555,1.4621286,2.1545202,1.7376151,0.1354377,2.2587220
2.1815756,-7.3219883,-0.8416708,-2.1032554,-1.4387482,-0.9870381,-1.7802886,-0.8531419
3.5449632,-4.0661762,1.6952498,1.0757128,1.0538247,2.0525071,1.4141341,2.1866871
0.4967303,-3.9002928,0.4949670,0.7537372,0.7431612,1.5109671,-0.0808430,0.8829596
-1.3080180,-4.9654480,-1.3507248,-0.6331862,0.0518560,0.1007921,-0.4716509,-0.4417384
0.2164008,-1.7733239,0.7328856,2.4025589,3.6764619,3.0329184,4.0750426,3.1368569
1.0724353,-0.0205371,1.3444089,3.1056227,3.8226410,2.6428983,4.2559463,2.7891374
-0.7147108,-2.7428568,-1.9105620,-0.7664646,-0.4837033,-2.4194173,-0.4839118,-2.3037728
0.2895472,-2.5969318,-1.8886125,-2.0412186,-1.5106897,-2.4106398,-1.4227542,-2.4151673
1.2863866,1.0343562,0.8467252,1.0192324,1.8920868,1.6152109,1.9285738,1.1065479
1.4675092,2.8039816,2.1120683,2.4729642,3.3972815,2.9934967,2.9433995,2.0754662
2.1032690,1.8484984,1.0594757,0.2680620,0.8033846,0.7988110,0.7686057,0.5704880
-0.3758290,0.1964877,-1.1755301,-1.3430435,-0.7745322,-1.5856298,-1.2098009,-0.5375048
-1.3825354,-0.1490666,-0.6199690,-0.7637166,-0.6381374,-1.3106415,-1.8373404,0.0188774
-0.6238710,0.1455001,0.5800011,-0.2826366,-0.8103477,-0.6129952,-1.0340153,0.2540565
0.8848406,0.7146583,1.4628266,-0.0040691,0.0070613,0.7969475,0.0033000,0.7224814
1.2823905,1.1996900,1.8767698,0.0611771,0.0829266,0.9977963,-0.2203313,0.2605255
1.6391467,2.8344766,3.0230613,1.1557178,0.6371867,1.1753488,0.3729620,0.7756537
2.4401973,4.7073642,4.5701905,2.6775112,2.0814477,3.0531296,1.2551409,2.2950967
0.6725789,3.4170420,2.5019421,1.7836376,0.8887280,1.3987211,1.1357983,0.7355541
0.6262588,1.2892806,0.4134842,-0.3653093,-1.2097791,-0.8914911,-0.2778522,-0.6088464
0.2095831,0.6510094,-0.3826984,-0.9385158,-1.4832792,-1.2209372,-1.2306746,-0.8535415
-3.4214796,-0.1064817,-1.8323952,-0.2710146,-0.3241537,-1.4349424,-0.5821060,-1.3945506
-1.9798819,-0.3195346,-0.8540427,-0.1177704,0.8947167,-0.1921238,0.1475587,-0.3686825
0.5941708,-0.3940543,-0.3610131,-0.7696742,0.1889606,-0.3593127,1.0093747,-0.1813497
-3.2094081,-2.1139862,-2.4671711,-2.4966069,-2.6185572,-1.3613439,-2.2427545,-2.2653667
-3.3139225,-2.3928969,-2.1282986,-3.0965754,-3.9385578,-0.5005972,-4.8314187,-2.7069948
-4.0660959,-3.5006788,-3.6215044,-4.0939436,-5.0454671,-1.8041508,-5.1001287,-4.0010863
-2.4491763,-2.6393072,-2.3077468,-2.8053600,-3.5668686,0.1659953,-3.6246643,-2.1944600
-4.5097724,-3.3057146,-3.2151142,-2.7367735,-3.6936065,-0.5893692,-3.9388579,-2.5279740
-0.5885249,-4.2572299,-2.1494531,-3.8369528,-5.2080277,-2.3276813,-5.1476069,-2.8731188
-2.0720340,-3.8859174,-1.5727440,-3.0525329,-3.6059621,-2.2809880,-5.0482860,-2.7780537
2.1030793,2.4811498,3.8600521,3.7291262,3.9763146,3.0060670,3.5504677,3.4391562
2.9544964,0.8734585,2.4408638,1.5710135,1.4058452,0.9435597,2.2963749,1.6119888
-2.7342102,-3.6186885,-3.4387127,-2.4109444,-3.1771350,-4.2563263,-1.3334467,-3.0761536
1.1545184,1.1563717,0.0931365,3.1367906,2.3927097,-0.6329173,5.8626625,2.0501392
2.1156659,0.5722710,-0.1827675,2.0683249,1.5731913,-1.6027146,5.5143236,1.0067539
4.1085614,-0.9428539,-1.4517089,0.7019736,-0.2733014,-5.4122086,7.4345614,-1.1949818
1.1552980,0.6075860,-1.8657283,3.6614539,2.6471824,-5.8664017,11.8306547,-1.1093098
-5.5869792,0.7482291,-2.6070083,3.9694407,4.0128810,-3.5423904,8.0638729,-1.6516976
