-0.9501142,0.1044689,0.2876407,0.2988638,-1.2155018,0.4726334,0.8953451,0.3441404
-0.2770409,0.2127568,1.4230457,0.0939275,0.7261837,1.6584482,0.9415974,1.4500786
1.7757808,2.0569488,3.4079607,1.8142198,2.8089136,3.5315524,1.9545941,3.5294411
1.9813809,2.1421993,3.3510484,1.5826430,1.8583268,2.8274006,2.1119621,3.1495828
1.9132802,1.3348733,2.5440076,1.5093099,2.3976756,0.9846687,1.1724399,0.9424868
2.1255448,1.4188153,2.1886487,3.1961440,4.5658380,0.2519038,0.8007167,-0.0798719
2.2411094,2.3631817,2.0965999,2.6271338,3.9773218,-0.0764079,0.6691622,-0.5324123
1.0947965,2.2919767,1.0242593,0.4344549,0.6085740,-0.6268856,0.0553627,-0.8191867
-0.0787045,0.3613847,-0.8690830,-0.5698169,-1.3474984,-1.0827458,-0.3350811,0.3255318
-0.4675704,-1.3432940,-2.3710898,-1.3898566,-1.7079342,-1.8847178,-1.0030911,0.5075720
-1.1739283,-2.0496832,-3.3822252,-2.6276378,-3.3826737,-2.7395794,-1.8197866,0.2076214
-2.5348397,-2.2326513,-3.6738422,-2.8479700,-3.4281455,-2.6015274,-1.7072770,0.9999662
-3.0741882,-1.5752625,-3.4715497,-1.6828941,-0.1262672,-2.2180114,-1.8309942,-0.7112796
-1.7026794,-0.2781121,-2.3764584,-0.0849295,0.7796958,-1.1341433,-0.6780957,-1.8676537
0.8988133,1.1771403,-0.1832471,1.2868962,0.6839870,0.7244445,1.4900434,0.5717016
0.6617510,-0.0534686,-0.2006894,0.3673402,0.3288240,0.3044526,-0.0483981,0.2864919
-2.6878810,-3.3348931,-2.4904606,-2.7647259,-3.0412372,-1.1087276,-1.9733769,-1.7028280
-2.5723562,-2.9376784,-1.7699561,-1.9661588,-3.1798188,0.6373306,-0.1247148,-0.1253349
-0.7687351,-1.5164932,-0.3324691,-0.2087455,-0.6225732,1.3806485,-0.4069532,0.1009466
-0.8352228,-1.5910022,-0.3069122,-0.6011377,0.1110659,0.7180536,-1.0407252,-1.1965151
0.9250172,1.0468204,2.0322933,1.5241824,2.1969103,2.7243499,1.3895022,-0.0329251
2.8202948,2.7627321,4.4230130,3.4908418,2.7210737,3.3634559,1.2915395,0.9782487
2.7625126,2.5787988,4.2886158,3.1005422,0.2895931,3.0856838,1.0733550,1.3421910
3.4625834,3.3534307,4.4045210,3.7260171,1.6725676,5.1989099,4.0827753,2.4272862
2.9047551,3.0059401,4.3624419,3.3634548,3.4806741,4.1306102,3.4712860,2.0735782
0.8767677,2.1945136,2.7218828,1.3088907,1.9191812,0.5586739,0.3735708,-0.3308937
-0.2408285,1.1900184,0.7714943,0.1010951,0.6045668,-1.0402838,-0.3331268,-1.9687332
-0.1373810,0.2816061,-0.0848637,0.0890537,0.3116631,-0.9818031,0.1027668,-0.6498359
-0.8159268,-0.6606544,-1.7664176,-1.0492455,-1.6843389,-2.6877104,-0.6966484,-0.5777698
-2.0343347,-2.1325654,-3.6718207,-3.0111547,-3.9154339,-4.0544116,-2.2522146,-1.4962906
-3.0427482,-3.4251962,-4.5471558,-4.2192159,-4.6148954,-4.4009480,-3.4570277,-2.3047164
-3.3594852,-3.0431386,-5.1247711,-3.9097724,-3.5174487,-4.2004783,-3.4190930,-1.8685494
-3.0019721,-2.5669036,-4.5121526,-2.3222644,-2.3459848,-2.9573382,-2.3108968,-0.4759929
-1.8839065,-1.6525482,-2.9488602,-1.4413948,-1.0260538,-1.0365174,-0.1290461,-0.3098527
-0.8629078,-0.2875132,-1.5239355,-1.6567508,0.8281812,-0.1795641,0.5048149,0.3190267
-0.6455938,-0.6440199,-0.9718037,-1.5508755,-0.5976557,-0.9420391,-1.4503986,0.0597630
-1.0624275,-1.5833172,-0.7621153,-1.1426238,-2.9669643,-0.9742431,-1.7687886,-2.6533613
1.2514286,1.2461270,2.4956784,2.2662369,2.0938154,2.9691040,2.3107582,-0.8664256
1.4500790,1.7092157,3.6714714,3.7863893,5.2034140,3.6699631,2.7943710,0.2942202
-0.4275605,-0.0916834,2.0326865,1.4296202,1.5790225,1.4417637,1.1797871,-1.0387965
0.1122713,0.5009923,2.5544256,1.2168161,0.9577565,1.8764779,2.1506343,0.0592522
1.4166113,1.1791763,3.4812824,2.0151035,2.5307393,1.9958824,1.6805740,0.3116158
2.8702447,1.6433019,2.9472240,1.9631367,2.6480522,0.8832469,-0.0115940,-0.1938388
2.9506980,2.2532131,2.7327523,1.9435038,2.2321183,0.6942145,0.1408482,0.8947245
0.3859505,0.1447968,1.0021759,0.4536761,-0.3703541,-0.3039816,-0.5892207,-0.4487312
-0.2566923,-0.0082280,0.0625344,-0.7695007,-1.5355324,-0.7282789,-1.1546232,-0.9595880
0.3312704,0.9545786,-0.1895904,-1.4830995,-0.8978837,-1.3138726,-0.9638649,0.8329648
0.2031698,-0.3668024,-0.7340364,-1.6020813,-2.2711693,-2.2404011,-1.4205669,1.3124873
0.8474775,-0.6751380,-1.0212103,-0.5872896,-2.4661703,-2.3306540,-1.4808380,0.6815173
2.5853966,0.7087846,-0.5061023,0.1704191,-0.2131297,-0.8383317,0.3452811,1.8218211
0.3222249,-1.2638165,-2.8025473,-1.8959041,-1.9775769,-1.6208150,-0.8196503,0.9451335
-4.4564923,-3.6486066,-5.2624745,-4.7914319,-4.7936979,-3.3080425,-3.2791075,-1.4932109
-2.9901009,-1.2853927,-2.7421819,-2.8950124,-2.2108684,-1.1439803,-0.7957168,0.3760122
0.5280544,0.5972153,-0.1368097,0.8974905,1.1009064,1.6046828,2.2217207,3.9541921
0.1014901,-0.9268004,-1.1714765,0.5351630,0.9574106,0.6804359,1.3996941,3.0202963
-1.2472598,-1.6442477,-2.0213279,-1.0268838,0.0823698,-0.3125590,0.0169123,0.6189276
-1.8051683,-1.9505747,-2.2152588,-0.5399743,-0.4739126,-0.3361403,-0.6122272,-0.6249395
-0.6753657,-1.0028310,-0.6304912,0.5511677,0.3895544,0.1888872,-0.4656996,-1.5258673
1.3559470,1.8527702,2.0411900,1.3005159,1.4774471,1.6520108,0.8684897,-1.6526362
1.5648125,2.6774080,2.9040329,2.3314866,1.5313416,2.5353875,1.8876965,-1.9162718
2.0361971,2.4264430,3.2886657,3.4070281,3.0367864,3.2847014,3.1523874,0.1944454
1.2613117,1.7895120,2.5533557,2.4040422,2.6536211,3.1189845,2.7888936,1.5893933
-0.3688355,0.6500770,1.3720401,1.0441143,1.4898953,2.3170066,1.4411121,0.0112410
0.6845391,1.2623562,2.2715574,1.9329464,2.4468727,2.4849065,1.2093129,-0.3740095
1.8585887,2.2815879,2.6930339,2.4132164,2.3360672,2.7209107,1.0261889,0.2233478
1.3453641,1.6834643,2.0894967,2.0792560,1.9852663,2.0772394,1.2091795,0.2750337
-0.3851932,0.5730998,0.9527201,1.2526798,1.3746864,0.2701139,0.5772258,-0.7028287
-2.2815263,-1.2050443,-0.9048186,-1.1540521,-1.4878467,-1.8673660,-1.0388457,-1.6213400
-1.0490459,-1.2889010,-0.5678878,-1.4974528,-2.3919423,-2.0347485,-1.0324155,-0.1166358
0.2069447,-0.5563058,-0.9585743,-1.9328406,-2.8052741,-2.9099812,-2.5362539,0.2036376
-0.4327514,-1.3405933,-2.5197087,-3.8654858,-3.6422438,-4.2121988,-4.1366235,-0.7036205
-0.5031855,-1.9535459,-2.4796198,-2.2369614,-2.2393135,-2.9202812,-2.0266942,0.7039749
-0.2648385,-0.9902875,-1.4642864,0.4599616,0.4801327,-1.3907920,-0.2347576,2.8770803
-1.3011036,-1.5183674,-2.1229096,-1.4668536,0.6418794,-2.6246085,-1.6657433,1.1804638
-1.4207638,-2.2252599,-2.8633073,-3.0318720,-1.9092848,-2.9362045,-2.1008144,-0.6751938
0.7352485,-0.3861892,-1.3045681,-1.3100586,-2.1588920,-0.3545382,0.2336796,0.5716693
1.0216533,0.6751890,0.0156942,0.1200893,-0.0014771,-0.2946834,0.8421215,-0.2233499
-0.5209318,0.5350155,0.3420788,0.1447938,0.9607982,-0.5563736,0.6906532,-0.2680653
1.0512775,2.0046288,2.0999974,1.3455575,2.5798873,2.3193849,2.8697047,2.8747138
1.4906358,2.2485092,1.7115568,2.1260041,2.9981728,2.7067703,2.1061435,1.4722444
0.0214148,0.2810589,0.0559829,1.4114232,1.1223104,0.8937917,0.0986023,-0.7769662
-0.1639048,-0.9334888,0.0054167,0.7289099,0.2809999,0.8219545,0.7238257,-0.6862935
-0.4285124,-0.7812405,0.7970265,0.8458701,0.1675260,1.4188122,0.5807903,-2.1514666
-1.7231820,-1.4656866,-0.0437938,-0.3208010,-1.9402211,0.4980573,-1.2524409,-3.0561903
-2.9020632,-3.0650473,-2.0010374,-2.8439661,-3.1934831,-1.5501556,-2.2903062,-2.9198733
-1.8477319,-1.4944013,-1.3089812,-2.9856509,-1.2951667,-1.3357575,-1.6128245,-2.1354818
2.1726820,2.4215953,2.0852633,1.1037656,1.7120669,1.8104179,0.8782280,0.6653567
3.8781760,3.6647618,3.9885564,4.1190267,3.2111572,3.8076295,3.2672836,2.2853782
1.8549552,2.1378762,3.0141375,3.1979114,3.2654866,2.8601593,2.6657406,2.0509123
-0.0382928,-0.1542286,0.4561446,1.1499545,1.2562373,0.1234450,-0.5387799,0.8031399
0.3749954,-0.2334183,0.6035009,0.1975276,-1.4025755,-0.5682921,-1.0842005,-0.8584528
1.1948961,1.2954611,1.5563888,-0.4127226,-1.4262810,0.6409833,0.2060605,-1.4112669
1.3786039,2.2775513,0.8380564,0.5085727,0.7095885,0.5376564,0.6135818,-0.2419096
1.0240608,2.2263713,0.1075345,0.8280552,0.5390280,-0.2358213,-0.2309274,-0.2743355
0.6898840,1.4274007,-0.3162139,0.5641841,-0.1696298,-0.3359840,-0.5071029,-0.7017217
0.5226925,0.3646497,-1.1408571,0.9247908,0.2425198,-0.4124621,0.2050436,0.1478477
-1.0073770,-0.9970419,-2.3014782,-1.0175061,-1.7833025,-1.8371114,-0.9585309,-0.2175151
-1.2028222,-0.6645815,-1.4601015,-1.6614427,-2.3469577,-1.3966135,-1.2393418,-0.4368677
-0.6405821,-0.6743161,-1.3126496,-1.5306466,-2.1212139,-1.4069523,-1.2297065,0.2853254
-1.3570681,-2.4342714,-2.8103181,-2.8774924,-3.4406458,-2.7841305,-2.9995123,-0.3683741
-0.2722648,-0.7284968,-0.6008812,-1.1192179,-0.7934313,-0.4321748,-0.7909600,0.5488433
-0.3682717,0.2731806,0.7061808,0.2208042,0.9490527,0.9019682,0.6049759,1.7254760
-3.2908803,-2.6335085,-2.1908495,-1.7124606,-1.7011601,-2.4146957,-2.2303245,-0.9632849
-3.5982846,-2.6254843,-2.2360444,-1.5424801,-2.0160938,-2.4975873,-1.9333841,-2.4139013
-1.2044509,0.4982745,0.9006014,0.9638142,0.8630657,0.6808335,1.3884848,0.3843914
-0.2005726,1.6921541,1.9672449,2.7910883,3.1577562,1.9090621,2.5600077,1.0349918
-0.0616142,0.5735285,0.9213658,2.4434943,2.9651022,1.1623823,1.6693926,-0.3354459
-0.3828354,-1.4087015,-0.3943697,0.5363507,1.2282985,0.0664430,0.4074655,-0.1231407
-0.1128639,-1.8669519,-0.3281275,-0.4948145,0.8970029,0.2023978,0.4189347,0.1158603
1.9400071,0.5006125,1.6381395,0.2046961,1.6824605,1.5818998,1.8968511,1.2628910
2.5048182,0.7141811,0.9326421,0.0112918,0.1670879,1.0451132,1.4800282,1.4406641
0.3159360,-1.1586915,-1.1321432,-0.9071085,-1.0501834,-0.2871356,0.0104237,-0.4426070
-0.2021359,-0.3903293,-1.0562380,-0.4665754,0.4612330,-0.3736090,-0.1868577,0.2193765
0.6296948,-0.2007305,-1.3465266,-0.3852086,0.2399737,-0.7449634,-0.0966456,0.9370750
-0.7204451,-2.8544084,-3.2422336,-2.7295853,-2.1147964,-2.4330147,-1.2771513,-1.4269542
-0.7381557,-2.8159025,-2.8924037,-3.3280919,-1.2846256,-3.2423474,-1.9236794,-2.2389800
1.4873767,-0.3778145,-0.5740626,-1.4788608,0.8621305,-1.4612869,-0.5861855,-1.0336504
1.1839617,-0.0469735,0.4634081,-0.6495397,0.6482158,0.2586007,1.0730300,1.4245688
-0.0401897,-0.4374234,-0.0793724,-0.8341433,-0.3385372,0.2282612,0.8692803,2.8764462
0.6024683,0.5569780,0.4211408,0.3024878,0.0446093,0.4894556,0.5918268,1.8886300
1.1196289,2.8318964,2.8107307,2.3349659,1.2836335,2.3381014,1.5182028,1.7185245
-1.4943016,1.8819586,1.9206897,0.6994901,-0.4726309,1.0267068,-0.7062030,-0.6374599
-3.5012147,-0.8366199,-0.8574898,-1.7544094,-3.0532219,-1.0180883,-2.7473087,-2.9409580
0.6765309,2.1036371,2.6047934,2.0471393,1.0176396,3.1232470,2.0907046,1.6371197
2.8869048,3.8108369,4.3980312,3.9179596,3.0269847,4.2898252,2.9427859,3.6049904
-0.2816035,-0.3919625,0.1767263,0.1753470,-0.9424929,-0.3857215,-2.2549835,0.4262700
-0.6778714,-1.4714462,-0.4255366,-1.0262375,-1.0781257,-0.6230952,-2.2850963,-0.3629570
2.2302416,2.4119269,3.6187789,1.6847978,2.3027059,3.1422784,1.9299047,1.6542427
2.4696396,3.0889005,3.8267912,2.2642013,2.2109796,3.2107366,2.3363616,2.5818625
0.7282826,0.0710206,0.4158361,0.0018019,-0.4998273,0.4796506,-0.1704300,0.0703091
1.3613187,-0.1397657,-0.5399143,-0.0885878,-1.6111627,0.0453203,-0.6354471,-1.9064450
3.1996729,1.8232779,0.5858177,1.5547402,0.2129459,1.1580952,0.1361508,-0.5837374
2.3304853,1.4429991,0.0647170,1.2014579,0.4895715,-0.0106346,-0.2887260,-0.8089191
-0.1614252,-0.0288253,-0.9534301,0.5932424,-1.4246942,-1.3928087,-0.7120687,-2.2741821
-0.4021458,-0.2852865,-0.8819970,0.5857219,-1.9092281,-1.0851094,-0.4998021,-1.8967468
-0.6946358,-0.6985697,-1.2630177,-0.8641055,-1.4082805,-1.4905671,-0.9188390,-1.9879675
-2.2057719,-2.0488288,-2.3314974,-1.9430364,-1.1534126,-2.8168147,-1.2926777,-2.9616040
-1.6593426,-1.9639166,-2.1120031,-0.7748448,-0.6024243,-2.3897390,-0.3494484,-1.0108368
-0.5493823,-0.3665783,-1.3611047,0.4751774,0.0438423,-0.8987491,0.5787509,2.3263140
-0.8649191,0.4579490,-0.7513587,0.0384662,0.3188200,-0.5857798,0.4916575,1.2733923
-0.9715453,-0.5689760,-1.0200701,-0.9501337,-0.2672197,-1.4007112,-0.2286767,-2.3625002
-1.9169426,-2.2942995,-1.9017738,-1.7260968,-0.9876049,-1.9979444,-0.6858584,-2.3634376
-3.6686965,-4.1569329,-2.9973642,-2.3177354,-1.2654279,-2.4792253,-1.1161523,-1.0301814
-3.3859275,-2.7689077,-2.0871870,-1.1873165,0.1735352,-1.6704518,-1.3185345,-0.2740278
0.2764030,1.6218145,1.6846277,1.8384110,3.0276222,1.1376950,0.8127764,1.7045375
1.2400112,1.9158429,2.3288815,1.6887458,2.6688878,1.5475132,1.6013984,1.5108312
-1.8429935,0.0991024,-0.0617574,-0.6532377,-0.2858848,-0.4196565,-0.3016891,-0.5320333
-2.7583561,-0.0653658,-0.3379965,-0.7622494,-0.9320290,-0.6758556,-1.0451273,-1.5616553
-0.4940898,0.0915225,0.1650970,0.1720029,0.1570820,0.1598756,-0.4268137,-1.7205105
1.4279922,0.5835485,0.7455203,0.5660048,0.9606145,1.3799897,1.0380756,0.3421307
0.2508161,-0.7245333,-0.5929769,-1.0872196,-0.4949999,0.5090672,0.6531815,0.1409309
-1.5146876,-2.6611896,-2.5790396,-2.7604431,-2.7398314,-0.9310166,-1.1219803,-2.3517563
-0.0016363,-0.8763813,-0.8859584,-0.2818504,-0.5494310,0.7936264,-0.1976410,-0.5048514
1.3438428,0.5370190,0.7417421,1.1186940,1.0705342,1.4257243,0.3032753,1.7459164
1.2287847,0.1088425,0.6943614,0.4528090,0.1882242,0.7378393,-0.0426013,1.9601167
3.1510852,2.0588430,2.8973377,1.8591807,1.5665074,2.4619455,1.7399021,2.8887409
4.2726812,4.1462264,4.0864193,2.6950276,2.5827193,2.8505436,2.2695311,3.1274564
1.8837944,2.7031551,1.5941601,0.4315434,-0.0205055,-0.2829541,-0.5135154,0.9923618
0.7903142,1.1906696,0.3977591,-0.2871781,-1.8583089,-1.6604442,-1.4008472,-0.6376173
1.6468811,1.1739040,0.9500081,0.6726624,-0.9577185,-0.3202335,-0.0815744,0.1449027
2.3551320,2.0235400,1.8391934,1.4240447,1.4068311,1.4242520,1.2542019,3.2406679
2.7891846,3.0653015,2.7659555,1.8302583,3.4192018,2.7542208,2.8458573,4.6051192
0.7494723,0.7477047,0.8601290,0.9094410,2.6425960,1.7841090,2.0579604,0.7283352
-0.7234713,-0.1977421,0.3148017,1.5591294,2.2252489,1.7032698,1.3480218,-0.8281344
0.9273169,1.6852831,2.1096190,2.8795443,3.3785466,3.2053673,2.6409241,1.5439310
-0.8380036,-1.0047497,-0.4246654,-0.1148661,0.8965802,1.4483951,0.5685583,-0.2858147
-4.1988539,-3.8943112,-3.1497738,-2.1399427,-2.3287827,-1.1934041,-1.7580701,-2.9955009
-4.8697394,-2.7668873,-2.8714496,-1.6933549,-3.3651340,-2.5285963,-2.4139168,-3.2085610
-3.7054374,-2.0558002,-2.2613836,-1.9343493,-2.7107129,-3.0792150,-2.5652889,-3.2950576
-1.2614103,-0.4362870,-0.2452797,-0.7884082,0.4663662,-1.1475370,-0.3859493,-1.5068555
-0.1497077,0.5744586,0.3433678,0.4372198,1.1034923,-0.0803151,0.6316646,1.5017931
-1.1856130,-1.9831703,-1.9990929,-1.4603954,-1.5686231,-1.8093226,-1.2492822,0.5426742
-0.4600524,-3.2038207,-2.3603252,-3.4270441,-2.0125054,-2.3650889,-1.4461686,-1.9999260
0.7865359,-1.8734927,-0.9264753,-2.9730380,-1.2648150,-1.5603801,-0.9052249,-1.2959014
0.3897627,-1.1105323,-1.3135239,-2.4217031,-2.4776920,-1.9484801,-1.7839674,0.3532645
0.6334170,-0.2343086,-0.9342145,-1.3943825,-2.5256882,-1.8788226,-1.0971707,0.7006069
1.2958052,0.8057707,0.2485957,0.4648671,-0.6457480,-0.2855153,-0.1707941,1.1357670
0.4255736,0.2969497,-0.2003450,0.6392337,-0.3178354,0.2211737,-0.6866398,0.9849933
0.0705920,-0.2090213,-0.6280662,0.0697316,-1.2083382,0.0428468,-0.3948325,0.0045621
0.4367201,-0.2122111,-0.4954375,-0.6487210,-1.9462100,0.0498277,0.4111991,-0.6095889
-0.3036983,-0.2971496,-0.4979923,-1.1392794,-1.4368798,-0.0434635,-0.1824143,-0.6365670
-1.9779086,-1.4435579,-1.1378470,-1.9228332,-1.2156501,-0.4858039,-0.8989326,-1.1200114
-2.7991736,-2.4129842,-1.6489110,-2.6730946,-1.5005404,-1.4640427,-1.6656735,-1.4200913
-1.1556177,-0.9813050,-0.0132244,-0.7892502,1.4312654,-0.7779048,-0.5570519,-0.7576900
-0.1932593,0.2200395,1.1889259,1.4974565,3.3744611,0.6659073,1.2818813,-0.7028813
-1.1169250,-0.4537500,0.0837100,1.1629129,1.2593716,0.2208320,0.0936920,-1.7756429
-1.0939130,-1.4596764,-1.1097622,0.6397038,-0.4677094,-0.8493437,-1.4154701,-1.7347318
0.2849878,-0.5617348,-0.4126233,1.2314604,0.0861188,0.1670121,-0.2221627,-0.3055757
3.2126926,4.0888110,3.4134831,3.8717912,2.9527159,3.0783310,2.9992171,1.5329688
5.6038977,7.0731667,5.4012662,5.6839876,4.8092151,4.1106615,4.0892897,2.2304345
4.1442486,4.7395929,3.0089922,3.5369397,2.3276172,2.1336533,1.7013453,1.3786254
2.4347856,2.6878136,1.8136117,1.7373372,0.4178406,1.0920705,0.6186782,1.0137935
2.0083211,1.6096481,1.0112323,-0.2294985,-0.1778689,0.2395342,0.0630791,0.3485220
0.1335750,-1.2045578,-1.3892605,-2.7668704,-1.3020201,-1.2368037,-0.8113016,-0.6554505
-0.4564104,-1.0214069,-0.9075663,-0.2974523,-0.0207346,-1.2989106,0.0841111,0.2092052
0.3833983,-0.2820152,0.0012624,1.0597706,0.0008217,-1.0656567,0.0797486,1.2278218
-0.9410498,-1.9560421,-1.3398962,-1.8894429,-2.2611765,-1.9214114,-1.4002237,-0.0102997
-2.1558568,-1.5460844,-1.2942125,-1.7464825,-2.1760211,-1.6001530,-1.5490201,-0.1022500
-0.8614090,0.0619241,0.3782276,0.0334214,0.0932014,0.2507932,-0.0047437,1.6332344
-0.1693913,0.8681756,1.1878058,0.4773316,0.7232622,1.4014166,0.6454225,1.1720794
-0.4737531,1.8056135,1.2507085,0.8009095,0.2180216,1.7796331,0.0346633,-0.1011270
1.2226608,2.9280736,2.7398594,2.1580623,2.2233573,2.8716480,1.8295164,0.3457290
0.4110982,0.7443297,1.3035777,1.7504300,1.9624281,2.1171822,2.2873517,0.1515549
-2.0149402,-2.1859137,-1.4400321,-0.5000579,-1.6833176,0.7578280,0.4958332,-0.1478684
-0.2480445,-0.0998993,0.5857495,0.6097968,0.7151083,2.3535842,2.0684613,0.2650029
0.4300051,1.9351289,1.8489632,1.7297725,3.5637404,2.2860431,2.7539913,-0.3805596
-1.3738750,0.3919794,-0.5590867,0.2102202,0.9905695,-0.4753476,-0.0824151,-0.5628085
-1.7046456,-1.2776602,-1.6230876,-1.3901058,-0.8424045,-1.5905867,-1.4233778,0.2405595
0.0786697,-0.6086171,-0.5824242,-0.7502415,-0.6083611,-0.6572627,-0.4643596,1.3143302
2.0313464,1.0179756,0.6929670,1.1840764,0.1622426,0.6397713,0.5574107,2.4176246
-0.2626590,-1.5791777,-1.8323100,-1.2887485,-1.3799820,-1.6948173,-1.8814919,-0.7265060
-2.2385927,-3.9511600,-3.5794033,-4.0992643,-2.5631250,-3.8875648,-3.7091840,-2.7512765
0.0557530,-2.0729261,-1.9102207,-2.1811047,-1.2164394,-2.1974402,-1.8324523,-0.6912161
-0.2843583,-2.0035984,-2.4267111,-2.0209807,-2.2728596,-1.7119546,-1.5290927,-0.9552348
-1.9859731,-2.1251752,-2.7782373,-2.6333270,-2.7601614,-1.2598816,-0.9001379,-0.9540872
-1.7220697,-0.7600640,-0.5867618,-0.7385221,0.5154880,0.8483802,1.3867320,0.8652765
-2.6965132,-2.1856412,-0.5864961,-1.2239337,0.1634208,0.5008108,0.6924027,0.7827009
-2.5095870,-2.6624769,-1.0796080,-1.8804508,-2.2514356,-0.7210155,-0.8861153,-0.1048755
0.7855855,0.6680192,1.1837305,0.9179483,0.5141201,0.0839025,0.0905265,-0.3623046
2.6533625,2.5238297,2.7475048,2.8576620,3.6118859,1.0232449,1.1246099,0.0452667
2.6564192,3.4246824,3.8811814,3.5760942,3.6448745,1.5087634,1.0569233,1.1461930
1.2822841,2.7889776,2.9119934,1.7117005,1.3454714,0.5818482,-0.3691019,0.7256699
-1.1259521,-0.4936008,-0.2965289,-2.0799078,-1.7372547,-1.7863302,-2.0113722,-1.5444673
1.3100597,0.6460377,1.0778190,0.5934247,0.1386561,0.2226691,0.2672231,-1.0664087
4.4287360,2.7299824,2.7717610,3.4843340,3.2439136,2.6762640,2.2493062,0.9784891
2.8286355,0.9542821,0.2458884,0.9012724,1.9454608,0.1728576,0.8925133,0.2664423
-0.1374187,-1.6245147,-2.0980786,-2.1509047,-2.1323912,-2.7571274,-0.9024998,-1.7842620
-2.3393382,-3.5260996,-3.5065910,-3.7968364,-4.6412102,-3.7343010,-2.0882456,-3.7663580
-1.3997137,-1.8665575,-3.1025470,-2.2788368,-1.6282959,-3.4958093,-2.0460219,-3.7555304
-0.0830785,0.6473917,-1.4674557,-0.1297322,1.8603190,-2.2336465,-1.5304236,-1.5977882
-1.7297152,-0.0868333,-1.5215327,-0.4773520,1.0573150,-1.3887145,-1.7695478,0.5653350
-2.0631376,-0.9762040,-1.0608083,0.3984260,-0.6066652,-0.4825107,-0.7565352,1.7163934
0.8342248,0.5545430,0.6442684,2.1931978,-0.5474359,1.0902639,0.8833460,2.2867396
2.1456970,1.5322875,1.1175398,1.4093538,0.2317089,1.6638306,0.8696678,2.2866302
0.7892095,0.1782528,0.3435598,-0.7590873,-0.2922338,0.9796510,0.1260667,1.7316955
-0.4032405,0.4860908,0.1876763,-0.9584238,-1.6457233,1.3162489,0.5872912,1.0383737
0.2296438,2.0088006,1.0053240,0.7835770,-0.8979522,1.5908973,1.4520372,0.7617559
1.7177088,2.8260117,2.5126122,2.7665411,1.2954624,2.1541468,2.3461230,1.6797961
1.3511937,2.2422595,2.5445127,2.7195290,0.6657744,2.7783218,2.1167180,1.3088912
0.1039802,0.1484346,1.5318399,0.6764648,-0.4403070,2.2428421,0.5738222,0.0934904
0.8213575,-0.1001328,2.1429289,-0.1294508,1.0834171,2.0949422,0.8125505,1.5113417
0.7691134,0.8290122,1.9464327,0.4534889,1.9245940,1.9040877,0.9478009,2.9182796
0.2920871,1.5984488,1.4898034,2.0415994,2.0582747,1.7283621,0.7139485,1.7230365
1.3304447,2.6688246,2.2169159,3.1050502,2.0117014,1.7445122,1.4977984,0.0415484
0.9923051,0.8970734,0.9846995,1.0866413,0.1903497,0.5951581,0.5772741,-0.9014683
-1.0785342,-2.6243089,-1.8718161,-1.5886813,-1.7321724,-1.0360474,-1.3104040,-1.9294978
-1.5715242,-2.2674239,-1.8510053,-0.7098567,-1.0621520,-0.2384757,-0.5872429,-1.2513449
-0.4015705,0.4478078,0.5805852,1.3731415,1.3200707,1.4336618,1.2635595,0.7318843
-1.9134930,-0.9956808,-0.8910861,-0.8254301,-0.1435655,-0.5723950,0.1727311,-1.3888048
-3.5100165,-2.9825011,-3.0916558,-2.7410508,-2.1227419,-2.8192088,-1.5179039,-3.5607884
-2.1181515,-1.8582660,-2.4487231,-1.4725688,-0.9884289,-2.7364111,-1.2474098,-2.7551464
-1.3520505,-1.4887544,-2.4606189,-1.0031027,-0.8975438,-2.8165693,-1.2897929,-2.1181044
-1.6849523,-1.5721853,-2.5423771,-1.3735938,-1.3413131,-2.5301815,-1.4383941,-1.1773955
-1.9590802,-2.0118650,-2.7196108,-2.8876053,-2.2800065,-3.2023782,-2.5544566,-1.8436004
-0.7219697,-1.1965057,-1.4209214,-2.7451131,-1.5238146,-2.2075920,-1.6537268,-1.6101796
0.0121538,0.3222789,0.8983703,0.1177806,1.3641945,1.2335180,1.1938261,0.3915851
-0.7546963,0.0383808,0.8596034,0.6793947,1.9535121,1.9341415,1.4360816,0.7183510
0.1275159,0.0616553,0.9647929,0.2300902,1.4466143,1.4942894,1.0701952,0.7992163
0.5007028,-0.4743321,0.8729304,-0.3509871,0.3077723,0.6027043,0.0536659,0.1212956
0.3290211,-1.2806816,0.1812392,-0.6312926,-0.6091426,-0.3207915,-0.8256482,-0.1219769
1.7349668,0.6119154,1.1484419,1.1752958,0.7196993,1.0406115,0.8858994,1.7120704
2.6587228,1.9643039,1.8333870,2.1118814,1.4830465,1.9602472,1.7550926,2.3751702
3.8595626,2.8067256,2.5357143,2.5308277,2.3568440,2.5284480,2.3319830,3.0488996
2.4481168,0.8916422,0.5945077,0.2558086,0.2427464,1.1139100,0.2883804,2.1173074
-1.5592081,-2.9690959,-3.2858489,-4.4617847,-5.3609012,-3.2107931,-4.3072737,-1.2709997
-1.9849144,-1.9535504,-2.3221073,-3.3241023,-4.1753276,-3.5469533,-3.8058403,-1.8897426
0.0889164,1.2769658,0.2963373,0.8664661,1.2311870,-0.9634493,-0.5066854,-0.2485561
1.3896405,1.9761575,0.8096753,1.9062155,1.2118627,0.2395406,0.3390543,0.0012644
0.9528054,1.4042621,0.9132753,0.9262365,-0.8498048,0.0038531,0.2047245,-0.0162856
-0.7021485,0.0585890,0.0211202,-0.1869572,-1.3813075,-1.1854789,-0.6754915,-0.5068781
-1.2853375,-0.5673320,-0.9294510,-0.5206686,-1.1363253,-1.1107262,-0.8627097,-0.7548295
-0.5528949,0.3608176,-0.0162993,0.5482483,0.7082241,0.7223841,0.6353559,0.9397532
0.6309714,1.5063132,1.9337537,2.2054448,2.2025401,2.0229342,2.1932074,2.9393023
0.0185896,1.2653674,1.5269020,2.0694735,1.7110953,0.9834506,1.5016656,1.7454915
-1.0700838,0.4859684,0.2614934,0.7571091,0.8955185,0.1619657,0.4060608,-0.2950178
-0.3708277,0.5500332,0.5282062,-0.1796652,1.1045430,1.1688427,0.6391567,-0.1891753
-0.0880739,0.2062960,0.5927935,0.0885452,1.2567453,1.5878803,1.0405369,-0.2905509
0.2858569,0.4763794,0.4759457,1.0812734,0.3764131,1.4126790,1.1866762,-1.0210335
0.1313334,0.0106621,0.0318817,-0.2620427,-0.5300914,0.9436713,0.8487439,-1.4395419
-0.7021960,-1.1444375,-0.4984891,-0.9073167,0.7208170,0.5715676,0.9299635,-1.2622646
1.2532419,-0.4022357,0.3882034,0.7993209,2.2147392,0.9998464,1.3958879,0.5511354
0.6438562,-1.7854322,-1.0260350,-1.0996758,-0.4285313,-1.6019701,-1.4035933,-0.2707686
-3.1272099,-4.2854177,-4.0219969,-3.6495935,-3.4889724,-3.8785331,-3.6663321,-2.6513812
-1.3108230,-1.0605834,-2.3524964,-1.8634317,-2.0032554,-1.2335873,-1.1196240,-0.8434585
1.2236600,1.9411359,-0.2149700,0.0113908,0.0314595,0.4678757,0.3908824,0.5286564
0.2271235,-0.0015452,-0.9213939,-0.4473361,0.3370617,-0.6633257,-0.5988547,-0.3550431
0.2451625,-1.1382901,-1.2030099,-1.2804970,-0.3454456,-1.5096748,-0.7626135,-0.0794536
1.1739594,-0.1844605,0.0735179,-1.1936528,-1.5209752,-0.8875408,-0.8012863,-0.8430649
2.1721129,1.1672633,1.2812580,0.8927200,-1.1194201,0.8268155,-0.5231197,-1.3828857
2.8362718,1.5672899,1.8485577,2.6604447,0.9118603,1.0532321,0.3350215,0.1261857
1.0528363,0.5445962,1.5751916,1.5453945,1.5981015,0.0992343,0.8353267,1.2821447
-0.2246004,1.2842719,1.6188108,0.6376782,1.5488074,0.5270437,1.0735246,1.4175748
0.1356585,2.3073416,1.4953575,0.8440391,1.0248596,0.5192731,0.5818032,0.8522762
-0.2192686,1.6027894,1.4374229,0.6379986,0.7556629,0.3394122,0.6442967,0.5803988
-1.7715807,-0.4946858,0.6153610,-0.3010073,-1.1268074,-0.1372231,-0.0224525,0.0058996
-2.7124911,-1.7727083,-0.9470121,-1.1911509,-2.2041543,-0.7082203,-1.0846337,-0.6115167
-1.7746120,-1.1652770,-0.8438892,-0.7460095,-0.1024851,-0.0253544,-0.5498283,0.3935698
0.0103039,-1.0729371,-0.2225733,0.3435585,1.0488740,0.1537296,-0.1366901,0.7380902
-0.2112532,-2.0253132,-0.8771683,0.6315995,0.2277580,-0.6993669,-0.7649332,-1.0528983
-2.3662647,-1.7824569,-2.0374656,-0.7177006,-0.1628151,-2.0158202,-1.3489368,-1.9170827
-3.2106338,-1.9143964,-2.3108534,-2.6227881,-0.8864415,-2.1525165,-1.4222239,-1.3653612
-0.9581860,-1.4497841,-1.1830041,-2.5702701,-1.0811713,-0.5491995,-0.5844221,-0.5840578
1.0201696,0.2496477,0.0788344,-0.6046516,-0.4287500,0.6905380,0.3460229,1.1120655
2.3438262,1.9639038,1.6874406,1.7561706,0.5237720,1.7472228,1.3446927,2.8490749
2.7064731,2.8576721,2.4782337,2.6490171,2.0335676,1.8287861,1.5806093,1.4248990
2.5423892,3.2200864,2.5432237,3.3947411,3.3329849,1.6275827,1.9507926,1.8518563
3.2503807,3.6219726,3.2155733,4.1703300,3.4900196,3.2414196,3.5076190,3.7002347
3.2126749,3.5072492,2.9040738,3.2660276,2.5352583,3.5627109,3.7019697,2.6794710
2.3211797,2.8718959,1.9819688,2.6114008,1.9767255,2.4290637,2.6770867,1.7485489
1.2655861,1.7202821,1.4371261,2.5509730,1.3359606,1.9055948,1.9441464,1.1732016
-1.4912494,-1.4073762,-0.8677353,-0.5134964,-1.0639321,-0.8810127,-0.7760286,-1.9073535
-2.6015864,-2.2262342,-2.2026477,-2.3468455,-1.8160144,-2.9101521,-3.0281740,-3.3516622
-0.2881676,-0.5076086,-0.9397686,-0.8016187,-0.6356246,-1.1737530,-1.8193732,-1.4100135
-0.6721522,-1.6455829,-2.0450387,-1.8686331,-1.7295652,-0.9590320,-1.5583607,-1.0788061
-3.3467729,-3.5902518,-3.9233369,-3.5878028,-3.0179994,-2.0000239,-2.2695622,-2.1889930
-1.8305848,-1.6296346,-1.7475570,-2.3583261,-1.4146656,-0.3270498,-0.1976395,0.1236018
0.2845403,0.5187201,0.3499766,-0.6449557,0.7968037,1.1669640,1.2508809,2.5363718
-0.8552842,-0.1201895,-0.1885215,-0.2062176,0.7666013,0.0314589,-0.3157047,0.7043324
-2.0416480,-1.6627879,-1.3430077,-0.8573077,-2.0484230,-1.5257851,-2.1984131,-2.1544307
-0.8798162,-1.2565135,-0.4662154,-0.2340293,-2.5763954,-0.2579565,-1.0049671,-1.0626013
1.3861442,-0.0665553,1.4327837,0.4299997,-1.3934842,0.8399484,0.1823460,0.1253438
2.9421670,1.1285651,2.6852291,-0.0177180,-1.2244057,0.2140488,0.1446669,-0.6793153
3.3145757,2.6896103,3.2081131,0.9353252,0.3008527,1.5494889,1.4617937,0.9276527
0.8336001,0.7446795,1.2331285,0.1608774,0.5978550,0.7964750,0.6933293,0.9881969
-2.9932198,-2.3644002,-2.1389976,-2.2868389,-1.9314501,-2.4904437,-1.9890631,-1.3557087
-3.1249914,-1.5204396,-2.3219519,-2.5753189,-2.5064169,-2.4379108,-2.4047513,-1.4634521
-2.7500758,-2.4833538,-2.8748642,-3.4781092,-3.1177564,-2.1237905,-2.6009437,-1.8996733
-2.7478930,-4.1429720,-3.6680001,-3.8909202,-3.0426696,-2.4034190,-1.4159870,-1.4273457
-0.4872024,-1.1353873,-1.3021239,-0.6452198,-0.1302213,-0.6490926,1.4732850,0.7647068
-0.3870789,-0.0955178,-0.5426386,0.4220165,0.6902210,-0.6461368,0.6423595,-0.1485826
-0.7228114,-0.8523057,-0.7548183,-0.1997437,0.3998592,-0.9781562,-0.8843731,-0.7769565
1.3689522,0.8230664,0.9773294,0.7021838,0.9548956,0.8724930,0.5887467,0.6603205
1.1888577,0.4439579,0.7054724,0.2347472,-0.2730700,1.1223212,0.9760838,0.2045838
0.4730909,-0.8179155,-0.2328417,-1.2242212,-1.3667360,0.6069233,-0.0852576,-0.9171460
2.8758624,1.5882464,2.2227553,0.5360817,0.8798544,2.3917623,1.2494501,1.5413976
2.8002889,2.0880234,2.6491531,2.3494374,3.0078081,2.3959023,2.3254810,3.1669382
0.6006026,-0.2785197,0.1881258,1.1078212,4.1969469,0.0715350,0.6230764,0.5760686
0.6186640,-0.6933922,-0.8519829,1.0396076,4.8406482,-1.2065494,-0.3723361,-1.9175637
0.8789650,-0.1379153,-0.6135806,2.0022554,4.3295516,-1.0278415,1.0423458,-1.2804216
1.6528605,1.1499674,0.5711631,2.9728319,4.6049679,0.4791816,2.7139767,0.1330062
2.9486103,3.6621937,2.3772788,4.5269276,4.8030007,2.1422265,3.4100581,2.0813570
0.7965128,3.0791342,1.5177891,2.4447922,1.8177311,1.2041892,1.1691579,1.5590726
-1.2421457,1.5202428,-0.0787687,-0.2226518,-0.5739684,-0.7138632,-1.3542487,-0.0563110
-0.2918922,1.1019259,0.4936400,1.2505265,0.4163948,-0.6540029,-0.6922650,0.8849604
1.1493141,1.3209649,1.0478818,1.9204805,1.2039127,0.2516710,0.3203477,1.7127003
0.2946644,0.5533984,-0.1688562,-0.6785126,-1.8722592,-0.5546543,-1.5188612,-0.6728168
-0.6936940,0.0258461,-0.5707794,-2.0200813,-4.3796137,-1.2255391,-2.6607558,-1.3633023
0.6737256,2.0389130,1.3544169,-0.0414443,-2.4339929,0.3415521,-1.1751090,1.5325981
1.7311155,2.8632660,2.3056309,1.3950492,-0.4512341,1.7594261,0.2995930,1.9127065
0.1649850,-0.2341281,-0.1407460,-0.1775741,-1.4182876,0.9540364,-0.1376326,-1.1405543
-1.6632582,-2.0387748,-1.6170234,-0.4241629,-1.7734649,-0.6238321,-1.7392964,-1.2941171
-3.0147513,-2.1279638,-1.4131401,0.1464668,-1.6723836,-1.5449016,-2.6766274,-0.8881809
-1.0091820,0.4411225,0.8329340,0.9954533,-0.2712837,0.8421185,0.3312828,0.3948703
0.8763794,1.3573569,1.0182114,0.6516934,-0.1175646,1.1631151,1.7381876,1.5680535
-2.6048372,-2.6365550,-3.1700927,-2.9891793,-2.5797112,-3.0216758,-2.0158994,-1.3325174
-4.1871816,-3.9399146,-4.3027613,-3.6883919,-3.1042592,-3.1548227,-2.0402480,-2.7525384
-1.5100453,-1.7591932,-1.4742174,-0.9679424,-1.6246020,-0.2586731,0.6773476,-0.6312680
-1.1623022,-1.2959113,-0.7333311,-0.8870660,-0.8425387,0.1272430,0.4306743,-0.0820572
-1.8518820,-1.2081772,-0.8897773,-1.0178659,-0.6208404,0.3992198,0.6340918,-0.7603191
-2.0940100,-2.3264991,-1.4450495,-1.4175949,-0.9222713,0.1184789,0.1044495,-2.2265026
-2.1265852,-3.0811507,-1.6837535,-2.4289327,-0.7767727,-1.3073225,-1.9575600,-2.7528946
-0.1647491,-0.2835237,0.4837883,-0.1924114,0.7146021,0.3199036,-0.4170244,-0.1574830
0.8619746,1.2888973,1.4021888,1.1524087,1.1299545,1.2462474,0.7786407,0.7810104
0.2579974,0.2758648,0.0964971,-0.3801434,0.2198860,-0.7255303,-0.6041269,-0.7911189
1.2085495,0.7511887,1.1844230,0.4454906,0.6256120,0.3169906,0.5125438,0.1517410
1.3932938,1.1431886,2.7054520,2.1161979,1.7284941,1.9578079,1.9072586,1.4347169
1.1855092,1.0081900,1.5952050,2.0702841,1.6380886,1.6563669,1.8357598,1.5033778
0.0474754,-0.5803660,-0.3776548,-0.0868918,-0.4767667,0.9264659,0.5840755,0.6128354
-2.7295715,-3.6845432,-2.6118247,-3.2480690,-3.2160193,-1.0802267,-1.9053078,-1.6386930
0.0476327,-0.2361916,0.1357405,-0.3558366,-0.5977104,1.0295455,0.6734844,0.7344154
4.9322134,4.1878521,4.0932567,3.5444563,4.3141933,3.9334577,3.8033889,4.2832530
3.6029996,1.6090285,2.6117973,1.2671335,3.2161074,1.6527777,1.3812029,2.9014574
1.7051944,0.1002932,0.6020979,-0.9685090,0.4070042,-0.1841715,-0.4585092,0.2270530
2.7215981,2.6004242,1.7125651,0.0987356,0.7467870,0.1972086,0.4162655,-0.1616397
1.8451130,2.2216796,1.5217455,0.2058093,0.0647101,0.1848485,0.6033813,0.3793378
0.0114061,0.0740165,-0.1979718,-0.8625014,-1.6113476,-0.4758291,-0.3431818,-0.1372445
-0.1951724,0.6226817,0.2440746,-0.2931304,-0.5460553,-0.8047351,-0.9031297,-0.9494812
0.5680073,1.5710171,0.6752418,0.1451003,0.8407129,-0.6443108,-0.4268361,-0.1868284
0.6864045,0.8705264,-0.1482414,-0.0216236,1.1623227,-0.7815810,-0.4373370,0.1295851
-0.2972496,0.3149391,-0.7755270,0.3257631,0.9795720,-0.7795252,-0.3439289,-0.3655973
-1.3041731,-0.1372619,-1.3575983,0.6456476,-0.6764419,-0.3018419,-0.1245930,-0.5630999
-1.3827065,-1.6111565,-1.6125273,0.5513475,-0.6773717,-0.7334304,-0.8946689,-1.8905777
-0.9609497,-2.5865636,-1.2961041,0.1301306,1.4104924,-1.3450831,-1.1467608,-2.4670755
1.0877590,1.1506328,1.2068141,1.7669800,3.0395102,0.6635325,0.8495847,0.8553761
0.2546731,2.2174745,0.8918211,1.6914688,0.9769026,0.1206443,0.1397353,0.4892209
-1.9029341,-0.7059890,-1.1937311,-0.8274655,-1.7940902,-1.8058291,-1.1688078,-1.6183998
-0.4652086,-1.0661662,-0.9219401,-0.7614662,-1.8765872,-0.4992832,-0.1399082,0.4748387
-0.8455104,-2.3068288,-2.0658846,-1.1467435,-2.6490716,-0.5993056,-0.6847247,-0.0877220
-2.4539981,-3.4021703,-2.8182984,-2.2024313,-2.3841423,-1.3802746,-0.9917873,-2.1113459
-0.5791954,-1.4319935,-0.9269098,-1.2990008,0.2570452,-0.7849875,-0.0165283,1.0392020
-0.8774218,-1.6436998,-1.6098300,-1.7740491,-0.3530929,-1.3449529,-0.5932834,1.3815300
-2.4335710,-2.5110642,-2.3882082,-2.4965578,-1.6078608,-1.2319452,-0.6596991,-1.1686515
-1.9393113,-1.5470871,-1.8124480,-1.7414488,-1.8918605,-0.8551163,-0.3120970,-1.1231694
0.2265736,0.7304291,-0.1739855,0.2824011,-0.7602863,0.2690039,0.6200364,0.5974716
0.0934673,0.3292154,0.0676690,0.0342917,-0.0422654,0.8080181,0.4680315,0.5029542
0.2358215,0.1635072,0.7182969,-0.3677162,-0.2648056,1.3396258,0.7918217,1.9460516
0.4039026,1.2394182,1.4259541,0.9658522,0.6498831,1.9927581,1.4217726,2.3042090
0.2967684,1.5981285,1.2454620,1.9277521,1.4349713,0.9599360,0.5024097,0.6618061
2.1892932,2.3156384,2.3759519,2.9307387,1.7942138,0.9112616,0.9822855,1.1468439
2.5444652,2.2792986,3.2053447,2.1682531,1.7754054,1.5349921,1.3925159,1.6962160
