0.5530388,-0.0420199,0.7288591,-0.6840520,0.2609174,0.3506567,0.0010308,-0.1963419
0.2904539,0.1132352,-0.2222040,-0.8951587,-0.3566760,-0.0683543,-0.8047158,0.7831586
1.1478919,-0.0240489,-0.5952288,-0.2786043,-0.0361530,0.0731336,0.1259815,1.2259680
3.0519602,0.6895766,0.3218957,0.5559158,2.0110481,0.3011141,1.2334181,-0.5042303
2.1128769,0.7805830,-0.7228619,0.2998411,1.4690361,-1.6123737,0.2210314,-2.2985878
0.0361097,-0.1686707,-1.9734174,-0.1597598,0.2262115,-3.1373990,-1.4639682,-2.0469739
-2.7956855,-2.5772324,-3.3625779,-1.7345099,-0.7923372,-4.3287020,-3.2217948,-2.8322504
-1.4816186,-0.7732765,-1.2258061,0.3781295,0.7000744,-1.5799607,-1.5107995,-1.1593376
0.8663013,1.6915309,1.2427062,2.5304041,1.0965066,1.5288742,0.4540610,2.4092801
-2.1753645,-0.8280563,-1.0512745,-0.8991702,-2.3269682,-0.6590706,-0.8237896,1.8440804
-3.7740140,-1.3469051,-1.6922069,-2.7314510,-1.4833840,-1.6961547,-1.0330151,-0.7266614
-2.1721740,0.4989192,-0.0325871,-0.1740001,1.8684837,0.2356534,0.0541004,-0.2995250
-1.1852120,0.9697890,0.6350899,1.9711964,1.0582283,1.1008049,0.7590893,1.3116249
-0.3607007,-0.1070629,0.3399078,0.9902123,-0.8103783,0.4559620,0.2641311,-0.0467926
0.7554890,-1.1692353,0.4142484,-0.1352614,-0.8321576,0.4645528,-0.1326201,-1.1017319
1.6139631,0.5514161,1.9241580,0.8072989,-0.0981985,1.7882051,1.0694995,0.3670485
1.1579373,1.1822129,1.4684646,0.0365533,-0.0436326,1.6231056,0.4053002,0.8813269
0.6379516,0.2719530,0.5157327,-0.8857377,0.1558592,1.4217602,0.2681696,1.4533715
0.2007693,0.4230476,0.6846127,0.4644682,-0.1919975,1.6206784,1.6169205,1.4240440
-0.5890102,-0.8993179,-0.4322716,0.5505617,-1.3583528,-0.1623328,-0.2441313,-0.1935740
-1.3875153,-1.8803571,-0.9935287,-0.3147480,-1.5512366,-1.0108320,-1.4768463,-0.9751799
-2.5617950,-0.6070570,-0.3734880,-0.3776322,-1.6765403,-0.3094316,-0.8010500,-0.9562195
-4.0985284,-1.4627200,-1.8557165,-2.3790593,-2.7257824,-1.9595931,-2.7415493,-1.4200205
-2.6542189,-1.0341603,-1.7021142,-1.9113517,-0.9168498,-1.8142020,-1.7142776,-0.5578433
0.1155597,1.2222548,0.6021541,1.5540005,2.1129389,0.6958065,1.4160945,-0.2470878
1.3129476,0.9660352,1.5657603,2.2576632,2.6070378,2.1412528,2.0885293,-0.2488213
2.2445595,0.6876776,1.7532690,1.5460536,1.4667763,2.7995453,2.1423373,0.4143189
2.8924160,1.7380569,1.6170150,1.7847562,1.0822417,1.8321737,1.0668671,0.0750468
2.7720921,2.3016062,1.5670964,1.4166601,1.2727975,0.9389648,0.4474209,0.1017541
3.3567934,2.6109152,2.4007230,0.9950575,0.8645593,1.9276643,2.2783248,1.2800167
1.4244826,0.1974084,0.4400555,-0.3343790,-0.8499855,-0.3463602,0.7472029,-1.3202132
-0.4428859,-1.1926875,-0.5116320,-0.6807941,-1.4437292,-1.8780192,-1.2114102,-2.5221446
0.8808232,1.0125564,1.4331681,0.5534328,-0.1061398,0.1810278,0.2928742,0.9411970
0.5764192,1.7542609,1.1506897,0.1809990,0.9752819,-0.2374707,0.0831178,1.4225631
-2.0902133,0.0338593,-0.9579627,-1.0273583,-0.5682522,-1.5846198,-1.0160855,-0.8599365
-1.5887871,-0.3526566,-1.0969148,-0.1459069,-1.3833274,-0.2450455,0.3824151,0.9732705
-0.0048542,-0.7001759,-0.8836748,-0.0428449,-0.6982733,-0.4278550,-0.6727123,1.0383573
1.3809545,-0.4660603,-0.0197445,0.1668629,0.8584354,-0.4128840,-0.9992620,-0.8231156
2.1383679,0.1928243,0.4353623,0.2046875,1.6357816,0.1295442,0.6607691,0.0933577
1.3673944,0.2472052,-0.0330438,-0.3888825,0.0533236,-0.5809330,-0.0049395,0.7032292
-1.1943986,-1.4458958,-1.9000576,-1.6301589,-2.0995443,-2.1613517,-1.7192258,-1.4721813
-3.2932386,-3.2136655,-3.6599395,-3.4744747,-2.2176218,-2.4735610,-1.6972196,-1.4646407
-2.3208370,-2.3885980,-2.5484512,-2.2058985,-0.1057675,0.2544000,-0.0660757,1.5154245
-0.0378237,-0.2854682,-0.4379885,1.0489283,2.6717215,2.1582689,1.1151985,1.8197445
-0.0617867,0.0963396,-0.6947088,0.6348998,2.2209697,0.2124434,-0.1726839,-0.6335417
-2.2440555,-2.0517659,-2.6482751,-2.3521221,-1.9682362,-2.3486731,-2.3733640,-1.4784526
-2.3715076,-2.6636684,-2.5554154,-2.7899690,-3.7546947,-2.4106615,-2.5427463,-0.9745529
1.4075708,0.6343315,1.0989408,0.8519505,0.0852460,1.0442317,0.5379991,0.9305466
2.8158343,1.3508242,2.6948812,2.1337595,1.6714125,2.9952664,2.2629390,1.4578137
2.3639205,0.6708261,2.0044935,0.7128726,0.5549874,2.2454348,2.0043805,1.6170211
2.0444639,1.3238480,1.5076106,0.9445917,1.2938389,1.6185848,2.1813855,2.9851153
-0.1207780,1.1179821,1.2136145,1.5350205,0.9182430,0.7915697,1.5979491,1.0439785
-0.3298813,2.0863676,2.2424357,1.4963326,0.4772637,0.9460166,0.5383589,-1.0472283
1.3258555,3.0358357,3.1522851,2.0213823,2.2189319,1.5872804,0.0362405,0.3540027
0.6863185,1.4641054,2.0117569,2.0917380,1.8896306,0.3073062,-0.2948164,-0.1426224
-0.8681792,-0.8297086,-0.2339809,-0.7443102,-1.4513719,-1.3003477,-0.7295224,-2.3417895
0.6633739,0.1966926,0.5905685,-0.7758348,-0.6400526,0.4597251,0.7105043,0.2683385
0.5330415,0.9676975,0.7311727,1.4502025,1.4454447,0.9930985,0.7326940,0.6483759
-2.8309314,-2.0148516,-2.3298519,-0.4730476,-0.7608901,-1.9372357,-1.8732845,-3.8229070
-2.8573785,-2.7736878,-2.5020244,-1.4656864,-1.6063502,-3.0133119,-2.4805317,-3.6337481
0.1047320,0.3749996,0.1630886,1.1612666,0.4481164,-0.8738869,-0.5856137,-1.1151327
3.0348256,3.2472510,2.4795699,3.1308441,2.6556313,2.9588456,3.0187225,1.1726598
2.9514732,2.4567759,1.8413976,2.1290872,2.3511434,2.7098420,3.4258409,3.1894181
0.3588312,-0.3089226,-0.6899751,-0.2894624,-0.8473415,-1.7490013,-0.7153794,0.5503157
0.5994153,-0.2009984,0.0752691,-0.5644036,-0.7842342,-1.6148165,-1.0626173,-0.5694917
-0.8804190,-1.1770175,-1.0178456,-1.7707111,-0.9355986,-1.2783099,-1.3012122,-0.5204428
-2.8200216,-2.2544353,-2.7561162,-2.7506282,-2.7930968,-2.4810433,-3.2038188,-2.3343091
-1.4904408,-0.2077639,-0.6059182,-1.3119152,-1.8153834,-0.3450569,-0.5647461,-1.2107364
-1.1472427,0.8831620,0.4271049,-0.1603626,-0.2949463,1.5088584,2.3455689,1.9915161
-2.0048306,-0.9117798,-0.9376045,-1.0710438,-0.5116736,-0.1131570,0.0278589,1.4319664
-2.0037320,-2.3883898,-1.9573234,-2.5972872,-1.4391478,-1.7743632,-1.9149812,-0.9147530
-1.2179106,-1.8608969,-2.2458217,-2.5051157,-1.9266658,-1.4135388,-0.7913088,-0.1890903
-0.2432798,-0.8663029,-1.6091975,-1.7246100,-1.2931732,-0.9914288,-0.9250316,1.1725580
0.1823365,0.3658493,-0.4502845,-0.7056397,-0.2886512,-0.6500679,-1.0199459,0.7329647
2.1373861,1.7716957,1.4311357,1.8539628,1.1561255,1.5935888,1.8311452,2.6191099
3.2864604,0.8780113,1.6280096,2.5919254,1.5925746,2.4134800,2.6794946,3.2555017
1.4784917,-0.1286984,0.1964909,0.4757662,1.0257016,0.6729846,0.1965178,0.0662566
-0.5619907,-0.1889690,-0.2805859,-1.1251639,-0.1975645,-0.3948633,-1.7884561,-1.2104999
-0.9569511,-0.1878308,0.3132827,-0.5119208,-0.5351204,0.3978923,-0.5906400,-0.2066144
-0.9107828,-0.3595135,0.2305744,-0.0531848,0.5264622,0.8415347,0.8207380,-0.1877613
0.2186247,-0.0458933,0.9453151,0.9831062,1.6999804,1.3727572,0.8324906,0.0292202
1.4634664,0.7437342,2.0124476,2.7123704,1.8553554,2.4493916,1.7651702,0.6352415
-0.2359667,-0.3524557,-0.2654444,0.8290612,-0.1594971,1.0798877,0.8728412,-0.1300511
-1.4655824,-1.3509082,-2.3075042,-1.4305030,-0.6368701,-1.3436265,-1.2271703,-1.9866031
0.1694211,0.2903206,-0.6130240,0.1493772,1.0471675,-1.5768988,-0.4527867,-1.9429928
0.4255887,0.2132300,0.2425898,0.8017623,0.0690262,-1.5607243,-0.6311545,-1.0442170
0.5324466,-0.4684759,0.3512034,0.6266730,-0.1216780,-1.0054840,-1.2905935,-0.0485346
0.7073087,0.5233415,0.2772395,0.3996331,0.3134373,0.2152079,-0.1449149,0.1685490
0.0038621,0.9876410,0.1780283,0.2206308,-0.4159339,1.4867885,1.3394330,0.5302892
0.2538149,1.2703803,1.3147585,1.7832365,0.6776421,2.2357230,2.2748270,1.7135283
0.8877137,1.9917412,2.0601020,2.4784250,2.3038299,1.4799529,2.1669109,0.6009849
2.2501762,2.7611969,2.9408312,2.3024936,3.8775218,1.4205201,2.1921766,0.3174951
3.1061647,2.4181445,2.8825719,1.6707262,2.9246087,1.1315643,0.8140862,0.8970330
0.4790317,-0.2882350,-0.5146315,-1.0218277,-2.1774213,-1.1324939,-1.8757070,-1.3221195
-1.9930460,-2.3124681,-2.8868241,-2.3732269,-4.0900440,-2.2236032,-1.8566427,-1.9296801
-1.6963547,-2.1173341,-2.1100862,-1.5053115,-1.9668888,-2.2167089,-1.4435642,-1.1933900
-0.4432394,-0.6135911,-0.1869569,-0.4537450,-0.2104775,-1.0792552,-0.8589565,-0.9491927
1.1650552,1.6330851,1.5143100,0.6565876,0.6502013,1.6656367,1.4610986,0.8835446
-0.1939739,0.4829513,-0.4004849,-1.3172756,-1.5506390,0.8679970,0.0777159,0.6034250
-4.0958996,-3.2234118,-3.5127647,-4.6179490,-4.2249675,-2.5445669,-3.4482455,-2.0341454
-4.7240553,-3.2895372,-2.8201001,-3.4842701,-2.6812487,-2.8493369,-2.9489732,-1.4798689
-3.0118296,-2.0052934,-1.6392616,-1.5302112,-0.6722948,-1.8498256,-1.2656378,0.6118694
-1.2686201,-2.4626229,-1.7389829,-1.7821227,-0.9593451,-0.9573623,-0.6506263,0.3369244
0.8762308,-0.6583975,-0.2122245,-0.4759183,-0.2708683,0.7812658,0.4459320,-0.1856878
1.9064540,1.7993677,1.2043790,1.2398530,0.8200614,0.5707314,-0.1330404,-0.2610742
1.7971426,1.3599551,0.9839575,0.9720116,0.3156330,-0.6615979,-1.5254380,-0.3173752
1.3995069,1.2534230,1.5099486,1.4759908,1.2751995,0.6037779,0.5323318,1.3552032
0.8860056,1.0178806,1.9094229,2.2554953,2.2523592,1.9573684,3.1600492,2.1281962
0.5834829,-0.4422040,0.8707423,0.8189637,0.0842673,1.1954346,2.1832085,0.9932947
1.3822153,1.2152529,1.4942513,0.5678591,0.4360430,1.0762175,1.0102220,1.5504766
1.6051018,2.5407052,2.0488689,0.9553570,2.1917560,0.9339158,0.8223978,1.0632445
1.3838022,1.2091388,0.9891706,0.2830809,1.6686223,0.1649358,0.2943646,-0.2846949
1.7981765,0.4726063,0.1363587,0.5362436,1.1081171,-0.1921813,-0.1623329,-0.4940068
2.5338182,0.1283306,0.3640844,1.6116387,1.0151446,0.3450136,1.0072765,0.1970712
2.4356084,0.1325494,0.5628717,1.7990104,1.4985005,0.4264970,1.9770188,0.8205227
1.2950372,1.2407168,-0.0406462,0.9902532,1.8891422,-0.4405302,1.0310874,1.0941904
0.2529644,0.7372603,-1.1316983,-0.9227804,-0.2790761,-1.5565259,-0.1104991,0.8684541
-0.7653288,-0.7311591,-2.0137641,-2.2224753,-2.3972144,-2.6716976,-0.9487313,-1.1853802
-1.6347032,-0.2918282,-1.5475856,-1.5904437,-1.4646639,-1.8650807,-1.4119241,-1.7499369
-1.2655593,-0.0816860,-0.5670935,-0.9360620,-0.7075197,-0.2870556,-1.3016841,-0.0575319
-1.2845805,-1.0435669,-0.8338893,-0.6874615,-1.1227520,-0.2639215,-1.2653222,-0.0916312
-2.4382107,-1.2821290,-1.1782193,-0.3825306,-0.4115276,0.2944849,-0.6518849,0.5222665
-3.5637896,-2.2309589,-1.8881915,-1.0690600,-0.4834764,0.5620361,-0.3602053,0.6823795
-2.6444795,-1.7068286,-1.5258971,-0.3427708,-0.4937709,0.8530480,0.1337936,-0.6570977
-0.5388389,0.2917755,0.7746974,1.0966154,-0.2956897,1.9619706,1.3399990,-0.9428286
0.3389209,0.2441283,2.0209587,1.0274414,-0.1759780,1.9546561,1.2135863,-0.6811614
-0.7399800,-0.4531223,0.3909832,-0.2299293,0.0773104,0.5551308,-0.7725175,-0.8226509
-0.6739427,0.0692203,-0.4877928,-0.4604316,-0.1135886,0.1732551,-1.0124619,0.3815741
2.2892902,1.5865738,1.8710231,2.3750010,1.2371985,2.1458495,1.2567250,2.1551497
2.7930081,2.1049578,2.7289143,3.3565826,1.5989982,3.3802106,2.1433554,1.8607869
-0.6030502,-0.8251586,-0.3826929,-0.5010531,-1.2580441,0.3762765,-0.3802724,0.3565087
-1.9877076,-3.0160570,-2.6561623,-3.6298027,-3.1761129,-3.2171917,-3.5199268,-1.9630026
-0.9025028,-1.2663411,-1.7766747,-2.6320047,-1.9475181,-2.4690168,-2.8342440,-2.9711554
0.0565805,-0.0708760,-0.3845180,-0.3147255,0.5065130,-0.5581605,-0.6532263,-0.7598518
0.3290681,-0.2695345,0.0324745,0.5318191,1.4298439,-0.5057219,-0.4509808,-0.0097845
0.2926923,1.1922460,1.0759913,1.8439240,1.0164585,0.0765746,0.6552104,-0.3684665
0.5906808,2.4186931,2.2160740,3.1309354,0.6259943,1.2419232,2.2382452,0.6916633
-0.6168427,1.0679922,0.8779011,1.0650250,-0.1366751,0.7614386,1.3912907,0.5795767
-1.9299834,-0.8050157,-1.2128199,-1.6371026,-0.9317953,-1.0934283,-0.6543338,-1.3248672
0.5730834,0.6018007,0.0629650,0.1192248,1.3440512,-0.1403242,0.1562006,-1.0837932
0.5143737,0.4347803,-0.0671977,0.6848828,0.6391487,0.1091940,0.0434550,-0.8463650
-2.3523457,-2.4685752,-2.7778234,-2.2306447,-3.8869574,-2.5643954,-2.6127961,-1.6345977
0.2027046,0.1081207,-0.2008899,-0.4877890,-0.3108309,-0.3930071,0.0187354,1.6411799
2.2316618,2.2403743,2.9391201,1.7705172,4.2337518,2.2002254,2.6921973,2.7677803
-0.1842808,-0.0156026,1.3094829,-0.5063710,1.3871170,0.1676711,0.5170136,0.1247303
-0.4183376,0.8182682,0.8405320,-0.7640807,-0.0654280,-0.5591822,0.5142160,0.1702971
1.5013963,1.3344663,1.5065101,1.1133351,0.6342595,-0.3462723,1.0879374,-1.1084298
2.4380927,-0.5860786,0.7404249,1.0445853,-0.0938838,-0.4844176,-0.3889094,-2.6341476
2.1852655,-0.2554769,0.4455394,0.6423876,0.4166268,0.5160041,-0.4358967,-0.0284838
0.6223734,-0.5586405,-0.2876076,-0.3102838,0.9176241,0.3486237,-0.2949799,1.3381712
0.1191924,-1.0673348,-0.9413113,-1.7820796,-0.1392466,-0.1586365,-0.4334062,1.1217791
0.7387731,0.4884721,-0.4374078,-1.2491916,-0.4113903,-0.0764374,0.2566820,1.6365904
-0.5508596,-0.3332666,-1.4642377,-0.7112280,-1.4806809,-1.4051374,-0.5593812,-0.1640406
-1.1069608,-1.3065689,-2.0191867,-0.6451559,-2.4332280,-1.1515771,-0.8122161,-1.2757639
-0.5427115,-0.5270929,-0.7091730,-0.3799048,-0.5603805,0.2600319,0.1687248,0.5448103
-0.8421049,-0.8558903,-0.4210711,-1.3145645,0.6375919,-0.3394223,-0.9147118,0.5543436
1.0646695,0.2891745,0.6418412,-0.0812729,0.4407136,0.6228377,-0.4557365,0.1090332
1.3305833,0.5878813,1.2255113,1.2564538,-0.6247921,1.0712363,0.8574421,0.2366158
-1.1516057,-0.7749543,-0.1255273,-0.7936570,-2.0886014,-0.4647149,0.1465135,-0.2554711
-1.8356293,-1.3539956,-1.5382025,-2.4923465,-2.9125576,-1.1810803,-0.9465471,-1.7126052
-1.4612322,-1.6072330,-1.7822053,-1.4657943,-1.8556596,-1.4364542,-1.3155143,-2.3106499
-0.1046471,0.4292905,0.0657949,1.5719669,1.4335599,0.0148542,0.4368192,0.3521714
0.7606613,1.9816984,0.9927961,3.2533233,2.8170846,1.8116872,1.9867803,1.6744930
-0.7374592,0.3994808,-0.0626666,1.8899972,1.3400937,1.6767408,1.3830023,0.2112123
-0.6931531,0.3283705,0.6810283,0.8452642,0.7440982,1.7043144,1.4724020,0.3029056
0.2537479,0.8180767,0.9595795,-0.1236187,0.2026377,1.0243587,1.1970620,0.4938781
-0.6623440,-0.5706015,-0.6463421,-1.0323894,-0.8304091,-0.4335596,-0.1654819,0.1363071
-0.7733522,-0.7754107,-0.4666360,-0.1143193,0.2272691,-0.6903853,-0.4376732,0.0154816
0.6213556,1.0496182,0.9032874,0.8603434,1.5544599,-0.4764679,-0.1364083,0.1315586
0.3437776,1.3364882,0.5677428,0.3339041,0.1820740,-0.5682786,-1.1314954,-0.0326386
-0.3434066,0.5815614,0.1570337,0.0426211,-0.6260328,0.2495112,-1.5072802,0.0536082
0.5030812,1.4940596,1.1593633,1.3455318,0.6581179,1.7449597,0.7322138,1.6563718
1.4794043,2.7903173,2.6781409,2.4021690,2.5357409,2.5648537,2.9322436,2.8801498
0.5120247,0.8976049,1.7003146,0.1843012,1.9899452,0.9442794,1.3254501,1.6187377
-1.0907263,-1.9999907,-1.3100208,-1.8549221,-1.4380491,-1.5420175,-1.5111327,-0.6071907
0.1817949,-0.7767561,-1.1812111,0.1411580,-0.5916961,-0.9287839,-0.8637367,-0.8820758
2.9982500,2.2935250,1.6433676,2.4241469,3.8077061,1.8871742,2.0309975,1.5661905
2.2664893,1.8946874,1.2177225,0.9924053,2.2882481,1.8589092,1.5232812,1.5586184
-0.5290907,-1.1545984,-1.6065131,-2.0393262,-1.5832134,-1.4010538,-2.2042973,-1.6513900
-1.5290211,-3.1501455,-2.3144958,-2.7963669,-1.8975770,-2.6486578,-2.5661638,-2.5879531
-0.6141432,-1.5866482,-0.6479582,-0.2860557,-0.8020043,0.0275079,0.7188715,0.0628560
-0.3297864,0.0871676,-0.3559057,0.5121469,-0.2091765,0.8212307,0.7446135,0.9472528
-0.6744005,-0.7361625,-1.1590940,-1.2510421,-1.0237721,-0.7774554,-1.0747526,-0.4724662
-0.2844436,-1.3108042,-0.9510674,-1.3308833,-1.7581911,-1.3873971,-1.3128566,-0.7276224
-0.9800228,-1.9304982,-1.6790752,-1.7256722,-1.4258486,-2.7490900,-2.4489069,-1.5959191
-1.3342452,-2.4450302,-1.7055134,-1.8544166,-1.4792988,-2.6922193,-1.7534217,-1.9183544
0.0172792,-0.8839252,0.0898972,0.3803312,-0.8406244,0.0371374,1.3499352,-0.1471588
0.5284158,1.1264129,0.5915160,1.0020812,0.5452101,0.7014161,1.5550148,1.0240388
-0.2621126,1.1308002,-0.1101241,-0.3538561,0.0628422,-0.4418482,-0.3554354,0.8080798
-2.3254111,-1.4615551,-2.0610228,-2.1243880,-2.3681154,-1.6995122,-2.2596483,-2.1884019
-2.6207848,-2.2376461,-2.3922112,-2.3146169,-2.7723062,-2.1070070,-2.3345156,-4.0271077
0.3425868,0.7007858,1.2211974,0.4139645,0.2015315,0.1709982,0.4495971,-1.1784961
2.8908179,3.2004189,3.6362896,2.7651970,3.1958702,2.2850027,2.4106536,1.1071124
2.3683896,3.1114757,2.2292004,2.5498912,2.4753306,1.1842119,1.3780671,0.7252175
0.1372426,1.3448961,0.5692584,1.4546949,-0.5287222,0.0228163,-0.3141098,0.1303148
0.6200406,1.1584089,1.5202349,2.0775464,0.1730899,1.3588566,0.2306047,0.6732385
1.3997463,1.5992072,2.4036400,2.7087145,2.0344217,2.0709231,1.5839903,0.6487303
-0.1573137,0.4802996,1.5515507,1.0165280,0.7804134,0.9154839,1.3210876,-0.4960133
0.4860777,1.0206320,1.4053957,0.1902210,0.4695136,0.4011134,0.5761890,0.0959195
1.8905723,2.0309205,1.7942003,1.2423844,1.3620059,1.5149415,1.0365767,1.1925426
0.9871589,0.5503775,1.3492990,0.6894463,0.9696000,2.4017954,1.7481745,1.3359082
0.1890817,-1.0890806,-0.2061822,-0.8419122,0.2146239,1.2965542,0.7355536,2.0622513
-0.6606161,-2.0418699,-2.3023958,-1.2095023,-0.4591904,-0.4686361,-1.0390668,0.8941405
-0.5124702,-1.7080569,-1.5964339,-0.5147417,-0.0500479,-0.4044685,-0.4963635,-0.7778498
-0.0484869,-0.9751757,-0.4579552,-1.1303087,-1.0038359,-0.2503253,0.0587445,-0.5133467
-2.1756144,-1.9920779,-1.8530070,-3.1345205,-2.9959104,-0.7669980,-1.1015331,0.2136378
-3.4667609,-3.1720366,-2.4930754,-3.3057313,-1.9265401,-0.8962239,-1.2782297,0.1455333
-0.4009866,-1.3651567,-1.1322964,-0.3971723,0.2470391,-0.3909720,-0.4653579,0.7484320
1.2300084,0.1645913,-0.7712654,1.1754736,0.1033580,-0.1666126,-0.4179920,1.9031160
-1.4878695,-1.5607454,-2.1422520,-1.3758662,-1.5029370,-2.0273433,-1.1559446,-0.6115036
-3.0484507,-2.1692746,-2.9472828,-2.9092391,-2.3916407,-3.4331672,-2.2130532,-3.9799221
-0.7844909,0.2050248,-1.0370778,-0.3512633,-1.0440962,-1.0291363,-0.9632775,-1.8086728
1.9550395,1.7297488,1.1535769,1.9742460,1.7034003,0.8117080,0.8905604,0.8857229
1.0805906,0.6968382,0.7290614,1.3979633,1.9530153,-0.7188475,-0.6652187,0.1815998
-2.1680534,-1.3449512,-0.6408682,-1.0976149,-1.5381632,-2.3752131,-2.5193717,-0.7473645
-1.0610030,-0.4414750,0.3172105,-0.9924153,-1.2388009,-0.7301354,-0.1891868,-0.2196974
2.7082980,2.5040174,2.2491548,1.8779265,2.5135839,2.1822548,2.8350587,0.4266760
4.9764233,4.0079222,3.9047554,3.3995042,3.8157976,3.2897441,3.4776962,2.0926533
4.1818423,2.5907795,2.8209152,1.9018873,2.7254417,1.8508143,1.8856322,1.6229919
1.8107326,1.1219788,0.0101495,0.2402502,1.6790267,0.4713302,0.5015837,-0.2196509
1.8384579,1.4057724,0.1434397,0.4463502,2.1885641,1.0008851,1.4956210,0.4217458
1.9905087,1.3117518,1.6696846,0.7212118,2.6772625,1.4581962,2.2946980,1.1585306
-0.1223555,0.6674886,1.1510837,0.3091811,1.6312308,0.6026345,0.7828416,1.3783799
-1.6002977,-0.6471637,-0.6820419,-0.1778918,-0.6261701,-0.8692065,-0.8311754,-0.1779466
-2.7426562,-2.6305549,-2.4937904,-1.2283155,-2.5064702,-2.4071429,-1.7796494,-2.6114607
-3.1860251,-2.1303184,-2.7562938,-1.3107743,-1.5811442,-2.2864473,-1.8413417,-0.6611606
-1.6844532,-0.1084867,-1.5144438,-0.5884820,-0.8871911,-0.8445811,-0.9756723,1.2548655
-0.2776761,0.2625048,-0.1756226,-1.0529755,-2.1317577,-0.1874045,-0.8685111,0.8883165
-0.4515641,-0.6262933,0.0069578,-1.1742736,-2.6494162,0.0044036,-1.3522311,0.7259382
0.5233001,0.3426269,0.9079409,1.3074028,-0.1862127,1.6453699,0.7064443,1.5441259
1.6221288,1.5186691,1.8150340,2.1950436,1.4041117,1.8345597,1.8162265,1.4950483
-0.8785025,-0.1585858,-0.4095305,-0.5901657,-1.0916662,-0.9737206,-1.0841550,-1.5530719
-3.0123303,-1.6256692,-2.0997481,-2.1635036,-2.6498053,-2.2409263,-2.4062207,-2.8299387
-0.3714265,-0.2323037,0.3014363,-0.3906182,-1.4030623,-0.3143382,-0.4617691,-0.4816591
2.4682188,1.5779178,2.1417475,2.1027400,0.6491818,2.0833285,1.3392122,1.3861250
1.0238925,0.8972174,0.9195984,1.7255532,0.8717563,2.6111815,1.4690986,1.2218542
-1.6387383,-0.8988728,-0.2866305,-1.0534866,-1.1644083,1.0523806,0.2974662,0.2148263
-2.2405484,-1.2677566,-1.0214168,-1.7726464,-1.4331990,-1.1457512,-1.0685329,-0.7175314
-2.3858099,-1.8272361,-2.3982480,-1.2706155,-1.0630038,-2.9136591,-2.5281737,-2.5786843
-1.6596214,-2.5376067,-2.1778388,-1.1859993,-1.0655049,-2.2828352,-2.1501729,-2.8237782
0.6703316,-1.0326186,0.2808679,0.5226139,0.2686180,0.7170834,0.9136380,0.0436206
1.2405654,0.5949598,1.1296808,1.4028697,0.7070941,1.4587615,1.5868735,0.7781349
0.5056845,0.6645579,0.3962764,0.6763528,0.4702885,-0.0137656,-0.3741617,-0.9526295
1.1062958,1.0581143,1.0912719,1.0601151,1.6748568,-0.0378993,0.0372812,0.0961758
2.0600004,1.8262351,2.3077729,1.2935336,2.8697398,1.0267096,1.9967541,2.4837954
1.3187411,0.9075798,1.4228780,0.4172495,1.8445951,1.0325351,1.8199883,0.5769180
0.2198468,0.0749818,0.5175276,0.7579997,0.3657038,0.4236376,0.3857264,-1.2956277
0.1372834,0.5205985,1.0528781,1.2438962,-0.1260289,0.5687712,0.4458621,0.2242843
-0.1852107,0.4047977,0.5193873,-0.0414987,-0.4802970,0.3674434,0.7548927,-0.0342235
-2.7012925,-1.5760313,-2.2860770,-2.7434447,-1.7959530,-2.3670585,-2.5948415,-2.6685774
-3.1221621,-1.9658129,-2.4500117,-3.4721448,-1.8123147,-2.4366195,-2.8374579,-1.1466187
-1.4920580,-0.6294771,-0.7672133,-1.6740828,-0.7024139,0.1076994,0.7515892,1.4643960
-2.6698201,-1.4657869,-1.8380523,-0.8311448,-1.5649551,-0.6940014,-0.1102512,-0.5085366
-2.3088431,-2.7485857,-2.4660223,-1.1504340,-2.3300574,-1.5252899,-1.2990233,-2.7839229
1.0990309,-1.1909598,-1.0086627,-0.3446256,0.0235682,-0.0337826,-0.1864341,-2.1719301
2.4474277,1.3225765,0.1890417,1.1040471,2.8720353,1.5781386,0.9060932,-0.1062321
3.8378880,3.1244678,2.3037918,2.6216569,3.9777853,3.5487020,3.3192084,2.8589511
3.0805645,2.4987588,2.0314181,1.6098403,2.3027792,2.2783079,2.2282345,1.9912573
0.7258140,1.8343009,0.7033912,0.1441950,1.0778099,0.4009197,0.1742266,1.0061079
1.7119823,2.1231971,1.7267554,1.4910499,1.0669363,1.0748639,1.2689577,2.4401810
3.1882336,2.0277805,2.7640755,3.2689726,1.1692919,1.3715684,1.6814694,1.3690925
0.7152625,0.9295583,0.8784436,1.4340386,0.9755558,0.0182674,0.0272959,-1.4126413
-1.0107622,0.1451261,-0.3961118,-0.3289213,0.8159446,-0.3033449,0.4493983,-0.5088635
0.2588597,-0.0911057,0.0195790,0.4625172,0.5390310,-0.2547986,0.9131235,1.1233655
0.4361320,-0.4385190,-0.5282480,-0.1739704,-1.2846795,-1.7784086,-2.0833042,-0.3525284
-0.3307651,-0.1378253,-0.5094031,-1.5253363,-2.2734754,-1.7644134,-2.7826297,-0.4281066
0.4879127,0.3581308,0.7855340,-0.8668318,-0.5133767,0.4417096,0.1391184,2.5014095
-0.5191763,-1.5725983,-0.6220090,-0.9281274,-0.9533929,-0.7553318,-0.9017325,0.0783273
-2.7752051,-3.1878161,-3.0812874,-1.9242383,-3.0075421,-3.6508214,-3.8390255,-5.1558919
-1.6474509,-1.1898526,-2.0155220,-1.4378566,-2.8794813,-2.4736800,-2.5078781,-3.2784197
1.3545990,1.4061095,0.9601187,0.6894717,-0.9922258,1.1353003,0.9368000,1.4901385
2.1897659,1.6653095,2.1147380,1.4175816,1.4378659,2.2880249,1.4164594,2.1452568
1.7148292,1.9114301,2.7089553,0.7229381,2.4089086,2.1560388,0.6096346,2.5933216
-0.5890425,-0.4751673,0.5287250,-0.6624023,-0.3199082,0.4074567,-0.1960783,0.8320313
-1.5304379,-2.5442059,-1.5420229,-0.4741248,-1.0043271,-0.9341625,0.0814988,-0.9453008
-0.6336163,-0.6459469,-0.5832930,0.2742953,0.1234713,0.2517329,1.2705991,0.6068775
-1.4895052,-0.8029212,-1.1307405,-1.0284092,-0.8300018,-0.1855048,0.4244831,-0.4288911
-0.4661428,-1.0592742,-0.7592949,-0.4572238,0.3915065,-0.2691969,0.0043171,-0.5955330
0.6060785,0.0190019,0.3646996,0.4382115,0.7707446,0.3339644,0.0348258,0.5570640
-1.3054361,-1.4337606,-1.2321289,-1.0594455,-1.7548493,-1.5155996,-1.3743477,-1.2737916
-1.7596716,-2.3696036,-1.7121996,-1.6968060,-2.0731678,-1.3018067,-1.1399729,-0.8928351
0.1394390,-0.0030929,0.3612404,-0.4147878,-0.4006638,1.3608731,1.0152777,1.6130519
-0.8743344,0.3048969,-0.3962256,-0.5579328,-0.1959646,-0.0618848,0.4120569,0.5861164
-3.8995667,-2.2848577,-2.9155045,-2.6806037,-0.8056440,-2.8056622,-1.8877450,-0.6245354
-2.1257815,-0.9809140,-1.1391349,-1.7812099,0.6836463,-0.7759366,-0.3971622,0.9385200
1.1506813,2.1129260,1.7125845,1.5459392,2.5505095,2.1657207,2.1564524,1.3169926
0.2004110,0.9280547,0.3599616,1.5591149,1.4392415,1.1477437,1.1883388,-0.8421891
0.2230747,0.0826236,-0.0214761,0.8898603,0.6402987,0.6738930,0.6498918,-0.2291771
0.5910463,0.2402963,0.4341113,0.7434792,0.1311604,0.7919077,-0.1053324,-0.0092548
-0.0040073,-0.4715935,-0.1732770,0.1269283,-0.9018703,-0.4279013,-0.9643604,-1.3324825
1.5545110,0.7503317,1.1996671,1.1061168,0.3890312,0.0558097,0.7156164,0.5310399
2.6920989,2.6375632,2.6160865,2.0905731,2.6374400,0.8821481,1.1567734,1.0183016
0.7561085,1.7801183,1.4676892,0.2827965,1.3811382,-0.5961220,-0.6952027,-1.6543186
0.8420677,2.1356976,2.2387545,0.9425386,0.0786451,0.5414712,0.6481920,0.6663789
2.4469435,2.1054816,2.5979242,2.8761282,0.9891696,2.9537835,2.0458255,2.9582996
1.8371072,-0.1340007,0.2592886,1.1922166,0.9564900,1.7317901,0.4620875,-0.0229891
0.4675136,-0.4446505,-0.6728107,-0.4691499,0.1819263,-0.4234517,-0.3303246,-1.1674371
0.3486375,0.1343214,-0.0719944,0.1409006,0.1992917,-0.2856438,0.0578419,0.9223252
-1.1376026,-1.1114036,-1.5825804,-0.9421922,-1.6344554,-1.1654121,-1.3452976,-1.1614968
1.0381085,1.8247359,0.8338650,0.7860937,-0.1638340,0.4653087,0.6564586,-0.4197211
3.2380688,3.5653937,3.4537873,2.4267044,2.1322286,2.1086433,2.2749274,1.8443043
-2.5649154,-2.0852859,-1.5535464,-2.3423505,-1.8691247,-2.0783870,-2.9466946,-2.4015329
-5.3239527,-4.7572632,-4.6237788,-4.0482464,-3.7669547,-4.1649084,-5.0414715,-4.6898251
0.7154155,-0.5598995,-0.5657924,0.8778330,0.4314748,-0.4943648,-0.0107601,-0.2807656
2.7490990,0.9680732,0.6492122,1.6433547,1.3180206,1.0927196,1.8467565,2.4546654
-1.2145520,-1.1365373,-1.6170236,-1.8254672,-0.3457529,-0.4215984,0.3021709,0.6458442
-4.1748495,-2.9073727,-3.1133544,-3.3432164,-1.1507698,-1.7236441,-0.8223426,-2.3681793
-2.5094509,-1.7286224,-1.8567005,-0.9561405,-0.7256213,-0.0753447,-0.1020841,-0.6755642
0.1678614,0.0201296,0.2619400,1.2875485,0.7930691,2.1631100,1.3888675,1.5557531
0.7140321,0.2568791,0.7863666,1.0822130,0.4176951,2.0309551,1.7547733,1.0957782
0.0505182,0.7570136,-0.0536857,0.1076257,-1.0895261,-0.0284056,0.9463969,0.6386044
0.0574845,1.7233515,0.1387139,0.3712604,0.4896386,-0.8974015,0.2698344,0.1172996
-0.3289913,1.1188809,0.5454689,0.7594132,1.3952405,-0.9829598,-0.7583588,-0.8274095
-0.3035847,0.6750213,0.3211606,0.2574342,0.3118809,-1.4050641,-0.9485777,-0.6759548
2.0638230,1.4502088,0.9015454,0.3335435,-0.6813648,-0.3509258,0.3512886,0.1130953
3.8349919,1.4592237,1.8629577,0.9589788,-2.0319755,0.8308470,0.2732233,1.2939192
0.6037963,-1.3114989,0.0388522,-1.1844687,-3.0104778,-1.0469495,-2.3880389,0.1509922
-1.6285093,-1.6094642,-0.9255265,-2.0407386,-1.2382663,-1.3724746,-2.1263764,-0.4253234
-1.2633410,0.0488378,-0.3749740,-0.3755562,0.3605272,0.1090308,-0.0556040,0.5673667
-2.0288131,-1.0113457,-0.9395707,-0.4612642,-0.1594878,-0.5567830,-0.4498834,-0.8200062
-0.7363067,-1.0085469,-0.5696310,-0.5671140,-1.3212007,-0.5484372,-0.4019759,-1.8331661
2.4552979,1.3842146,1.7779119,1.0978925,-0.7722232,1.9741714,1.8068213,0.6811327
2.5272009,1.6492352,2.9392974,1.8614790,2.0185196,2.1888838,1.8691115,1.9882792
-2.3691905,-2.4337945,-1.1837519,-1.2280951,0.8033296,-2.0555735,-2.4147189,-1.7470264
-4.5260854,-4.1600232,-3.8239713,-3.0759001,-1.6306132,-3.2423012,-3.5458393,-2.8341446
-0.5526192,-0.8970778,-0.6609004,-0.0873078,0.6533770,-0.0434929,0.1079834,0.8929898
0.2709299,-0.3965567,-0.1525055,0.3047080,0.9351506,0.2767441,1.1306200,0.9320474
-1.0802752,-1.5952232,-1.2774709,-1.6586477,-0.9847636,-0.6389074,0.3630785,-1.4167271
1.8288901,1.1655303,1.6060892,0.2423611,0.9237325,1.7807428,1.8101327,0.0671162
2.0259233,1.6600568,1.7947967,1.0465547,2.1059773,2.2118573,1.2903554,0.3410541
1.5568030,0.9473569,1.0595930,1.5361398,3.5881488,1.5934422,0.4848097,0.5246101
4.2311387,3.2623503,2.6403959,3.4022102,5.4550037,2.9914823,2.7065811,2.9549816
3.6535378,3.3284104,2.0192273,2.3057990,2.8901055,2.3743343,3.9677944,2.9443164
0.4443742,0.3071046,-0.4235460,-0.4448869,-0.3890320,-0.2676331,1.6787184,0.2905612
1.5100189,1.1160522,0.7210565,1.0552094,0.9635606,0.2907363,1.1557157,1.3517690
-0.6519160,-0.5075737,-0.9850495,0.1142899,-0.2406629,-1.6441159,-1.1019123,0.0010064
-2.5187273,-2.4665630,-2.5794823,-2.3434634,-1.7141900,-2.9325235,-3.0228686,-1.0556966
1.0530390,1.1406038,0.5573164,0.0070077,1.1395310,0.3376883,-0.1963819,2.0261998
0.4936724,2.5712993,1.1714988,1.4835569,1.6880705,0.8789861,0.9117849,2.9396887
-4.1348681,-1.0817719,-2.3538034,-1.1860503,-2.3348255,-1.6523733,-1.9387734,0.1786850
-2.1216481,-0.7692058,-1.4887941,-0.2119658,-2.2055027,-0.4385593,-0.8715410,0.2611998
0.2220222,0.0369860,0.3874232,1.2200197,0.0371804,0.6754479,0.5096136,0.4460270
0.0736221,-0.3218791,0.8382736,0.4634434,0.1195997,1.0254302,0.2448956,0.4694192
-0.2212573,-0.5068334,0.1837854,-0.2255384,-2.1333425,1.1530100,0.1386645,-0.8497706
-0.1111555,-0.3200047,0.3642148,0.4810024,-1.6387695,1.2601938,0.4497054,-1.3786907
-0.8416578,-0.4532308,-0.1368875,-0.8593082,-0.4417037,-0.3152372,-0.9106725,-1.8039206
-1.1088732,-0.2936509,-0.3548000,-2.0375237,-1.8775015,-1.3570732,-1.7851884,-1.8238038
-1.1577138,-0.6450834,-0.1136013,-1.2434734,-2.1655447,-0.6171392,-1.7490146,-1.2316856
0.1327742,0.1764039,0.3508159,0.7629592,0.6479331,0.3666731,-0.6010556,-0.5337342
-0.5308912,-0.9341854,-1.5253758,-0.3461512,-0.6591215,-1.3356720,-0.7592685,-2.1603010
-2.5555305,-3.5336139,-3.7697999,-4.0349917,-4.7011628,-3.6925044,-2.9642160,-3.8306091
-0.0089434,-1.5005053,-1.1646957,-2.9674463,-3.0539901,-1.9839472,-1.6487064,-1.3784289
3.0080876,1.4964952,1.9094265,0.7422664,0.5005881,0.6256489,1.3169907,1.3590145
1.6542104,1.1105275,1.1319336,1.1807798,-0.1814469,0.2024838,0.2790420,0.4016052
0.2703353,0.9234606,0.7487410,0.3693249,-0.6364561,-0.0144693,-0.2452286,-0.5046945
-0.5830678,0.5772778,0.4777546,-0.3341367,0.9225738,0.2784458,0.2137270,-0.7536241
-0.6774645,0.5902070,0.8414247,0.2613450,2.3308332,0.8807835,0.7061675,-0.0395738
-0.4292394,0.5651898,1.4426069,1.2500471,1.5605816,0.8308791,1.8210100,0.0138258
0.2690882,0.4623296,1.1288569,2.4190977,0.8715114,0.2080611,1.4971044,-0.0666704
1.6410556,1.9963088,1.6687056,3.2309473,1.8823802,0.7792581,1.0818341,1.1359828
-0.1541188,1.0760181,0.2870500,0.4299059,0.7577191,0.0755408,0.4547906,-0.5037188
-0.4864351,-0.2925130,-0.4761593,-0.6367038,0.1648436,0.2469863,0.0886407,-0.1720609
1.5973657,0.5528377,0.7017136,0.4352764,0.7622709,1.6847032,0.5337242,2.3665247
0.6318921,-0.3177853,-0.3724700,-1.1787685,-0.5809760,0.4108024,-0.2060641,1.4867817
-1.9206578,-2.8394663,-2.7072074,-2.1980321,-2.0597310,-1.6484392,-1.6613009,-0.7047162
-1.9618531,-3.3591845,-3.0524113,-0.8336612,-0.8225017,-1.3276525,-1.0134192,-1.5447305
1.0496093,-0.3919883,-0.1006078,0.9412616,1.9755139,0.5973772,1.2247186,-0.0879996
3.3066790,3.9164603,4.4589539,3.1690285,3.6129568,3.3180225,3.0906193,3.7326238
0.0947666,1.7345339,2.5500178,1.6555946,1.7229289,1.9700971,1.1341451,2.4420855
-2.2558992,-2.3115468,-1.8027842,-1.0127887,-0.5358933,-1.0138810,-1.5785972,-1.2723200
-0.4856586,-1.6069883,-1.3509980,0.0349674,-0.7356587,-0.4801004,-0.9410743,-0.3373265
0.1345403,-1.3377826,-0.9358535,0.6408010,-0.0918207,-0.3909467,0.2558562,0.4773781
-1.4042869,-2.4119108,-2.5817542,-1.2822260,-0.1911372,-1.7301019,-0.5188088,-1.4705299
-0.8574614,-0.7136883,-1.1156301,-1.1477945,0.0200475,-0.2322107,-0.2970776,0.1353848
-0.0293084,0.2800337,0.3529351,-0.4313970,0.2771079,0.7987697,0.8008277,1.5077682
-1.3687477,-1.1853892,-1.3545017,-1.7969203,-1.4211434,-1.0122303,-0.3249816,-0.1769952
-1.9285949,-1.5909141,-1.9116961,-2.7283874,-3.3457708,-1.8364445,-1.9786216,-0.2235853
0.1283088,0.5726378,0.9674628,-0.3593188,-0.5595595,0.2592248,-0.0889008,0.7953933
0.5536228,1.7411196,1.5501400,1.4971426,1.8851783,0.8440687,0.8364524,-0.5553594
2.2508311,3.6409516,2.3553371,2.7981842,2.3744323,1.8217034,1.5581251,0.9183318
2.4925983,3.3017282,2.3877189,2.2321246,2.0909691,1.6471483,1.5962058,0.6028963
0.8554725,2.1997571,1.6267774,1.4551947,1.5442063,0.4634870,0.7854900,-1.4885834
1.7559341,2.9447398,2.3289907,1.3636551,0.7295529,0.5716638,0.5851936,-0.9342367
2.3907449,2.6030824,2.3565588,0.4302441,0.1419209,0.0463682,-0.1141100,0.4234521
-2.5514629,-2.1268687,-2.8086736,-2.8649180,-2.9936428,-3.6976659,-3.7491548,-3.5021837
-1.5927030,-1.6854237,-2.6998069,-1.3065941,-1.3411729,-1.8951222,-1.7600484,-2.2224247
2.3086054,2.6437871,1.3617718,2.2811725,2.9571412,2.0579755,2.5122015,2.8572960
-1.0362399,-0.5920852,-1.6229540,-0.9645423,-1.6018566,-1.0897619,-0.9840513,-0.5916011
-2.2416866,-4.4877553,-4.0719700,-3.8718114,-5.6566725,-3.1729717,-3.6572750,-3.9506552
3.3230569,0.9360407,1.8232458,1.1871561,1.0276076,1.6778358,1.4339947,1.9753532
-0.2067571,-1.0052109,-0.4602597,-0.9354284,-0.4241902,-0.5481027,-1.4191856,-0.9320045
-1.6980393,-2.8021443,-1.6748222,-1.9851798,-2.5171058,-1.0815052,-2.5635278,-1.4340470
1.3669558,0.6641285,1.5191195,2.2117541,2.6764483,2.0980375,2.0618780,2.7664115
0.5872400,0.1848695,0.5997392,1.4647987,3.5527256,0.9229799,1.8174011,1.4113717
-1.1899000,-1.7883886,-0.9432290,-1.7143734,-0.6869680,-0.8983034,-0.9177506,-0.6147281
0.4850719,0.2164870,1.7485114,-0.4128303,-0.6359337,1.2201833,1.1021179,2.0922828
-0.8339588,-0.4421040,0.4399042,-1.4831262,-0.8845912,0.3652748,0.5269801,0.5687097
-1.8685670,-0.9391000,-1.4185195,-2.1351929,-2.0439832,-1.0265841,-1.4536581,-1.8799284
0.4175952,0.4083002,0.3119688,1.3013515,-0.7324077,0.2367891,0.2068799,0.5139916
1.1308506,-0.0132916,0.9889189,2.3161449,0.9354862,0.6190308,1.4962105,2.4644673
