-0.5325648,0.0546147,-0.0079521,-0.4220577,-0.4574672,-0.3907280,-0.3720464,-2.2353857
0.6267444,1.0482031,1.3417184,0.9364501,0.4199833,1.2611372,1.6891935,2.4695803
3.5897407,3.6750154,4.0961063,3.1702883,2.6355475,3.5265028,3.6773707,3.6208963
2.7000830,3.2953496,3.6599879,2.5448320,2.4078414,2.9419982,2.4531467,3.8378748
1.1111260,1.7330677,1.8433483,1.1874550,0.9427746,1.2057529,0.9026230,2.3143196
0.7329595,1.0669847,1.2642078,0.6773007,0.4005909,1.0049905,1.1735286,-0.1454650
1.6787233,2.5785591,2.9322997,2.7773227,2.3999844,3.3655624,4.0882517,2.7087540
2.4577934,2.9742213,3.1970193,3.4707940,3.4882070,3.5620555,4.2588477,3.1166260
-0.2801116,-1.1983893,-0.9067181,-1.2118743,-0.1300131,-0.8943162,-0.9139146,-1.5785246
-3.0034090,-4.0726080,-3.7457089,-4.6543175,-3.5759178,-3.7132703,-4.4001616,-3.9484660
-2.5263307,-3.3331507,-3.1066782,-3.1899202,-3.1770600,-2.6206207,-3.7181162,-3.3100210
-1.6172861,-2.5558106,-2.3810076,-1.7403618,-1.8823081,-1.4058588,-2.0119414,-2.6023167
0.0846784,-1.0834472,-0.6953209,-0.7992464,-0.1718732,0.4164969,0.2630950,0.7787755
2.2781685,1.1525748,1.8123308,1.0573131,1.4954462,2.3805031,1.9185354,2.7485639
1.6104071,1.3837252,1.8740878,1.1122859,1.1809771,1.6683526,1.5543422,0.7850677
0.2889992,0.6993768,0.5590445,0.1536624,0.6520737,0.3497862,0.7168287,-0.0596775
-1.2326028,-1.1896644,-1.7444553,-1.5664276,-1.3167148,-1.5276559,-1.2271893,-1.4354729
-2.9857539,-2.9655016,-3.4331197,-2.9674632,-3.4468049,-3.0485189,-2.7712832,-2.4902040
-2.2702747,-1.0752058,-1.5878270,-1.1524859,-1.4246285,-1.2201280,-1.0919046,-0.9813755
-1.5544123,-0.2538958,-0.8905303,-0.6654592,-0.2029417,-0.9850903,-0.6067493,-0.8974575
-0.9535130,-1.0227169,-1.6848317,-1.6582042,-1.0559920,-2.3793864,-1.5453724,-1.0880342
1.5986244,0.9058114,0.5632024,0.6392937,0.7533832,0.1051657,0.7571933,1.3349880
3.0603263,2.0164572,2.2882044,2.4307326,2.0717875,2.1406070,2.4624184,1.1155952
1.1583567,-0.3045626,-0.1575859,0.4352851,-0.0548727,-0.1932139,-0.1492504,-0.2610048
-1.2946119,-2.2030180,-2.6305683,-1.7277301,-2.2126504,-2.8924661,-3.0263789,-1.0256568
-0.9243004,-1.0354647,-1.2099015,-1.0932033,-1.3684186,-1.6667433,-1.7060665,-1.1621730
0.8519146,1.4126856,1.7623781,1.3877797,1.1925681,1.7589642,1.4346096,0.6397368
0.1683850,1.5226996,2.0758557,2.3154532,1.5552891,1.9966054,1.4721329,2.1133242
-0.7774237,0.8031283,1.1326826,0.9593194,0.6035663,0.5152577,0.0593358,0.1519157
0.7790161,1.6631745,1.7626546,0.5909047,1.2988277,1.5483124,0.3532076,0.1308488
2.1750753,2.0249678,2.5846029,1.7902823,2.2197107,2.7016348,1.2254210,1.7208951
1.4186155,0.8154457,1.5479802,1.5748952,1.4647156,2.0495692,1.7959109,1.7739686
0.8140496,0.4932699,0.6048190,0.5911492,0.5076596,0.9016859,1.5391479,0.6360817
0.7018490,0.1809438,0.2083558,-0.0521253,-0.2552801,-0.5682066,-0.0562290,0.2964381
0.1376307,-0.6243090,-0.7496934,-0.6454840,-1.0144869,-1.3366724,-1.1436701,0.9758850
-0.6499834,-1.0300524,-1.9895879,-1.3461439,-1.4994308,-1.9756651,-1.9942865,-0.9633207
-2.2764425,-2.2427911,-3.3604314,-2.3888854,-2.5403081,-3.5533322,-3.5019439,-4.7438470
-2.7456578,-1.8632834,-2.5546664,-1.0928865,-1.5580800,-2.3009941,-1.6486520,-3.4798280
-0.8386115,0.8431742,0.3513317,1.6047212,1.6828206,0.8622631,2.0792421,0.3873231
-0.4990433,0.8676683,0.5199430,0.9023368,1.5806410,0.4927170,1.5270454,1.1452515
-0.7264303,-0.3644495,-0.6514798,-0.5151760,-0.4646417,-0.9067687,-0.3194942,0.5734446
0.2152889,0.1124234,-0.0930277,-0.3895077,-0.7343375,-0.7151573,-0.5292002,0.6506354
-0.7215475,-0.0319393,0.3311914,-0.4663773,-0.2135611,-0.3469527,-0.7322376,0.4211224
-1.7067879,-0.3894028,0.5763094,-0.0877947,0.4019441,0.5089260,-0.1526981,-0.1071862
-1.0850616,-0.3835136,0.0093946,-0.7894292,-0.3513746,0.1749490,-0.1800709,0.0155628
-0.4239819,-0.6310181,-1.2800069,-1.8705547,-1.2641177,-0.9254031,-0.8755080,-0.2620295
0.5805367,0.1496815,-0.6325009,-0.2880171,0.1215701,0.2397152,0.7663073,0.1817782
0.5354468,0.4573928,0.3450193,0.9164731,1.1264346,1.4234409,2.2761492,2.0126504
0.8026073,0.1523300,1.0234513,1.0373049,1.5995953,1.9641738,2.1348129,2.8563704
2.5453232,1.2240270,2.1654332,1.8824598,2.9999523,3.0315796,2.4597508,2.6985510
0.6535236,0.1984657,0.5079961,0.3408198,0.9561679,1.3640638,0.9915396,0.8809466
-1.5622788,-1.5398496,-1.2315454,-1.2747334,-1.7836321,-0.6369706,-0.6195843,-1.7030133
0.5793053,0.0490736,0.5532968,0.5917741,0.2144494,0.5164595,0.9477921,-0.5256204
1.4633430,0.8633450,1.0266943,0.9499338,0.8250685,0.1093004,0.4009356,-0.1050500
0.3313304,-0.0023286,-0.3742791,-0.3560582,-0.9998217,-1.1899587,-1.6833160,-1.2342173
0.6281572,0.3721921,0.3767358,0.2575763,-0.7340121,-0.0297394,-1.0701961,-0.6963231
1.3470442,0.8156545,1.5407950,0.4279567,-0.5491985,0.5641243,-0.5717644,-1.3491822
0.5558101,0.0721312,0.2578151,-0.8267225,-2.0099570,-0.9241258,-1.3818355,-2.8907573
-1.4637821,-1.5234135,-2.0318137,-2.2691037,-3.6903797,-2.7402642,-2.9608867,-3.7828231
-1.3255755,-1.8125974,-2.1268635,-2.4452509,-3.1165277,-2.5692545,-3.4067402,-2.8965956
0.7745880,-0.2587905,-0.2946037,-0.5817423,-0.9864936,-0.8397721,-1.3721861,0.0291312
2.5448630,0.8805252,0.7328677,1.0034951,0.1211889,0.1874290,0.2553798,0.7016080
4.2550993,1.5939505,1.2938287,1.9727373,1.2143745,1.1603095,0.9120422,0.6277701
4.2584844,1.9871196,1.9012050,2.6998599,2.2502533,1.9594723,1.5473699,1.9170517
2.0976796,-0.1120432,0.1705624,0.7511683,1.2969867,0.3144584,0.2627298,0.3391531
0.8582145,-2.2463609,-1.5035031,-1.0513765,0.4027665,-1.4331755,-1.5158420,-1.0912077
1.2030408,-0.1337125,0.6472418,1.5042028,3.0560413,0.8843005,1.0982643,1.7748012
1.0216514,2.4234622,2.2633931,3.6897784,5.2671320,3.5795182,4.7706136,3.7136764
0.3849486,2.0762540,1.3249141,2.9034470,3.7481673,3.1107316,3.9455139,3.4084215
-0.8858564,0.8406137,0.2094052,1.8214156,1.9170601,1.4830572,1.2630339,1.7816356
-2.7042912,0.1338935,-0.7342310,0.8097618,1.1288427,0.3370815,0.5643032,0.1771502
-1.4815829,1.6972012,0.9436163,1.6226602,2.4347569,2.0229234,2.5604443,2.9866489
-0.5911242,2.0010133,1.9502955,1.5302136,2.6408036,2.6004831,2.8434879,4.0190811
-3.1791107,-0.9465202,-0.8219050,-1.6953555,-1.3535174,-1.1096019,-0.4212350,-0.4854800
-4.1153300,-1.7338462,-1.4637128,-2.5127664,-3.3517611,-2.3513469,-1.9850452,-1.0590955
-3.9770867,-1.5771601,-1.0311400,-2.0742610,-2.7053380,-1.8057376,-2.2850462,-0.3791329
-4.5486952,-2.8471520,-2.6086113,-3.1394555,-3.2512081,-3.1271587,-3.1847612,-3.1158612
-3.3196740,-2.9341809,-2.9135824,-3.2861197,-3.0800002,-3.1853448,-2.4263009,-3.5765371
-1.2522721,-2.6825391,-2.3712316,-3.0131286,-2.5470899,-2.6055222,-1.7398053,-2.6691336
-0.5702234,-2.4764659,-2.1864325,-2.2634135,-2.9829085,-2.3259520,-1.9804073,-0.7238257
-1.4340141,-1.8933519,-2.2192423,-1.4697978,-2.8684798,-1.6118791,-1.5488801,1.3429770
-1.7912631,-2.4658537,-2.9122375,-2.6948633,-2.9372393,-2.4068880,-2.1496723,-1.7519684
0.0508105,-1.9717130,-1.9902578,-3.0141425,-2.7034790,-2.9199565,-2.8050720,-3.6315180
1.0890723,-0.0387931,-0.1124663,-1.4425948,-1.2727072,-1.7995190,-1.8182224,-1.7956358
0.0941983,0.0616443,-0.0501300,-0.7502666,-0.6061266,-0.7957690,-0.4907865,-0.9307175
0.2019067,0.3128964,0.3118680,-0.0651286,0.3958009,0.9999896,0.9153990,-0.5659576
-0.2499998,0.5428090,0.5028502,-0.4129380,0.4122665,0.9737670,-0.0212219,-2.3146758
-2.1355424,-0.6583028,-0.6927740,-1.5190416,-1.6155038,-1.2985636,-2.2162687,-3.5720510
-0.7305094,1.4665653,1.3053736,1.3185064,0.6231377,0.9290032,0.0137033,0.6203567
3.0794097,5.7972381,5.7462404,5.3501496,5.1745086,5.5094419,4.2223497,4.1016289
3.9485386,5.5409828,5.7816976,4.7920210,4.2382994,4.9254267,4.3140520,2.4191230
2.9330027,2.9318283,3.0302441,2.4227154,1.5444514,2.5615225,2.4343762,1.4840607
1.9140027,2.2909689,2.0815876,1.5385173,1.5206107,2.4792819,2.0993614,2.3013442
0.4288172,1.8036082,1.2935854,1.1829831,1.5744423,1.8957919,1.8434811,1.4526083
1.0922488,1.4679683,1.0263723,1.5886888,1.9035070,1.4195669,1.8543145,1.0126581
1.3062365,-0.3030863,-0.0752264,0.1332800,0.9446571,0.1426863,0.5120149,0.2135198
-0.9691289,-2.8552986,-2.3295495,-2.0192669,-1.4994236,-1.8902209,-1.4386398,-1.9030096
0.1036421,-0.9660136,-0.5640371,-0.0706881,-0.5502069,-0.2389464,0.4181482,-1.1415258
3.0678520,1.2130738,1.9457941,1.6934216,1.2302182,1.5474895,1.5912672,0.6669247
3.6404447,1.0273496,2.2441706,1.9313905,1.7080602,1.8158121,1.1191803,2.4675544
3.1953108,1.6420110,2.4096299,2.6684836,2.4186578,2.5994556,2.1658846,3.8548634
1.1109729,0.1052023,0.3894475,0.9499595,0.3073587,0.6148055,0.8482566,0.8688272
-0.4331617,-1.4992135,-1.0431001,-1.1420736,-2.2919122,-1.4576072,-1.2113159,-1.0733234
1.2872537,0.5640775,0.5411833,-0.1209625,-0.5562214,-0.0481738,-0.0841119,1.6324851
2.2489871,1.6681027,1.2356519,1.8671129,1.8287822,0.9231592,1.1605806,2.5547890
1.2465423,0.9647399,0.6424557,2.4342759,1.6391843,0.2332269,0.8354629,1.0931893
-0.0181394,-0.1572742,-0.5630275,0.9163763,-0.0305002,-1.1094535,-1.1014363,-0.8566940
-1.0703327,-1.3140789,-1.5365351,-0.8955342,-1.3161048,-1.8766878,-2.6272486,-1.3931141
-1.0892435,-1.2725008,-1.5543113,-1.8474705,-1.3637714,-1.8604151,-2.1259733,-1.0531222
-1.8349977,-2.2209924,-2.5974879,-3.0802453,-2.2768621,-2.8444219,-2.4307598,-1.5398077
-1.6313444,-1.7244146,-1.6665167,-1.6954065,-1.7336716,-1.2583136,-0.8615821,1.1924944
0.0507674,0.4604984,0.2433347,0.6373417,0.5643076,1.1226491,1.3472146,2.6565318
-1.8899297,-1.0570739,-2.1389957,-1.9006024,-0.4177637,-1.4751873,-1.1964947,-2.2573508
-4.5147521,-2.9383778,-4.0113174,-5.0266064,-2.0226398,-3.6477623,-3.0052737,-4.7903206
-3.7836096,-2.9172764,-3.0482369,-3.7676370,-1.3765565,-2.5608475,-1.9782807,-3.0366658
-2.3854596,-2.9630148,-2.7339484,-0.9021471,-0.6452025,-1.5551831,-1.1210418,-1.9528189
-2.3651506,-2.3432783,-2.9785106,-0.3968146,-0.9273545,-1.6585685,-0.8461759,-2.3544589
-2.2476160,-1.2291005,-2.2318276,-1.1490517,-1.1978491,-1.8734814,-1.2957090,-1.5694465
-0.8478557,0.0204260,-0.6510779,-0.5869893,-0.5464772,-0.9785845,-1.0513538,1.1224828
-1.2953008,-0.5204889,-0.9689808,-0.8983579,-1.1490476,-0.9789770,-1.3480109,0.0093733
-1.1351980,-1.0651463,-0.9686592,-0.9025685,-1.5544954,-0.3553374,-0.9041219,-1.8973638
1.6135135,0.8304285,0.9496711,0.6838355,-0.1334076,1.6319931,1.6835125,-0.1524583
1.8899186,1.7708924,1.6625428,1.1546234,0.6307127,1.5515828,2.2943746,0.7509100
1.2115912,1.9418029,2.3597620,1.8324769,1.4775863,1.6176469,1.8540140,2.6545774
1.8184791,1.8857436,2.5489953,1.8032546,1.7458568,1.9908651,1.4821147,3.3859243
0.9992523,0.0846586,1.1359226,-0.2186410,0.1986156,0.6869394,-0.0377228,-0.8958093
-0.0497266,-0.4391400,1.2011336,-0.3753616,0.2397725,1.0602047,0.5489178,-1.5319614
1.0780463,1.0958340,2.2905619,0.6564005,1.7226661,2.7670043,2.5782257,1.4004317
2.2805119,1.1909455,2.1168663,0.7034371,1.5228407,2.5220077,2.2924384,1.6630513
2.1511677,1.0005030,1.7444242,1.4549879,0.8100639,1.7261830,1.1523990,1.7485929
1.9299808,2.5340093,2.3115811,2.2808044,0.9252955,1.5786573,0.6840375,1.7527039
1.5213695,3.0021175,2.7549673,2.1660636,1.1919499,1.5066611,0.5796636,1.8044199
0.2284584,0.9942691,1.1367963,1.1524895,0.5274530,0.9723124,0.2065056,2.2114213
-0.2972534,-0.1705530,-0.5109509,0.2518223,0.0024461,0.7251916,0.1399605,1.0279760
1.1621361,0.7349828,0.4590169,1.1814692,1.3160972,1.8217107,1.3930888,0.5771807
0.7127165,-0.4010425,-0.1565171,0.4578986,0.4253820,0.2843727,0.1041261,-0.6860051
-2.1676425,-2.8372350,-2.9084618,-2.4902418,-2.5064130,-3.4939346,-3.2404588,-3.1652039
-1.5539570,-1.9030413,-2.6762122,-2.0440044,-1.7420504,-2.9496644,-2.7424966,-2.3348183
0.3386696,-0.0780414,-0.9243105,0.1041923,0.0784699,-0.6390277,-0.5483706,-0.5053785
-1.1119774,-0.0101389,-0.2719704,0.1397548,0.0309671,-0.2054802,0.3876660,1.0279647
-2.1272874,-0.1224251,0.0379846,0.0300241,0.0092433,0.1721181,0.7554171,1.7394001
-2.3534438,-1.0019884,-1.0749331,-0.8127686,-1.5187407,-1.5275647,-1.3224086,-2.1803130
-3.0749871,-1.8941405,-2.2513727,-1.9003595,-2.8936143,-3.4349289,-3.4038485,-5.4030109
-2.1993875,-1.1053238,-1.0960315,-1.0145826,-1.3927174,-1.7368614,-1.8997897,-3.4400325
-1.1933116,-0.4370551,-0.0749880,-1.0417293,-0.6980879,-0.5670182,-0.2220153,-1.4278013
-0.7374683,-0.3103332,-0.2036536,-1.0605733,-0.7443581,-0.9370231,-0.1193924,-0.6971834
0.7707923,1.0330771,0.7011014,1.0933071,1.3140108,0.4565842,0.8747858,1.2030244
2.9079030,2.8414600,2.6352617,2.6112705,3.3307631,2.4178197,2.4323660,3.2747218
4.0667136,3.2028175,4.1066962,3.2924824,3.5050306,3.5022681,3.2219885,4.4834816
3.2438980,2.9447216,3.8781843,3.3179126,2.8178490,3.5528779,3.1801526,3.7007671
1.1094002,2.0217276,1.3538224,1.3266943,1.2767408,1.4771145,1.6812417,0.8109860
-0.7887440,-0.3251372,-1.4662075,-1.3883182,-1.1977717,-1.3852563,-0.3172878,-2.0740674
-1.3699382,-1.4908919,-2.0237211,-2.4281906,-2.4943762,-2.3286132,-1.0627603,-2.8079073
-0.1226042,-0.2943441,-0.0012999,-0.9870575,-1.0723658,-0.7944161,-0.4208117,-0.5877008
1.7919040,1.0722791,1.9763015,0.8536825,0.6618922,0.8777528,0.5546889,1.1923401
1.2053026,0.2406369,0.4551509,0.2684697,-0.1003568,-0.0976608,-0.2645720,0.8468952
-1.1113423,-1.8233852,-2.0491214,-1.2547810,-1.1958139,-1.5680370,-2.0398970,0.3805280
0.0883489,-1.4522525,-0.9610526,-0.5404510,0.0553677,0.1316575,-0.6910700,0.4038999
3.6060325,-0.0605592,0.9251965,1.0562301,1.3411265,2.2049185,1.7010112,1.7167729
3.3534941,-0.9606407,-0.4559621,0.4753245,0.2121220,0.3389233,-0.0611062,1.6164190
1.2730429,-1.8187365,-2.1252577,-1.2912364,-0.8481799,-2.0875349,-2.3310018,-0.6036605
1.0743515,-1.4529405,-1.5848226,-1.3932569,-0.3766502,-2.0293452,-2.0286174,-1.6292484
0.0940234,-1.9272985,-1.7720738,-0.6679571,-0.5006161,-1.8985353,-1.9356262,-2.1736607
0.3763686,-1.1841140,-1.6206955,0.4306450,0.6519935,-0.5352557,-0.3596711,-0.9771478
2.2245003,0.3068576,-0.3245295,1.4226574,2.0655462,0.6324683,0.9268505,0.2493571
0.3293144,-0.0393991,-0.6934642,0.5056563,0.3176180,-0.6725522,-0.6600410,-1.0173568
-1.3301821,0.3404647,-0.9195228,0.3513172,-0.1329339,-0.0847477,-0.2904199,0.2409610
-1.1809823,0.5534587,-1.0455220,0.8260563,0.6630363,0.7015775,0.3550688,1.0167330
-3.0896047,-0.1669512,-1.6691519,-0.2473690,-0.5292159,-0.7222547,-0.7656690,-1.6780712
-3.1769379,0.8071780,-0.0353321,0.0640756,-0.4761142,-0.3238729,0.1472278,-1.6745158
-1.1318666,2.2564388,2.4149743,2.0434395,1.3676449,2.0188065,2.3168453,1.6884652
-1.5067403,2.3418052,2.6037291,2.1334211,1.8561547,2.6781887,2.7718471,2.2680506
-2.3643165,1.1294517,1.3458341,0.7812514,1.2127265,1.1797131,1.5013683,-0.1847493
-2.8797932,-0.8653246,-0.2736322,-0.6982401,0.2011993,-0.4612085,-0.0197937,-1.0702198
-4.7104979,-3.1554409,-2.5190434,-3.6250940,-2.6517981,-2.6440339,-2.3074844,-3.1136981
-4.9779804,-4.0362697,-3.1679450,-5.2422582,-4.6747697,-3.9123878,-3.7440298,-4.7373035
-3.0441803,-2.0581794,-1.0867697,-3.1304167,-3.0694982,-1.9951792,-1.8886418,-1.3725856
-0.1492840,1.7537305,2.3910003,0.3019125,-0.2896984,1.1126482,0.9448974,2.3840137
1.5980465,3.7639185,3.8811234,1.6670896,0.3934683,2.1958950,1.8137582,2.8869570
0.2064734,1.4771644,1.2304316,-0.3500482,-1.2867872,0.2798126,0.1075532,1.6369038
0.1871970,-1.2162200,-0.7774770,-1.6298752,-1.7771940,-0.9713587,-0.8558620,0.8108674
0.9206491,-1.8943506,-1.0551774,-1.0452319,-1.4238054,-0.7024590,-0.0744623,-0.1023031
0.0165282,-1.5149238,-1.3836096,-0.8170745,-1.6497326,-0.7366467,-0.3209552,-0.7663969
1.6678696,0.8305427,0.6996769,0.6257112,0.4731221,1.1221611,0.8936389,0.9730937
4.3640457,2.7935394,3.3856030,2.3368126,3.0221633,3.6766345,3.7334667,3.5464727
3.5297250,1.3427398,2.2523404,1.1659559,1.5995108,2.6993885,2.7338772,2.6673846
0.8369624,-0.5638539,-0.2563780,-0.8316896,-0.3562966,0.6737613,0.3985915,-0.2279341
0.6890288,-0.1650348,-0.0852462,-0.1112731,1.0253742,1.3583541,1.2202138,0.9945666
1.8130448,0.4150462,0.1148415,0.8547565,1.9100709,1.8471352,1.3356775,2.6054926
0.6633802,-0.5223931,-1.5683990,-0.7759356,0.0731324,0.1480885,-0.7213320,-0.3264619
-1.0057386,-1.9849765,-2.8132182,-2.1678560,-1.8877212,-2.2969623,-2.5091411,-3.7658083
-0.9252806,-1.7711066,-2.0779541,-0.8713394,-1.5578889,-3.0047840,-2.5343722,-3.3410173
0.1702972,0.0674479,-0.1564903,1.0798055,0.5108358,-1.0427724,-0.7273437,-0.7156565
0.6808646,0.2352390,0.3211356,1.1290603,0.7998610,-0.5113106,-0.9248213,-0.6506789
1.3495773,0.2647939,0.7137735,1.3588241,0.6071111,-0.8489270,-1.7641351,-1.0283760
2.2279188,2.0673829,2.2749491,2.6499201,1.9292517,0.6902560,0.4434537,0.2913902
0.7246190,1.5865117,1.5964770,1.8813833,1.5251896,0.7384061,1.1288778,0.6123966
-1.3348065,-0.2395316,-0.0546351,0.4136918,0.3556936,-0.6944973,-0.7493347,-0.1622532
-0.0359850,1.0207954,1.2066130,1.7099464,1.9480664,0.3750006,-0.0429765,0.5536328
1.2420055,2.2646916,2.4874087,3.1224226,3.2058613,2.5473253,1.8260713,2.3451761
-0.7339595,0.7185545,0.8362349,0.8152042,1.1265716,1.8482377,1.0753528,0.7008856
-1.0540930,-0.1001599,-0.2280599,-1.2041782,-0.6390936,0.3767756,0.4038256,-1.1399681
-0.2018580,-0.7423635,-0.5247485,-1.2360015,-1.5659851,-0.3442586,-0.0745814,-0.9379787
-1.4945592,-2.1380578,-1.7332424,-2.1859716,-2.5521889,-1.3325040,-1.6898596,-1.6087476
-1.6974018,-1.2893129,-1.3519363,-1.5351194,-1.2797010,-0.7772882,-1.3560102,-0.5409212
-0.7802160,0.0768584,-0.0659938,-0.0650766,-0.1909159,-0.5701684,-0.6836520,0.7159383
1.7238407,1.8638293,1.7739304,1.2766922,0.9284004,0.2066672,0.6369914,1.9871107
4.4201122,3.7810107,3.3051540,3.0571214,2.6304875,2.8882059,3.5021998,3.5807321
1.8171838,0.9943903,0.5500313,0.7079796,0.2391907,1.3663925,1.9874513,0.5764897
-0.6617236,-2.0347168,-2.1422706,-2.1856563,-1.7778996,-1.1667973,-0.4719383,-1.5301177
0.6351481,-0.8166826,-0.9424401,-0.9501369,0.0495891,0.0554524,0.4729464,0.2448952
0.1587278,-0.0563196,-0.4520494,-0.3718907,0.0750375,-0.0163860,-0.3243462,-0.4658923
-0.9397320,-0.3648586,-1.0848205,-1.0535524,-1.0820497,-1.2401701,-1.4730870,-1.4855505
-1.4160465,-0.8076881,-1.4096325,-1.2135279,-1.4531489,-1.5593964,-0.8361855,-1.3007015
-2.8519666,-2.4091545,-2.4204625,-2.2347703,-2.4471271,-2.7717825,-1.6361519,-2.7799702
-2.7778073,-2.6961149,-2.2285255,-2.5162629,-2.2465232,-3.0654003,-2.1254937,-2.0205923
-1.8489643,-0.6310337,-0.5298192,-0.7693492,-0.8061085,-1.2952726,-0.7128894,-0.1472217
-0.8602993,1.2085686,0.7440467,0.8636486,0.4940956,0.3618038,0.3182189,-0.0342427
1.7127250,1.9931990,2.2162850,1.9794596,2.0411690,1.9708119,1.2703483,2.3242217
2.6161135,2.1306773,3.0653958,2.5811246,2.5444968,3.1661960,2.5138774,3.3392062
1.1724258,1.3958249,1.7396459,1.7429246,1.6705684,2.3817129,2.6533433,0.7005275
0.9061078,1.2113331,0.6783088,1.2477605,1.2371232,1.2128017,2.1611913,0.1974648
0.9690115,1.6958347,1.0533211,1.8474303,1.6975320,1.0472761,1.5547458,1.5447471
0.0976786,0.0724036,-0.3984347,0.5347432,0.7508043,-0.2389279,-0.6015081,-0.0418956
-1.3115798,-2.7290579,-3.6876754,-2.6883927,-2.2994928,-2.9987503,-3.2686113,-3.0704240
-2.8546111,-3.3485483,-4.0963564,-3.5425130,-3.2126049,-3.6366995,-3.3928802,-3.2913264
-2.4891687,-2.3801555,-1.7357606,-1.8462992,-1.4285582,-1.7336550,-1.8683775,-2.2274807
-0.6788640,-0.8178914,0.1590268,-0.1637034,0.1775185,0.4433578,0.0071618,-0.7268624
0.2269737,0.9009203,1.4847387,1.0054244,1.1067380,1.9667121,1.3909814,1.5962094
0.9878332,1.4955113,2.0976254,1.3238635,1.2713701,1.8669883,0.9404437,2.5151586
1.6056593,1.6632172,1.8606692,1.5120840,1.5335327,1.2120322,0.8416480,1.9927744
0.8146277,0.9665893,0.7586749,0.8725663,0.6697819,0.6022468,0.7856925,0.7395545
-0.5959877,-1.0299759,-1.1107324,-1.3483161,-1.6151913,-0.8501274,-0.8877920,-0.6897758
-1.3198975,-1.9199685,-2.0077491,-1.9132428,-2.1921303,-1.7573075,-1.6430717,-1.5435077
-1.3052589,-2.1733275,-2.5802819,-1.2952561,-2.2284600,-2.1002601,-1.5970307,-2.6648380
-1.1922825,-3.2513323,-3.7247283,-2.8139280,-3.1988917,-2.9753383,-2.8324016,-3.2200763
-0.2267122,-2.8148806,-2.8794882,-3.4990084,-2.8275822,-2.4844534,-3.2667887,-1.3428486
0.7678584,-0.5496360,-0.4813208,-1.1959489,-1.2976452,-0.4318868,-1.5226981,0.1388371
0.1703952,0.4164506,0.6562906,0.1167047,-0.5719771,0.3838228,-0.1788304,0.4134977
-0.0789153,0.2192820,1.1640349,-0.4730681,-0.1323982,0.4919192,0.5478500,1.6401930
0.8643959,0.8673691,1.7923104,-0.1225252,0.8565570,1.6036266,1.9790507,2.1336650
2.3775247,2.8119311,3.1514326,2.1446327,3.0945298,3.3873421,3.6198546,3.3080925
2.4449326,3.7923801,4.1608786,3.5986989,4.7113659,3.7333183,3.8269022,5.4221365
0.2538479,1.7803097,2.2233485,1.9440480,2.4782724,1.3153391,1.6719741,3.8256053
-0.2087252,0.5988258,0.7039058,0.6012666,0.2380330,0.0110898,0.4819097,0.8281688
-0.2143247,1.0858212,0.8283817,1.1454106,0.0775952,0.5559135,0.9856459,-0.4347638
-0.6741222,1.0084962,0.5295344,2.1883753,0.4438345,0.6684994,1.2932584,-0.7137662
0.2577102,0.7139228,-0.0435100,2.1859633,1.1809865,0.1988373,0.7171343,-1.3963018
-1.1436352,-1.3548201,-2.1710312,-0.9527922,-0.8867564,-2.2263677,-2.2369385,-3.7724625
-2.7664966,-2.5696663,-2.6392142,-2.5438673,-2.5206780,-3.1290745,-3.1759794,-3.5851634
-1.0413398,-0.4150730,0.0357526,-0.0331711,0.0604548,0.0778236,0.4486237,0.1429484
0.8147134,1.3700168,1.4911797,1.6616116,1.7069112,2.5804881,3.1176041,3.0687131
0.8424603,0.7979936,1.1474602,1.0248208,0.8307044,1.8821538,1.9544213,3.0703946
0.5666506,-0.7928123,0.2731357,-0.3215414,-0.3152187,0.0165700,-0.8699411,0.0877718
2.7568102,0.1465755,0.9408383,0.3883585,0.2373439,0.1925229,-0.8267605,-1.5935295
5.3416903,2.6789724,2.8362176,2.9633195,2.8307796,2.1357212,1.8003754,-0.1606209
4.4728382,1.5949463,1.8473812,2.6717243,3.0767935,1.3911546,1.5395352,0.0154608
1.6761624,-1.5216203,-1.4154584,-0.4629825,0.0397411,-2.1186612,-1.6981725,-2.1758135
0.9797957,-1.5474071,-2.0161995,-1.2188812,-0.5865714,-2.6909047,-2.6590512,-2.2779843
2.2367932,0.7138900,0.0234347,1.1481795,1.7858042,-0.0115706,-0.4313689,1.3750351
2.0426965,2.1604642,1.1762043,3.0410427,3.1487231,1.8702890,1.6820601,3.7256101
-0.1226052,1.5095449,0.3144082,1.8839508,1.7701935,1.6321042,1.3821917,0.8557829
-2.9055459,-1.0806568,-2.0111286,-1.5709391,-1.9136640,-0.7834726,-1.4126112,-2.6819604
-3.5978229,-1.9116081,-2.4922236,-2.4584644,-3.2833744,-2.0656906,-2.6031941,-2.1884639
-1.6054707,0.1033323,-0.2303602,-0.2297023,-0.9983223,-0.3714966,-0.5961659,-0.0963233
-1.8366349,0.3528182,-0.0593195,-0.2274936,-0.8932707,-0.0747996,-0.3176092,0.5089144
-5.4002984,-2.5510239,-3.0157548,-3.1701719,-4.0170351,-2.7521976,-2.9441520,-1.8957636
-5.2111262,-2.9953212,-3.0550047,-3.4989582,-3.8051205,-2.5674247,-2.4908431,-2.2512928
-0.3725747,0.4636426,0.8344996,-0.6565855,-0.1084464,0.9866443,0.8735959,1.5529980
0.1686768,0.4390926,1.1559523,-1.3218488,-1.1011759,0.1145610,-0.3081965,0.4171851
-2.1102018,-1.3140077,-0.9309394,-3.0510033,-3.6361909,-1.9991534,-2.2322438,-2.6274489
-1.2600446,0.0270655,-0.1224823,-1.0578691,-0.8722552,0.0906920,0.2081159,-0.8133499
-0.9131911,-0.0437649,0.4718924,0.2393018,1.3442435,0.6548269,1.2339129,-0.0097407
-1.4246600,-0.8562632,-0.1739984,-0.1875803,0.1114985,-0.9481680,0.1506737,-0.7995116
-0.6566831,-0.4323460,-0.2984044,-1.0269366,-1.0615041,-1.2079838,-0.2921797,-0.4321645
0.1568445,-0.4063658,0.0281589,-1.6399245,-1.1535037,-1.0492117,-0.7076247,-0.2228880
0.3512103,-0.2318748,0.3726224,-0.9293312,-0.6790808,-1.1954945,-0.8658118,0.1727541
0.4274762,0.5035532,1.0564840,0.3628241,0.1918339,0.1259491,0.6626894,0.7501983
1.1275319,1.8164735,2.1962158,1.9033481,2.0266061,2.6263805,3.0845832,0.7818694
0.5260668,1.4668259,1.1164809,1.3430145,2.2997964,2.1202230,2.4413874,0.6414113
0.0819445,0.4476625,0.0999137,0.0938539,1.4125910,0.9479851,1.0372196,1.5698606
1.9483270,1.4099951,1.6599851,1.1556890,1.9968978,2.3865989,1.9460933,2.5898861
1.8446328,1.0128796,1.2412794,1.0945761,0.7332393,1.7171310,0.8306386,0.8979425
0.3045097,-0.5095914,-0.2506593,0.6376505,-0.7294347,-0.1084665,-0.9125505,-1.3876053
0.0092755,-0.4473227,-0.3740216,1.3121768,0.4497233,0.2964686,-0.1618405,-0.8986480
-0.6134479,-0.8571747,-1.5269445,-0.0654930,0.0933030,-0.3626014,-0.7986004,-0.6394027
-0.2351961,-1.6782197,-2.2824946,-1.5404165,-0.8119834,-1.4118459,-1.6103060,-1.9719110
2.1428677,-0.0606599,-0.2768560,0.1199952,0.8297190,0.6282486,1.0678832,0.5919581
2.1892165,0.9056712,0.8711746,1.0076307,1.1913286,1.5158223,1.6334162,2.8012455
-0.1177282,-1.1799631,-0.6808571,-0.6924776,-0.7392716,-0.9858938,-1.2783446,-0.6741930
0.2167656,-1.4187717,-0.9574570,-0.7466882,-0.9360534,-1.6406193,-1.3330995,-1.4215235
1.5307128,-0.0976769,-0.1976077,0.1851864,0.0124298,-0.4948060,0.0555980,1.0930199
0.3819876,-0.7955798,-1.1218641,-0.3344779,-0.0948811,-0.6334692,-0.1188691,0.5377423
-1.6292897,-1.5018860,-1.9552859,-0.6578610,-0.5057866,-1.0014456,-0.3691062,-0.6507316
-1.5072988,-1.0144811,-1.1981065,-0.4255701,-0.6891911,-0.5938840,-0.2407015,0.7255633
0.1520601,-0.7704366,-0.5069678,-0.8521799,-1.0861743,-0.5276135,-0.4785553,0.7809243
0.3223544,-0.5060044,-0.3768641,-1.2994349,-1.2221401,-0.9695081,-1.1568616,-1.6523965
0.2894015,0.7756209,0.9002988,-0.1573023,0.1614812,0.0553937,-0.3504158,-0.8868566
1.1093211,2.6106786,2.9070936,2.1715612,2.5208006,2.5069483,2.2674235,2.9465118
0.7358582,3.0020784,2.9315677,2.9952250,3.0177219,2.9972643,2.6638164,3.2598590
-0.3121514,1.1031189,0.9962892,1.5060900,1.0680637,0.8887925,0.3539131,0.0997865
0.4108747,1.6191951,1.9200582,2.2627598,1.5057671,1.5599637,1.5134787,1.7847913
1.4913481,4.4775236,4.5585120,4.3106843,3.5592595,3.8117679,4.0692024,4.6717080
0.5662619,3.0883551,2.9050941,2.0350722,1.9320666,1.9107273,2.1245779,1.0913869
-1.2679398,-1.3831608,-1.3087337,-1.5818022,-1.6893417,-1.5996942,-1.5561834,-2.8659373
-2.5858852,-3.8583657,-3.8871560,-2.8911644,-3.8746142,-3.6479108,-4.0669307,-3.9880740
-1.0709162,-2.1719021,-2.5522015,-1.5791946,-2.4629348,-2.5609451,-2.8750608,-2.4203356
1.9705387,0.4717505,0.0725899,0.2176168,-0.2134294,-0.1063281,0.2074252,0.0718791
0.8015060,-0.9388035,-1.4058615,-1.6984640,-1.7735316,-1.6997868,-1.2297155,-0.8692269
-1.6545066,-2.2314245,-2.5173568,-2.9942026,-2.4065562,-2.9398620,-2.7108387,-2.0484428
0.2071735,0.2275421,0.5054763,0.0186122,0.6739176,0.4943588,0.5502000,-0.1732601
1.7002879,1.4154734,1.6397956,1.1597745,1.4151397,2.0417512,1.7886910,0.9379294
0.0422429,0.0848352,-0.2383433,-0.8964184,-0.9472028,-0.0170868,-0.4692033,-0.9041268
-0.2572500,-0.0492956,-0.4175269,-1.0912111,-1.0676177,-0.3601544,-0.5945177,-1.1658535
0.4234612,0.4336685,0.3420459,0.1901423,0.5863524,0.3636303,0.4094653,-0.1435974
-0.6615532,-0.8005046,-0.9178759,-0.3889462,0.0620388,-0.7499305,-0.4755663,-1.3402978
-1.8133764,-1.9028312,-2.0046367,-1.2871019,-0.8690004,-1.2688870,-1.2271816,-1.3230566
-1.0438609,-1.0113453,-0.9148019,-0.4916288,-0.1871246,-0.1695402,-0.7440034,-0.8257818
-0.0545392,0.2509622,0.0444706,0.1882799,0.2780191,0.4051085,-0.2019551,-1.6483787
-0.6493289,0.3239191,-0.2380923,0.0902646,0.4598207,0.4501904,0.2593797,-0.6979174
-0.7404408,0.0344195,-0.1553889,0.4045291,0.7025132,0.2890572,0.3589742,0.6798611
0.9499735,1.2584926,1.4980897,1.6523006,1.1896831,0.7238944,0.8443171,2.5698758
1.5801096,1.8243141,2.2709787,2.0789077,1.0326268,1.2669853,1.5694101,3.8647688
-0.3614333,-0.2454779,0.2410413,0.2318457,-0.3396789,0.2200986,1.0361594,1.8087354
-1.0196339,-0.3792385,-0.1356239,-0.2179187,1.1026751,0.5263407,0.8926618,1.8123897
0.6440672,1.3416216,1.6583040,1.5556781,3.2384509,1.8324697,1.3575676,2.8114933
0.3516925,0.8633882,1.2801440,1.2710089,1.2770383,0.5060366,0.7137188,0.1768822
-0.8286715,-0.2746079,-0.0744063,-0.4595254,-0.8552309,-0.7834742,-0.2458131,-1.3798141
-0.3270126,-0.9827548,-0.7137031,-1.2336688,-1.5016684,-0.8739399,-0.9139654,-1.4546940
0.0421907,-0.9064020,-0.3371325,-0.8743210,-1.4556633,-0.5904171,-0.3331659,-1.5675754
0.4369814,-0.3298873,0.4335201,-0.2488883,-0.5960435,0.3287872,0.5771075,0.3388202
0.1970937,-1.5909261,-1.7115352,-1.7099622,-1.8081622,-1.1226678,-1.5776506,0.4032591
-0.5199102,-1.4855653,-2.9271084,-2.2685072,-2.2358563,-2.4582229,-2.6629345,-1.2313042
0.4333957,0.7187540,0.0424099,0.3519074,0.0641546,-0.3478036,0.0638493,0.4816366
0.9713952,1.3162818,1.9163707,1.9570678,1.0360193,1.5218396,1.5170794,2.0889089
0.2128761,1.5697668,1.8697186,1.5456752,0.7434558,1.8236954,1.2204401,0.7663124
-0.8853749,0.8762765,0.7865311,-0.0353332,-0.6147167,0.8424296,0.5326528,-1.0806552
-2.3149066,-1.3900215,-1.5371299,-1.9090683,-2.0298291,-1.2480525,-1.1211253,-2.8954172
-2.4578006,-1.9168014,-2.0420623,-1.8138910,-1.1415630,-2.2396893,-2.2460028,-3.4814777
-0.9220406,-0.5032419,-0.3872587,0.1475159,0.4558554,-1.0594087,-1.2494848,-1.8908551
0.5151829,1.1586303,1.3356067,1.5926966,1.4790084,0.7778426,0.8390771,-0.1681268
1.3493927,1.7710319,1.8417444,1.2442903,1.5822005,1.0693415,1.1668434,0.0661588
2.2141251,0.9535980,1.0391732,0.8066303,1.0463276,0.4271516,0.4003773,-0.3056500
1.2685446,-0.1735391,0.0551488,0.4775858,0.6466368,0.1756977,0.6724584,-0.1931591
-1.2921255,-1.6561907,-1.3170701,-1.3797964,-1.1701252,-1.1710973,-0.8131261,-1.5177251
-1.4964391,-2.5599294,-2.1301042,-2.4080240,-2.9250056,-2.5392517,-3.1433518,-2.5292954
0.3959287,-0.1181251,-0.2380276,-0.0107614,-0.7212879,-0.4701814,-0.8614626,-0.1787060
1.5483540,2.7608551,1.8305387,2.4867835,2.5060418,2.4899030,2.5498922,2.2323543
2.1860918,2.8201619,2.2373766,3.0887756,3.4605757,3.6390463,3.3802609,3.8364670
2.5956118,1.4231904,1.2465882,2.3251199,2.4161431,3.0012758,2.9256623,4.7405740
2.8521386,0.0852227,-0.4880935,0.6258550,0.6654316,0.8985755,1.1219976,3.4232837
3.3176643,0.5280535,-0.2524681,0.6557663,0.6112280,0.0426629,-0.0187578,1.8383226
2.7258477,0.5734197,-0.0612011,0.4521329,0.1957034,-0.8753957,-0.9758354,0.6464292
1.3315647,-1.6176176,-1.7604713,-1.5498037,-1.4448632,-3.0953249,-2.8216045,-1.4808641
0.6600823,-2.5373766,-2.1829192,-1.4513979,-1.1621469,-3.1018554,-2.8981886,-2.6911757
-0.5067883,-2.0120082,-1.9759323,-0.4370469,-0.5610415,-1.9869021,-2.1144557,-2.6614662
-2.6723128,-2.6527554,-3.0453417,-1.4813030,-1.7588434,-2.6110010,-2.2804884,-3.6241379
-3.2296563,-2.3502123,-2.5632282,-1.9184432,-1.5230804,-2.0490593,-1.5455370,-1.4911281
-1.8449772,-0.0225390,-0.0443368,0.0068322,0.7590754,0.7524372,0.2303068,2.6361313
-1.0947562,0.2840472,0.5994974,0.9686101,1.2937547,1.8466913,1.2404932,2.0107291
-1.2437900,-0.4568767,0.0578666,0.1697206,0.6123624,1.6043994,1.8848587,1.0607961
-0.8131569,0.5734255,0.7844255,-0.0583149,0.3499220,1.4461926,1.5489831,1.2346707
-0.4807739,1.2090017,1.4912327,0.1373558,-0.1751830,0.7386578,0.5429615,0.2268199
-0.8183880,1.2579208,1.8231064,0.1528908,-0.2815197,1.1783871,1.1686295,1.5802570
-1.1809614,0.8852696,1.4729536,-0.7873412,-0.5990019,1.1822930,0.8728307,2.2982407
-2.4303061,-1.0685066,-0.7281928,-3.0328197,-2.5397748,-1.6125507,-2.0155990,-0.8596061
-3.5820770,-2.2580809,-2.2488899,-3.8495004,-3.8411761,-3.5025551,-3.3422932,-3.7471414
-2.1679523,-0.3717409,-0.3673138,-1.4432524,-1.5756585,-1.3640738,-0.8349764,-2.1198459
0.2441578,1.8578186,1.9203683,1.3799168,1.4971471,1.7728609,1.9812847,1.6520633
0.4540454,1.3876105,1.1876322,1.5370650,1.3180533,1.7103124,1.6262675,1.2586529
-1.2686844,-0.8171846,-1.1539747,-0.3620847,-1.1103227,-0.7847453,-0.5909356,-1.1627033
-0.8357738,-0.8700378,-0.6989967,-0.7323757,-1.1731963,-0.6888891,-0.7107339,-0.7971833
1.8489456,2.3013295,2.9151495,1.4062129,2.4560819,2.9089995,2.4765119,1.0434232
1.8992614,2.7498153,3.5877626,2.1292033,3.5228247,3.8993870,3.5333497,0.8875274
-0.0600316,-0.1273287,0.9382676,0.7848914,0.7007162,1.2719588,0.6150854,-1.0785771
0.5438546,0.0722116,0.6571441,0.8850766,0.1974934,0.6137876,0.1071707,-0.7417020
1.9247073,1.7129703,1.3700370,1.7093827,1.3436085,1.3156323,1.4483739,0.7202686
1.3642474,1.7862198,1.0339363,1.3135298,1.0899569,0.8359746,0.9206832,0.0365758
0.7494411,1.5057256,1.1016092,0.6246092,0.4678315,0.1295911,0.2140174,-0.4797230
0.6096879,1.0541755,1.1058139,0.5824441,0.5462999,0.0084840,0.5179620,1.3461764
0.2036417,0.2330223,0.3777253,0.2289194,0.6351168,0.0380875,0.8221976,1.4982245
-0.0743351,-1.1402314,-1.2515963,-1.2279422,-0.6722200,-1.0148873,-0.2605076,-0.7907864
0.6728818,-0.9805697,-1.4476250,-0.8521575,-0.8804346,-0.7181017,-0.0564607,0.5713535
1.9244784,0.4504463,0.0888304,0.6614402,0.4063430,0.5589100,1.4156936,1.3218432
1.8768005,0.1360624,0.2528432,0.0657793,0.0412060,-0.7134413,-0.1751790,-1.7941409
2.3718908,0.6963656,1.0600267,0.7551317,0.8583848,0.0201100,-0.5678216,-0.6728287
3.0824070,1.5255669,1.9527486,1.6058212,1.8499823,1.9817325,1.1087232,1.9131636
1.9945347,-0.0638204,0.7825160,0.5301937,0.3609049,0.6440339,0.3355754,1.3203655
0.6941937,-0.9017776,-0.1635730,0.0964097,-0.1836552,-0.2652015,-0.3657748,0.4195743
-1.0372318,-1.2015463,-1.4696918,-1.0931351,-0.6411711,-0.7726792,-0.7774833,-1.0316806
-2.4591417,-2.3049698,-2.9538068,-2.1595174,-1.8812496,-2.1641696,-2.1763640,-0.5333038
-1.8063602,-2.6377791,-3.2919157,-1.8972708,-2.4220210,-3.0200750,-3.5227342,0.2279988
-1.6680985,-3.3854276,-4.0774583,-2.4235352,-3.0103124,-4.2312639,-4.9291293,-2.9491219
-2.3558911,-3.4351088,-4.0547968,-2.1502374,-2.2579165,-3.4403582,-3.3127324,-3.1984744
-2.4994882,-1.8042729,-2.8143263,-0.8476548,-0.7505483,-0.9475527,-0.2358179,-0.9508743
-3.0177046,-1.9275307,-2.9872150,-1.3751768,-1.5418512,-1.6240692,-1.4932257,-2.6109028
-1.4036184,-0.9280213,-1.7511127,-0.8627207,-1.3336820,-1.6805045,-1.9109548,-1.4667359
1.7219465,2.8160044,2.1286398,2.1883316,1.7599254,1.5179970,1.7223808,2.7009160
1.2117264,2.8555226,2.9673829,2.1980733,2.2995821,2.0807681,2.2724872,1.8075809
-1.2365978,0.7711319,1.2605441,0.2703333,0.2790902,0.5624723,0.3632110,-0.6990960
-2.0975571,1.0577118,1.2590566,0.5629697,-0.3214508,0.3792497,0.6200414,-0.6718704
-2.0101446,0.0840176,0.9154995,-0.4142869,-0.9123454,-0.3424087,0.3971842,-0.6762366
-1.5451428,-1.8748523,-0.4805920,-2.3632227,-1.9353643,-1.4795793,-1.5893800,-2.0643229
-0.4099668,-0.7107411,0.1359154,-0.7215619,-0.6023397,-0.1402740,-1.1797032,-2.1025336
0.4148794,1.1169493,1.3476370,1.6041250,1.3859769,1.9528248,1.2719350,0.1592296
0.0242172,0.8580603,0.6405729,1.1824362,0.8772120,1.3639599,0.8778505,1.5309320
-0.3500847,-0.0369661,-0.3748729,0.0459823,-0.5937839,-0.0484500,-0.8632785,0.6432071
-0.2548858,-0.6396599,-0.9023190,-0.7735246,-1.3983038,-1.0013589,-1.4814629,-1.8555088
0.4029031,-0.3493067,-0.6792430,-0.8552161,-0.8606301,-1.3023980,-1.2169729,-2.1709931
2.5561733,1.5221263,1.2783405,0.8692763,1.2620856,1.0852760,1.3375063,1.5497552
4.5273460,4.0891460,3.6449762,3.1717490,3.3164391,3.9649330,4.0433415,3.8089278
3.4228011,3.9438223,3.5994948,3.1613485,3.3418443,3.6811038,3.7666668,2.9891566
1.5054309,1.2562803,1.7605712,1.4362286,1.7660915,1.8666040,2.0119883,2.1429918
1.4344302,0.3021261,0.8626716,0.6890351,0.9347794,0.7375886,0.5304864,1.0374030
0.4781265,0.5315371,0.3455787,0.2773558,0.6544278,-0.0440155,-0.1182254,-0.2326346
-1.5075102,0.3364232,-0.0385591,0.2084805,0.5917792,-0.2518659,0.2773386,0.0620125
-0.5196853,1.1799995,1.0950984,1.8672085,2.3086243,1.1991171,1.9189531,2.4386079
0.1296247,-0.0297131,-0.0520817,0.8599447,1.6184224,1.0476608,1.7759235,2.4846815
-2.0633217,-3.3685971,-3.4560514,-2.5001942,-2.3919195,-2.1829386,-1.1208940,-1.4490949
-1.9473867,-3.3564404,-3.3738961,-2.0735999,-2.7600019,-2.8384406,-1.6026809,-1.1060451
-0.2887284,-1.2698517,-1.4542339,-0.4460043,-0.0888993,-0.7089124,0.4427189,2.5149765
-0.2947560,-0.5620965,-0.7610481,-0.8135153,0.3860600,-0.4569407,0.6054708,0.9839860
-0.5639302,-0.6181961,-0.3886951,-1.1890610,-0.8806360,-1.1164931,-0.9346289,-2.0372721
-0.3019186,-0.3535883,-0.0741933,-0.5154517,-0.7302004,-0.3912438,-1.0055722,-1.4550379
0.1647272,-0.4106256,-0.1419150,0.0013493,-0.3419771,0.1807533,-0.3010055,-0.4704510
-0.3865453,-1.7907431,-1.4114177,-1.4458190,-2.1213320,-0.7181898,-1.3805267,-1.4844325
-1.1562168,-2.1297892,-2.0697053,-2.1997130,-2.1327220,-1.1303348,-2.0292234,-2.2713660
-0.7638683,-0.8033696,-1.2364886,-1.2411846,-0.2462119,-0.8895092,-1.5185367,-1.2568218
-0.4772218,-0.3188807,-0.7740088,-1.0203580,-0.3947595,-0.9830971,-1.4103566,-0.4434849
-0.4895265,-0.6999816,-0.5472612,-1.0017225,-1.2446768,-0.5459782,-0.7356178,-0.6072700
0.7263547,0.0575821,0.5109755,-0.4456324,-0.4745704,0.9545315,0.9844994,-0.1816539
1.0904013,0.5448799,1.2731165,-0.7022694,0.3660584,1.5748160,1.2938861,-0.1426477
-0.0626802,-0.2100074,1.0352096,-0.9792551,-0.1400256,1.0111860,-0.3223681,0.2527944
0.3867776,0.5448115,1.3180135,-0.1473732,-0.0971207,1.2881445,-0.8674270,1.5458664
1.0499592,1.3337228,1.5769327,0.2264470,0.3180398,0.8218268,-0.1868565,0.3619912
1.5803425,1.7759587,2.0792931,1.4356679,1.1647158,0.7415834,1.2872648,0.0393458
3.3238869,4.0443047,4.1224706,3.8858544,3.2660538,3.0467993,3.5859954,2.5944432
1.9921891,3.6407091,3.5357906,3.3569597,2.7784685,2.5528969,2.9042349,1.8709315
-1.3949964,0.9591546,0.5353007,1.3429757,0.4703723,-0.0528777,-0.0935968,-0.1897816
-1.8935328,0.5982348,-0.1042672,0.8509169,-0.1536048,-0.5755440,-1.2202346,0.7743494
-0.7577804,0.2457032,-0.2969436,0.0641229,-0.9932160,-1.3119755,-1.4330042,0.4873830
0.5233242,-0.5151373,-0.9730088,-0.4072203,-1.7422661,-1.9676012,-1.2194915,-0.8315804
1.0460397,-0.2863196,-0.4925919,0.3973936,-0.7516302,-1.0287549,0.0554587,-0.1707187
0.3953436,-0.3743397,-0.5284693,0.6616956,0.1400385,-0.2880702,0.6438232,-0.9611139
0.4044116,-1.0872710,-1.0723363,-0.1988641,-0.1123670,-0.3107099,0.0496593,-2.3415127
1.0774618,-1.3283169,-0.7098488,-0.4515154,-0.1679356,-0.1756463,-0.6448830,-0.6057145
1.5303522,0.0500563,0.1363363,1.0675569,1.0198805,0.6242022,-0.1176684,1.8035632
1.8836636,1.3094119,0.5642396,1.5900380,1.8515879,0.9336796,1.0173502,2.2026701
1.7471210,0.4294365,-0.3465306,0.0322893,0.8182656,-0.3979394,0.1766298,0.7814218
2.2993280,0.0635812,-0.6426410,0.7145463,1.0273884,-0.7944654,-0.3332699,-0.8240710
2.0971638,-0.0062353,-0.7055219,1.4553003,1.8146777,-0.7390079,0.0091654,-1.9885358
-1.5363703,-2.4593188,-3.3813490,-1.6820592,-0.8906606,-3.1489779,-2.3772053,-3.7723497
-3.1664643,-3.1195725,-3.8188615,-2.1912493,-1.6266079,-2.8906429,-2.6182610,-2.3084448
-0.9374833,-0.0035503,-0.0900317,1.4831467,1.9958726,1.2449778,1.1138394,2.7256666
-0.8958338,0.5623470,0.6531211,1.6565008,2.0624250,1.6539863,1.2803482,2.5079331
-2.1220433,-1.2450538,-1.0202716,-0.4656785,-0.2541216,0.0015261,-0.3292645,-0.3971597
-2.8745869,-1.0653499,-0.8616991,-0.8539279,-0.5824630,0.2174855,-0.0651512,0.2366172
-3.0077244,0.0088264,0.0702235,-0.6856002,-0.4013183,0.4723255,0.4681427,0.2892296
-1.6620363,-0.0288621,0.1869865,-1.0009599,-0.8592451,0.1228969,0.3300640,-0.7151796
-2.0175898,-1.5569240,-1.2881079,-3.0328952,-3.1918738,-1.7836268,-2.2353682,-2.7042109
-3.3048002,-2.2686782,-2.0677762,-4.2384558,-4.6725502,-3.0498425,-3.1751815,-3.8586709
-0.8053804,0.6672919,1.0071076,-1.3489930,-1.5262407,0.2765291,1.1255331,0.4697536
0.5535084,1.5206301,2.2765747,-0.4914285,-0.0102511,1.8778774,2.1264120,2.5227909
-1.2220033,-1.2310245,-0.1569099,-2.4641719,-2.5142418,-1.2319775,-1.4128562,-1.7476774
0.1353969,-0.3341945,0.3680124,-0.9553903,-2.1025132,-1.3811429,-1.3360412,-2.1530604
2.2359837,2.1613539,2.3482497,1.3400526,0.6701927,1.2461252,0.8500565,1.3588349
0.8283361,1.3234021,1.6505858,0.5044432,0.7587286,1.1752395,0.8353418,1.0760674
-0.4462911,0.4517682,0.9812401,-0.3909886,-0.3237008,0.4205586,0.6412628,-0.3941684
0.7331543,1.3601936,1.6659778,0.6726226,0.9782469,2.0373044,1.9293985,2.4595471
2.6979564,2.1022004,2.2808594,1.7617952,3.1068786,3.7360561,2.8987270,5.1411658
2.1258110,0.8534405,1.3198083,0.9633382,1.7970371,2.0772184,1.1394438,1.8402623
0.3295880,-0.0964622,0.5081827,1.1155439,0.3715923,0.5009609,0.1615472,-0.0781050
0.8819054,1.6836491,1.6673602,3.0702484,2.0663462,1.8571772,1.9483440,2.1179323
0.8876219,2.0596707,1.4411009,2.4162448,2.1278242,1.5918547,1.7245489,1.3216405
-0.3505297,0.3192898,-0.2006367,0.6401227,0.7417632,0.1370265,0.5403538,-0.7038791
-0.0769405,-0.3298922,-0.6596630,0.7866465,0.6826592,0.2149135,0.4557791,-0.9365093
0.2897722,-0.3966742,-0.8623969,0.7955742,0.2548990,-0.2374370,-0.6095055,-0.1473419
0.0854810,0.5780331,-0.2819969,0.6405781,-0.0289374,-0.1459015,-0.4152809,0.8414171
0.2023358,1.7728298,1.0121149,1.1981756,0.5519682,1.0516439,1.2171090,0.4133037
-0.3477723,0.2938370,0.2642664,0.6342528,0.0602861,0.0972272,0.5510266,-1.0829680
-2.4767911,-2.8393794,-2.3039046,-1.6351217,-1.7681572,-2.5150652,-1.7125532,-2.4100673
-3.1780142,-3.6570337,-3.1304929,-2.2683073,-1.9558231,-3.1838970,-2.6173028,-2.2966034
-0.0261580,-1.0430155,-1.3431539,-0.4849134,0.2332963,-1.4130745,-1.4417600,-0.5776167
2.0396912,0.4400866,-0.4060968,0.0879687,1.0944273,-0.1401798,-0.2924219,0.8607895
0.6240130,-0.3442632,-0.8990011,-0.2607664,0.3125453,0.0005431,-0.2829837,0.3260733
-0.4804368,-0.9732710,-1.1509007,-0.4133338,-0.4334006,-0.4467681,-0.8275243,-1.5727616
0.7982545,-0.6415046,-0.5186550,-0.2330141,-0.1280738,-0.3509722,-0.4575710,-1.7574032
1.9432963,0.0963998,0.1742527,0.0503156,0.7641360,0.5489982,0.5580445,-0.5884802
0.0506482,-1.1283370,-1.0445318,-1.3737316,-0.6585520,-1.0476123,-1.1319858,-1.3964301
-1.1947596,-1.7486024,-1.4626884,-1.4456317,-1.7923255,-2.5358305,-2.4217751,-1.3079374
0.0710957,-0.6533753,0.0852537,0.0763517,-0.8660777,-1.3410764,-0.6887065,0.9727395
-0.2463097,-1.1638447,-0.1349488,-0.8944095,-1.1368740,-1.3044717,-0.2589408,0.3198834
-1.0839293,-0.5576725,-0.5656270,-1.2107440,-1.1705987,-1.3294105,-0.3897964,-1.6179915
0.0149168,1.1178399,0.4231822,-0.0810039,-0.2888221,-0.3381631,-0.1166129,-0.8298507
0.4677592,0.6251128,0.1368843,-0.6411659,-0.8234619,-0.7016509,-1.0671320,0.0896156
-0.6731487,0.0240412,-0.5013871,-0.7572633,-1.3905976,-1.2249034,-1.4498887,-0.1499572
-0.4018516,0.7778457,0.7075253,0.5959937,-0.1299001,-0.0236336,0.0830298,0.8763041
0.0615618,0.1596695,0.2073231,-0.1975969,-0.1846648,0.1752152,0.4904414,1.5322362
-0.8484585,-1.5756308,-2.1838551,-2.3037796,-2.2012127,-1.5048645,-1.3280470,-0.6311384
-1.0169452,-1.6743071,-2.3111904,-2.2119503,-2.3978221,-1.7525528,-2.0516079,-1.8453150
0.8152319,0.3609102,0.1681203,-0.1897241,0.0354446,0.6989588,-0.1410589,-0.0658031
1.5972830,1.6906745,1.7757140,0.8552741,1.3653203,2.0704512,1.0647398,0.6442094
-0.4351940,0.5830354,0.5403634,0.0080147,-0.0956324,0.3885390,0.0418735,-0.4622347
0.0367997,0.8234137,0.3299645,0.2820697,-0.0321235,0.9904872,1.0658905,1.8141051
3.7263432,3.4249117,3.2253817,2.8245138,3.4079685,4.9767901,4.5460848,5.8025002
2.8351411,2.3283998,3.1935893,2.9272527,3.8928841,4.6668125,3.7984606,3.3230257
-1.0825500,-1.1260168,-0.0764089,0.0296730,0.0918664,0.3647859,-0.4677539,-2.2194955
-0.5737700,-0.2315383,0.2947550,-0.1257200,-0.4420023,-0.2294323,-0.7584881,-2.0549707
2.0105366,2.3136661,2.8469560,1.9566156,2.3925315,1.8938446,2.0581280,0.3322143
1.4840176,1.5984246,2.2341807,1.6694408,2.5613073,1.7053212,1.9356072,1.5242912
0.4272078,0.9157690,1.3948970,1.5158294,1.4862377,1.4325075,1.0298755,3.3074028
-0.0355997,0.2558822,0.6216003,1.1183043,0.3263060,0.7716735,0.6107681,1.7915127
-0.8154399,-1.4604466,-1.2300672,-0.8160614,-0.5642512,-1.2488714,-0.7249987,-1.4313613
-1.5286851,-2.0973889,-1.8284218,-1.0933404,-0.4184833,-1.7939792,-1.0809345,-1.1294232
-2.1456181,-1.8867369,-1.5221403,-0.5215746,-0.4465823,-1.1888712,-0.6188968,-0.7349446
-3.3423661,-2.3090973,-2.2628160,-1.5640805,-1.4578989,-2.0908146,-1.6933071,-2.4353506
-3.2538601,-2.8507317,-2.6559010,-2.1851122,-2.6371784,-3.3044051,-2.9872547,-2.9934961
-0.7058427,-1.4302971,-0.8676214,-0.4864341,-1.6834117,-1.7957056,-1.4244339,-0.5967077
1.1933242,1.4324666,1.3290731,1.8469078,1.1194245,1.0457525,1.8548813,1.6495694
-0.4899814,0.9256350,0.7055805,1.2495743,1.6194812,1.3097439,1.8697334,0.7559453
-1.7662878,-0.1600689,0.2141493,0.2979534,1.2133419,1.3130871,1.0353796,-0.4128202
1.2435486,2.0247267,2.1136804,1.8077833,2.2602924,2.5577850,2.0893860,0.2372108
2.9808168,1.9807429,1.5255445,1.1668917,1.0498346,1.3254484,0.8746002,0.3435967
0.9619966,-0.2301955,-1.1526448,-1.5943565,-1.5768271,-0.8140864,-0.8885604,-0.2625520
0.2673829,-0.2834064,-1.3221916,-2.0837278,-2.1080827,-0.9288409,-0.7457032,0.5132981
1.2326664,1.3065924,0.6444435,-0.0875038,-0.5943788,0.2637467,-0.0261190,1.6838517
0.9300212,2.5397032,1.9830939,1.8547256,1.6101199,1.6463304,1.3683261,2.2842412
0.3963371,2.1401228,1.5663196,1.6998950,1.6957492,1.4510743,1.5873974,1.8226883
-0.1413990,0.6024952,-0.0464162,-0.0494123,-0.3429313,-0.4317345,-0.1549482,-0.3011207
-0.6989479,-0.0200206,-0.6903953,-0.6149163,-0.5562037,-0.7408315,-0.1622193,-0.7418790
-0.2110907,0.2376520,-0.0696507,-0.5835260,0.0413317,0.0601088,0.6459165,0.1026925
0.8333540,0.6344026,0.5338830,-0.5006401,0.0287746,0.2932083,0.4690390,0.2338258
-0.0104466,-1.2164510,-1.2591917,-0.8697362,-0.8641327,-1.0450301,-0.9315047,0.0422803
-1.0959458,-3.3032413,-3.1880875,-1.7120777,-2.3855659,-2.5967543,-2.5434586,-2.0726722
-0.4314872,-2.0429616,-1.7669598,-0.9414812,-1.7039764,-1.4493638,-1.5825392,-2.6348300
-0.0306358,-1.2643552,-0.4586690,-0.5486245,-0.5360169,-0.4937387,-0.7689448,-1.2571573
-1.0379818,-2.6582734,-1.8697088,-2.0680506,-2.0694304,-1.8995283,-2.5257869,-1.9423836
-1.1021083,-1.8760547,-2.1571040,-1.3211167,-2.2496816,-1.7616765,-2.3509621,-2.0354263
-0.6974133,-0.7440168,-1.2436168,0.3274152,-0.2177359,-0.7056311,-1.0701009,-0.7516975
0.3441093,0.0044247,-0.2574734,0.9147720,1.3155994,-0.3465570,-0.6769124,0.0584734
2.0372811,1.4064699,0.8288791,1.5862870,1.5340229,-0.6100857,-0.4086843,-0.2596881
2.6568231,1.2788813,0.8323127,1.5542438,0.9232665,-1.2325143,-0.6744392,-1.2833540
3.7001887,1.3041287,1.0849081,1.9806738,1.5974649,-0.2407553,-0.3024582,-1.1441862
4.0493441,2.0144119,1.8701941,3.0260002,3.0244004,1.3197976,0.9699466,-0.5209293
0.8850711,0.5528985,0.4794404,1.3925060,2.2981320,0.5426631,0.6102675,-0.3280471
-0.4337628,0.1407569,-0.0443856,-0.1124154,1.2445199,0.2802668,0.3150860,0.9719952
0.1003338,0.3735828,0.3177067,-0.2500673,-0.0266296,0.7320055,0.7165538,2.6668103
-1.1994310,-0.5941169,-0.5158111,-0.8831576,-1.2832330,0.2351470,0.4533213,2.3684123
-1.4518411,-0.8436863,-0.5387147,-0.9022214,-0.6906280,0.4199280,0.1456142,0.3560431
-2.3409732,-2.3182358,-1.5266983,-2.2658835,-1.5417955,-0.4612779,-1.2238107,-1.8371942
-3.7580494,-2.2104120,-1.3997474,-3.3226590,-2.3133965,-0.6032809,-1.1583775,-1.1033596
-1.7251712,1.1112596,1.6458221,-0.6479831,-0.0808452,2.0980876,1.7312227,2.0771019
-0.2725298,1.7905641,2.5936622,1.3916948,1.2234012,2.9223793,2.6498907,3.2851495
-1.9379170,0.1443273,1.3364594,0.2696931,0.2408117,1.2854090,1.1722013,2.2744066
-2.5255618,-0.4697160,0.2913200,-1.0347937,-0.9160071,-0.0126955,0.2094354,-0.0378414
-1.0536921,-0.4010508,-0.2066637,-1.3707619,-1.3877430,-0.6090428,-0.3808378,-2.3354873
-1.4802289,-1.0437275,-0.8690232,-1.9063820,-1.9698287,-1.7097458,-1.7285819,-3.5011504
-2.0811511,-0.5086853,-0.4974393,-1.1121980,-1.4072382,-1.4998546,-1.3552638,-2.3169506
-0.2048581,1.5253523,1.2094998,0.8637348,0.2068110,0.9194432,0.8876095,1.1164557
1.8935028,2.3223947,2.2429817,2.1180217,1.0040721,2.3918579,2.4793983,2.7713183
2.6559805,1.8940822,2.2228225,2.2119134,1.2152596,2.0586413,3.0423805,2.2426403
1.4874065,1.5235962,1.4544232,1.1339450,1.0869599,1.0453952,2.2340738,0.6993920
0.2643427,1.4409324,0.8988567,0.6818169,1.2971124,0.6769399,1.2472346,0.1054272
1.5352950,1.6341432,1.5595414,1.6772817,2.1857726,1.7855053,1.6281557,2.3652920
1.1064703,-0.8422707,-0.1671720,0.2675464,0.4744418,0.0389513,-0.2388295,1.5324489
-0.5809348,-3.3720220,-2.8297738,-1.8353976,-1.8841503,-2.8819503,-2.6901267,-2.2533435
-0.9268076,-2.5282349,-3.0127202,-1.6304256,-2.1845045,-2.4136437,-2.0386407,-1.4296538
-0.1229113,-0.6138575,-1.6617859,-0.5070044,-1.3909883,-0.5902813,-0.1974339,0.2291200
1.0658357,0.4811184,-0.5066263,0.5746905,0.5935490,0.7919694,0.8042150,0.0115110
1.2231968,1.0015529,-0.0736624,1.3317036,2.1481129,1.4235217,0.9644731,0.9240250
-0.3799524,-0.5926973,-1.1670940,-0.1341761,0.2703997,-0.6650981,-0.9275394,-0.1615677
-1.0196103,-1.6984779,-1.5066459,-1.2360223,-1.0313571,-2.0554474,-2.0775062,-2.0157228
0.0455037,-0.4888561,-0.1553852,-0.0381143,0.0970060,-0.9715236,-0.6130694,-1.7826564
0.3277197,0.0085152,0.3853528,0.7715682,0.2714072,-0.7586200,-0.1837756,-0.6870545
0.2133066,-0.1239441,0.0866583,0.6196197,0.0865482,-1.1874936,-1.4597207,0.9799077
1.1188707,0.0965853,0.0802659,0.3647677,0.7328664,-0.8340968,-1.5838041,0.1836997
1.5729522,1.3273193,1.3228384,1.2642959,2.1647515,0.8513319,0.5782710,-1.4203998
0.6682995,2.3171758,2.4536925,2.0115318,2.6662701,2.2918873,2.1244288,0.2065541
0.6949472,1.2658742,1.6381915,0.8212549,0.6427835,1.8442950,1.7774423,1.3172612
0.3570320,-0.5624413,-0.5266528,-1.1320402,-1.9146928,0.0697522,-0.1358145,-0.4393492
-0.1056680,-0.6836491,-1.1192633,-1.4404761,-1.5700119,-0.5459390,-1.6945059,-1.1307903
0.1612536,0.1642254,-0.0229881,-0.4702525,0.1847254,0.6838749,-0.4611951,1.4330255
0.5636589,1.8623824,1.8950411,1.4612409,1.8244656,2.5861246,2.3830314,3.1001523
-1.1012458,1.3432535,1.0662473,1.2860940,1.0187757,1.5548668,1.6941628,0.9266804
-1.5536613,0.1555038,-0.0753724,0.2621943,-0.5326741,0.2295984,0.4837345,-1.0230532
-0.4823103,-0.5100029,0.2181875,-0.1500098,-0.8817477,0.1950190,0.2938182,1.1654837
-0.6050653,-2.1417017,-0.8291229,-1.5782315,-1.7033604,-1.1416367,-1.4723161,1.6317865
-2.1053031,-4.2864182,-3.6221323,-4.0428189,-3.9719893,-4.2604855,-4.6262108,-3.0121662
-1.0976111,-2.7883468,-3.0411491,-3.2429548,-3.3253410,-4.5037364,-4.2578004,-4.4011915
0.2114361,-0.2619686,-0.6448991,-1.0769022,-1.1362244,-2.3076040,-1.6227852,-1.8858448
0.0792493,0.5003916,0.4573815,0.1823316,-0.1658062,-0.4130202,0.1538547,-0.4533167
0.6961052,1.2921730,1.1672460,1.2903897,0.7390732,1.1232919,1.7835672,0.8364787
1.2787422,2.1617883,1.7240002,1.4433393,1.4423687,1.6553245,2.3431131,1.1270480
-0.1225949,1.1128988,0.6478070,0.2829533,0.8770422,0.1854727,0.0529735,0.4541100
0.5327653,0.8413660,0.1630932,0.4794437,0.8874454,0.2177031,-0.2385694,0.6840430
0.6879105,0.5903442,-0.6285963,-0.0373980,0.1655119,0.1373537,0.6373479,0.3828597
-0.7510396,0.0629470,-0.9932494,-0.8550148,-0.5342830,-0.6346700,0.3998347,1.0129360
0.6463620,0.8145379,1.1015519,0.9086577,0.6480589,0.8231242,1.6757255,2.1075278
0.8645400,0.2199146,0.9511210,1.4577207,1.2373735,1.1675626,1.7521920,0.4963457
-0.5048856,-0.2424046,-0.9159344,0.6869872,1.4374933,0.8488074,0.7605844,-0.3017828
-0.7119156,-0.2979756,-1.5628692,0.4194528,0.6332099,1.0061481,0.5884621,-0.0756266
0.3567929,-0.0015758,-0.4359699,0.6693416,0.3160171,1.1819479,0.9826114,-0.4044342
1.4610091,0.3669943,0.5646203,0.8573143,1.1434373,1.4207966,0.9757885,1.0793030
0.8909819,-0.8109375,-0.4465460,-0.0836564,-0.3651143,-0.0337588,-0.5339137,0.8058323
0.2546493,-0.9024301,-0.6171330,-0.6296991,-1.7770630,-1.1727231,-1.1223077,-1.2717004
-0.0875451,-0.8323016,-0.5070522,-0.6343743,-1.0159368,-1.0144154,-0.7834915,-0.6779452
-1.1468743,-1.4408053,-0.8787928,-0.7287160,0.1457243,-1.0781387,-0.9560166,-0.4303348
0.0188421,0.6714592,1.0960558,1.2057164,2.1120599,0.6895402,0.6690159,0.0645656
1.1593712,1.1744797,1.6066072,2.2138998,1.9279613,1.6642992,0.9928018,1.2813055
-0.3370307,-0.7891726,0.0386352,0.1995127,-0.5282763,-0.0905237,-1.3508649,-1.0808322
0.7607272,0.1771069,0.6391509,-0.5062965,-1.0256947,-0.3604987,-1.2278059,-2.4715239
0.8626720,-0.5258757,-0.1488364,-1.4065731,-1.9482183,-1.1107155,-1.1857116,-0.9923382
0.9007595,-0.2754388,0.5826279,0.0183578,-0.3018412,-0.0202539,-0.0360299,0.9452195
2.1998006,1.4356921,1.9616694,2.1797683,2.1067524,2.0680215,1.2497660,2.5177368
2.5477922,1.6105331,2.1612836,1.9706947,1.9907018,2.8502648,1.8901449,1.3208895
-0.2587585,-0.5218466,0.1290080,0.2066688,0.2627585,1.4467499,0.9496520,0.9859224
2.0489731,2.1098994,2.0362565,2.6226347,2.5765457,2.6397638,2.8158743,1.6315808
1.7212732,1.2645014,1.2488259,0.9804580,1.5172774,0.8178122,1.7923672,-0.1404713
-2.1142621,-2.6895481,-2.5926744,-3.2934854,-2.9144997,-3.3684179,-2.5770956,-3.0116701
-2.5163868,-2.8796647,-3.0082706,-3.5054388,-3.9621380,-3.7128917,-3.9015697,-4.5811502
-1.4130696,-1.2739700,-1.2331390,-2.0666148,-2.1686927,-1.3675949,-1.5599604,-1.6941385
-2.1122857,-0.9766127,-1.0477262,-2.2926894,-1.8765235,-1.1418926,-1.0969795,0.1998801
-5.8295285,-3.3899493,-3.6515062,-4.9002382,-4.0701699,-3.8966455,-3.9679766,-2.4927052
-3.4738971,-0.8579370,-0.8450534,-1.9756935,-0.6349530,-1.2823060,-0.6215428,-1.6294354
2.3438791,3.5613104,4.0667721,3.3812250,4.6464625,3.4789277,4.8137112,2.7673657
