2.4153230,1.2619441,1.7327346,1.0359879,1.6083351,0.8673658,1.6269135,0.1491250
-0.0675920,-1.5071150,-0.4188204,-1.5186168,-0.3147198,-0.6701326,-0.1776112,0.8315371
0.7988868,0.2214534,0.9672195,0.2611527,0.7279441,0.4944234,0.6489248,-0.0945816
0.0354003,-0.4490953,-0.3168026,0.3298542,0.6406588,-0.7362147,-0.3427071,-1.0813239
-0.9718297,-1.3895545,-1.1682833,-0.3861397,0.7425815,-0.8168412,-0.2613661,0.0904632
-0.1166284,-0.5923355,0.2879649,0.0142683,1.1352980,0.9007472,1.3351141,0.4268382
0.2625636,-0.4880332,-0.1654564,-0.3649922,0.6137213,0.6872034,0.5974869,-0.1995469
1.1125215,1.0853052,0.5499107,0.8211648,1.7164498,1.1030906,1.2912663,0.7674294
1.0357282,1.1647510,1.1104265,1.4362728,1.0670051,1.4723820,2.4802899,1.1676018
0.5163780,0.4576246,0.5653129,0.1855066,0.1307624,1.0788273,1.3168046,0.7017835
-0.0070400,0.3438596,0.4494970,-0.3997923,0.6019207,0.6104899,-0.4256670,0.8160729
-0.4846174,0.7533761,0.8630768,0.6149999,0.1709440,0.1185468,-0.8676413,0.3035880
-1.2443715,1.2803663,0.9452770,0.5287531,-0.7748996,-0.2798377,-1.2137354,0.1451441
-0.7390522,1.6114790,1.6707008,0.2168734,-0.2889508,0.8126407,-0.0623873,0.7994607
-0.2384987,1.2415805,1.6553719,-0.0995784,0.0650993,1.3141443,0.9841449,1.8573246
-0.4369291,0.6148728,0.5638179,-0.3853991,-0.3140619,0.6577128,0.1215873,1.6201591
0.1098604,0.5415876,0.1845504,0.5059263,-0.3459994,0.6284957,0.0086955,-0.1898163
0.0450469,0.0239439,-0.2601900,0.2475905,-0.8843635,-0.0682306,0.0087942,-0.5478854
0.3418558,-0.2465292,-0.2942833,-0.3310044,-0.6335568,-0.4698645,-0.2119291,-0.2235099
0.0817505,-0.7325700,-0.9603711,-0.3168848,0.2226991,-0.6529974,-0.6705571,-0.6425602
-0.8709770,-0.8683867,-1.3915874,-0.6556690,0.9084051,-0.7165784,-0.7398910,-0.6887768
-0.8926734,-0.6225126,-0.9682391,-1.2724638,0.2611528,-0.4109859,-0.1672016,0.4033891
0.0550695,-0.5750871,-1.1849941,-0.9603273,-2.2933174,-0.8560902,-0.2618319,-0.5437485
-0.3899747,-1.4541941,-2.4343327,-1.1592572,-3.4365430,-2.5443953,-1.8093755,-3.7939600
-0.9489270,-1.6827406,-2.1174166,-1.0180783,-0.7988468,-2.5700582,-2.1621124,-3.0784924
0.2489306,0.2228867,0.1044376,0.4483267,0.7657527,-0.0547108,-0.4487358,0.2618134
1.6610502,1.3786720,1.2186933,0.9364181,-0.4450903,1.0621150,0.8142374,0.8789576
0.8312229,0.0288601,0.1658485,0.0963969,-1.0186148,-0.4656243,-0.0999883,1.0835885
1.1214484,1.0326710,0.7049453,1.2019016,0.8126827,-0.5544189,0.1159416,1.3976487
1.2587433,1.1688428,0.0913392,0.9754140,0.6357153,-0.6723338,0.0826505,-0.5464888
0.1602928,-0.1644166,0.1935594,-0.4996990,-0.7999167,-0.9726709,-0.9520936,-1.7870818
-0.7094134,-0.8803352,1.8884173,-1.0052566,-0.7172794,-1.1144381,-1.5111343,-1.1660631
0.4442202,-0.2756369,1.3971033,-0.0021037,1.0776419,-0.2943768,-0.1124327,-0.6919894
1.9377489,1.8418906,0.9164536,2.3344237,3.0118193,2.2740307,2.5280454,1.2455221
-0.3217191,0.9698648,0.3913037,2.1849839,1.1909912,2.0706791,2.0444907,1.6632838
-4.3940320,-2.7134240,-2.2583278,-1.2949839,-3.2394668,-1.3213715,-1.8119752,-2.3339512
-4.5483421,-3.4717580,-3.2905887,-2.8446816,-3.0468732,-2.1955867,-3.2844064,-3.9757582
-2.6439486,-2.2870740,-2.2614146,-2.3034891,-0.4007063,-1.1602289,-1.5761028,-1.3244530
-0.9779988,-0.8788113,-1.0381829,-1.1673044,0.4212520,0.0735582,0.6006465,1.2258690
0.2212906,-0.0304185,-0.5852753,0.0588724,1.1915068,1.1076480,1.4337036,1.6138559
-0.5090745,-0.6703476,-0.3443468,-0.3300356,1.0207528,0.4029869,0.3638725,0.2673452
-0.8193460,-0.4863843,0.9776039,-0.1397451,0.4274159,0.3287777,-0.2625316,0.7121199
0.7359115,1.3684503,2.0300980,1.9945118,1.6494672,2.2556201,1.6079910,2.1034843
1.4477559,1.7596068,1.1680013,1.8374598,1.9083215,2.1286018,2.3344721,0.8124552
0.6412051,-0.0222107,-0.7724297,-0.6802087,-0.4178368,-0.5525274,-0.5424910,-1.1860131
0.9725017,-0.5490542,-0.7476051,-1.1028001,-1.3539870,-0.9992807,-1.4800181,-0.7766326
1.1261714,-0.6575474,-0.3265822,-1.3390103,-1.5189806,-0.4764867,-0.6524596,0.1774810
-0.3127592,-0.8902864,-0.7326585,-1.8599443,-2.3284487,-0.8855544,-1.0992511,0.4743810
0.4597315,0.5245025,0.5972403,-0.2267226,-1.1481718,0.3507562,0.2846089,2.7583116
2.9038857,1.9228435,2.2619578,1.2882482,1.0444417,1.8463970,2.4913772,4.3113198
2.3348628,1.7595170,1.9911548,1.4009258,2.0952096,1.4921035,2.2109460,2.5476773
0.0812902,0.5906605,0.4776193,0.3938974,0.5495838,-0.1523409,0.3649795,-0.1208907
-1.1609586,-0.7087532,-1.0506343,-1.8091480,-2.5014656,-2.1032575,-1.9017439,-1.9246990
0.1809636,0.2336658,-0.3443434,-1.2547384,-1.0634089,-0.8746443,-1.0185952,-0.9782511
1.2768416,0.4056576,0.1686877,0.8106513,1.7225481,1.2243888,1.4922090,1.0927471
0.1963861,-1.3880020,-0.8337366,0.6899457,0.5626580,0.5839632,0.9327875,0.7290435
-0.1678250,-0.4824578,-0.4892143,0.3670352,-0.6854704,0.1469564,0.0903361,-1.0060580
0.0125503,1.6989472,0.7941290,0.8186467,0.6153237,0.6831418,0.4970509,-1.1459513
0.6568482,2.2958898,1.6521274,1.5194500,2.1226974,0.7224248,0.3449529,-0.1212744
2.6360039,1.9129133,1.7764164,2.3590985,2.2222802,0.8127904,0.8979396,-0.2416247
4.4437821,1.4433114,1.6307592,2.6243573,2.6633540,1.6978730,2.3528618,0.8767952
5.2812892,2.7759788,2.4282076,3.0894966,3.9052796,2.9600495,3.1772788,2.9980671
2.6108665,2.3985068,1.1584718,2.1947859,2.9177551,1.6080044,1.4319558,0.1441678
-0.3593752,-0.5204281,-1.2804014,0.3346733,1.5438986,-0.8915651,-1.1169139,-3.2736962
1.6608805,-0.8236486,-0.2676086,1.0916811,1.8046629,-0.8465648,-0.8317231,-0.8252084
3.6000087,0.7134557,1.4446816,2.5446681,1.3816576,0.1272329,0.7100085,1.5654017
1.7968154,1.4464002,1.3207064,2.1768844,0.8720163,0.8426588,0.8454469,1.0724710
-0.8174312,0.7483578,0.3988321,1.0984166,0.9138259,0.5795269,-0.3424402,0.6913417
-2.6556597,-1.2034518,-1.3308081,0.0630809,-0.0926351,-1.1071738,-1.7058831,-0.2674660
-2.6222342,-1.9273685,-2.1125154,-0.8925157,-1.5453614,-1.6796569,-1.7812603,-1.8018910
-2.7284805,-1.9941857,-1.9961532,-2.2158764,-2.8181079,-1.6262448,-1.7859429,-2.8478075
-4.4514040,-2.1026605,-1.4345756,-2.5224168,-3.7388445,-1.5224788,-2.2671761,-1.7784086
-4.6047739,-0.8702532,-0.0641973,-1.9188646,-2.9542338,-0.5713052,-1.1052873,1.6560192
-4.1839836,-0.9264649,-0.5613091,-2.4060917,-2.0173766,-0.5378430,0.5089603,2.0349603
-4.8349756,-2.7888338,-2.1674747,-3.1277864,-2.8077071,-1.4190027,-0.2690355,-0.5247985
-3.9130493,-2.5002540,-1.5434755,-2.7677482,-2.6584891,-1.7450571,-1.7350502,-1.4055643
-2.4468286,-0.7392189,0.0164242,-1.4150474,-1.8368548,-0.8429612,-0.7490234,-1.4537527
-2.0149777,-0.2417462,0.2985383,-0.5240245,-1.4591460,0.3389746,0.8081491,-0.8831727
-2.3405769,-1.4527606,-0.9563283,-1.5312018,-0.8650784,-0.6827954,-0.3983206,0.0374019
-2.2363805,-2.0045883,-1.6087702,-2.0963591,-1.1773579,-1.8435177,-1.9146613,-0.5860139
-1.0742531,-0.7057168,-1.0565049,-1.4968205,-1.3221303,-1.2135139,-1.5098491,-1.3735582
0.2667029,0.4119876,-0.2987013,-0.7629775,-0.2940050,0.0423359,0.0085955,-0.3299184
0.8215900,-0.3754355,-0.5829723,-0.2565979,-0.7677682,0.0431767,0.0386097,0.0638908
0.3489154,-2.1062325,-2.1245101,-0.9023863,-1.8940699,-1.8629137,-1.9355026,-2.1189982
0.2728555,-2.1684582,-2.3448258,-1.4789376,-1.3494879,-2.3333072,-2.1241748,-2.8968619
0.7904811,-0.1777438,-0.9343249,-0.7695882,-0.2181119,-0.5776063,-0.7310493,-1.0717704
1.5028937,1.8037447,0.7063730,0.4355850,1.0848755,0.7106619,0.1065362,0.6307410
1.9611413,1.5420822,1.3190000,0.9713528,1.2829857,0.6576067,0.2045032,1.4568137
0.5185170,-0.1902975,0.2521170,-0.1275417,-0.3140851,0.0409890,-0.2736997,0.2627617
0.9022062,1.0023392,1.3015373,-0.0314996,0.7463237,1.6594843,1.3614429,-0.5528713
3.0797566,3.0584879,3.2322259,1.7459311,3.3424851,3.6682051,2.9483876,1.6529833
1.9430156,2.3755623,1.9267542,1.4573499,3.0587937,1.8790928,1.3576008,2.3260319
0.8107917,1.6499399,0.9715514,0.6717049,1.6025301,-0.0456479,0.7155895,1.2127255
1.9453423,1.5550922,1.4938311,1.4187747,0.6041121,0.8462606,1.9923402,1.7799951
2.7414861,1.9723799,1.7956037,2.0280402,1.2093878,2.0586279,2.4782968,2.4707409
2.2747691,2.2580154,1.9323720,1.9286306,1.4736711,1.5800422,1.2528473,0.8629623
1.8488722,1.7063790,1.2635004,1.4063473,0.2807191,0.5509133,0.1184199,-1.0137507
3.2573443,1.2670296,0.7895539,0.7707572,0.4194666,0.8692429,0.8074373,0.3065887
2.9594213,-0.4688869,0.0844351,0.0915005,-0.2148515,0.5760475,0.1375676,0.9744309
0.6946786,-1.2952203,-0.7199308,-0.0825105,-0.4375710,0.0702791,-0.9430793,0.2363606
0.9298212,0.8243874,0.4932584,0.9067294,2.0226042,1.0692741,0.9324851,1.9601945
0.1283362,0.7790547,0.6683290,0.7107489,1.7085870,0.2093225,0.9365789,2.3818108
-1.7108462,-0.9876583,-0.8141114,-0.3231770,-0.7926361,-1.0164424,-0.5692128,0.0817085
-1.9317774,-1.9948120,-1.7866610,-0.6993456,-1.4199416,-0.8129418,-0.4170318,-1.5614673
-2.3922317,-2.8048145,-2.3295977,-1.1504218,-1.1541712,-1.5972350,-1.3193927,-1.9733597
-1.9436989,-1.6082276,-1.1513852,-0.0785508,0.2036563,-1.0805989,-1.1193970,-1.2369309
-0.8396006,0.3745907,1.0941109,1.8497471,1.9722886,0.9379942,1.0491370,0.1518774
-1.1685045,0.4724698,1.1689393,1.1505574,0.7041104,0.5603021,0.6918455,1.0767095
-1.4684124,0.1145537,-0.1643779,-0.7463559,-1.0946640,-0.7351596,-0.5524243,0.2743232
-1.0280489,0.2487210,-0.3581503,-0.7724546,-0.6728195,-0.4914254,-0.2247417,-1.3133635
-0.2050225,0.7606257,0.5574921,0.4113580,-0.3993977,0.0199136,-0.0120981,-1.2240519
0.5037517,0.4372009,0.6837815,0.1610352,-0.6411441,-0.6331335,-1.1047911,-1.5279883
1.2672997,0.0885334,0.5865459,0.2087796,0.1460482,-0.4416619,-0.9961926,-2.0364582
1.5341451,0.9541671,1.2532682,1.5274931,1.1093850,1.2155981,1.0843407,0.2667450
-0.0877392,0.6124219,0.5621432,0.7071241,0.8104613,1.1647405,1.3580320,1.5877853
-1.6002247,-0.5180599,-0.8939761,-0.4850072,0.1912793,0.0663226,0.4546273,0.6092031
-1.1312980,-0.7622522,-0.4556604,0.2239872,0.2606017,0.4294881,0.5291595,0.0743624
-0.7182957,-1.2332731,-0.3191912,-0.7937376,-0.3456385,0.3400494,-0.1637818,-0.9208793
-1.2694869,-1.4027599,-1.3873032,-2.4853878,-1.5729542,-0.9541500,-0.9033174,-2.3308256
-2.1950692,-1.7507390,-2.1197737,-2.2554561,-2.1922632,-2.1556151,-1.8255312,-2.9847058
-1.3490236,-1.6531801,-1.9568007,-1.1702441,-1.7475747,-1.4279402,-1.9372095,-0.2771322
1.1515455,0.4022028,-0.0123636,0.6268101,-0.1661103,1.6972266,1.3052840,3.9124327
1.3462540,1.1621726,1.2795294,0.7280678,0.4917091,2.5430935,2.4292117,3.2044616
-0.1283091,-0.6756283,-0.5743554,-1.6423610,-1.0390797,-0.6075542,-1.0008662,-0.3542876
-1.8721995,-2.8579416,-3.3613900,-3.0576589,-2.4419564,-3.8566824,-3.6129491,-2.4802996
-2.9077570,-3.1193522,-3.8168632,-2.4571297,-2.5855280,-4.2471070,-3.1361218,-2.6420821
-1.9342727,-1.6384640,-2.6365698,-1.7749222,-2.5057836,-2.7912251,-1.5434083,-1.5919613
-0.8447970,0.0133238,-1.0320575,-0.9534358,-0.7026328,-0.9413616,-0.3829913,0.8307585
0.5581146,1.8896541,1.5742865,0.9014615,1.8823916,0.9651428,0.5059496,2.4623060
1.4100072,2.0926826,2.1971134,1.4863349,1.2222651,0.8111553,0.9107290,0.3222689
0.8113709,1.0591786,0.9317519,0.7592768,-0.3963489,-0.6317822,0.5298150,-1.3545598
2.3626881,2.2266182,2.0525519,1.2552224,0.6590693,0.0100893,0.4768564,-0.3928544
4.6009857,3.6168875,3.7352797,2.9644690,3.0225757,2.6090029,2.1004957,1.9380990
2.8422003,1.8788530,2.1581550,2.8060878,3.2706608,2.7170098,1.9812192,3.7580434
-0.1794040,-0.5471154,-0.1663351,0.2739077,0.7515269,0.1748529,0.0137410,1.6214130
0.0264214,-0.0863198,0.5977276,0.0303370,-0.2283406,0.7646214,1.4806946,-0.9501188
1.6163479,1.4136288,1.9883525,1.1787627,0.8804320,2.7601291,2.6700962,0.1911002
1.7732239,0.5294002,0.9610330,0.0610219,0.7984770,1.8430629,0.6160693,0.6328092
1.0321021,-0.6174342,0.3140237,-0.0496353,0.6742215,0.8414125,-0.2195587,-0.2586897
-0.2498837,0.0343160,0.7636254,1.1106825,0.4316488,0.6630928,-0.0297696,0.0491735
-1.8353377,-0.4504598,-0.6459095,-0.0238766,-0.6453412,-0.6418260,-0.6668958,-0.8595114
-2.3943570,-2.0277442,-2.2995631,-1.9578046,-1.0812981,-2.0728920,-1.8081023,-1.6609587
-2.0173637,-2.6367368,-2.7059837,-2.6907473,-2.0547208,-2.5793285,-2.3869853,-1.7565517
-0.3696089,-0.8497605,-1.4955153,-0.8345261,-1.3860803,-0.7895094,-0.0292705,-0.6315491
0.3567239,1.2871126,0.1806139,1.0371981,0.4327346,0.9510423,1.2253710,2.2574885
-1.4237845,-0.2728819,-0.9545587,-0.3754471,-0.2802525,-0.6702047,-1.0703603,1.0807740
-0.9954355,-1.2681748,-1.4253700,-0.2050606,0.4289562,-0.7069414,-0.6237020,-0.5917957
0.5831425,0.3599414,0.5286466,1.2023226,1.9508283,1.0117250,0.9475486,0.9762567
0.3320732,1.0610699,1.5986087,0.0976961,0.7689337,0.6451682,0.5855390,0.1904504
0.9695837,1.1621089,1.1065135,-0.2281857,-0.6554234,0.4278265,0.7147606,-1.5753379
1.0711320,0.5942302,0.0948127,0.6809329,-0.5834108,0.3615945,0.0366951,-0.6001581
-0.3560678,0.1271899,1.0046185,1.3961681,1.1902817,0.5416997,0.5144925,1.5983971
-0.7332512,0.2481314,1.5340702,1.2245568,1.0461009,1.1863115,1.9033118,1.6398015
0.3753756,0.5448421,0.9437137,0.2487067,-0.2357198,0.8507208,0.9360680,0.1640266
1.4934222,1.3187218,1.7517535,0.6614959,1.7210974,0.8223565,0.5311893,0.0558943
2.5325915,1.1002197,1.0005877,1.2978009,2.4564851,0.9707132,0.3383972,-0.2766175
2.8167597,-0.2748074,-0.8662737,0.2952936,0.0017503,-0.4300849,-1.3253315,-1.5997796
1.4095298,-0.8309225,-0.2563571,0.1641775,-0.5557466,-1.4065719,-1.0193995,-1.2070007
1.4240750,0.4845436,1.2161713,1.6058126,2.0216500,-0.0123734,0.7807522,0.2510307
2.9479045,2.6149368,1.8204997,2.6963580,4.2096814,1.9982664,1.5954558,1.2472158
2.7578113,3.0476137,1.9459277,2.9384615,3.6406014,2.5567299,1.6580945,2.7986425
1.5182845,0.9151661,0.5214054,1.7601284,1.4177477,1.1493548,0.9445679,2.5291264
-0.4508442,-1.7829903,-2.5043211,-0.4315746,-1.4987499,-1.3056312,-0.7195888,-0.9445039
-1.8647866,-2.2092339,-3.1402677,-1.5771621,-3.3527691,-2.6644177,-2.2586819,-3.0692071
-2.4774230,-1.6168327,-2.4005400,-1.9962587,-2.9751717,-2.3839951,-2.2557524,-2.1347477
-5.2332836,-3.0220620,-3.9595609,-3.5114285,-3.2800334,-2.3801944,-2.2969798,-2.2064098
-6.3513016,-4.0699689,-3.5087021,-4.1286409,-3.7711623,-1.9419723,-2.2879179,-2.4728145
-2.6664640,-1.8819308,-0.1251008,-1.8153947,-1.3924008,0.4258264,-0.0007033,0.2055101
-0.0934808,0.3267648,1.1132989,-0.4021901,-0.1660664,1.6948440,1.6122429,1.5959153
-0.9640732,0.3535065,1.1659809,-1.2670174,-1.2349450,1.2211278,1.2050965,-0.2234670
-2.0137797,-0.0936121,1.2038296,-2.0580038,-1.0231218,0.4727041,0.0079797,-1.1938091
-2.9115412,-1.4489786,-0.8469407,-2.6095220,-1.9414790,-1.5792974,-2.3995639,-0.3632147
-2.4347706,-1.6532217,-1.3999830,-1.8604200,-2.7665704,-2.8151454,-2.8555868,-0.1599540
0.1915453,0.8765525,1.1064395,-0.1186477,-1.0082339,-1.6419312,-0.7051126,-0.7864360
2.0647966,2.5489095,1.9428902,1.3465463,0.7825534,0.3121745,0.8966440,-0.0604349
2.8876035,2.8879194,2.0867253,2.2710649,1.8662934,1.8424426,2.2398965,1.4606394
1.9829198,2.0593111,2.4029386,1.6293961,1.3464302,1.1507294,1.9123363,1.4214543
0.2234137,0.6202234,0.7134610,1.0461795,0.7965655,-0.1436240,0.0541270,1.2459682
0.4917248,0.4578141,-0.2057684,0.9570763,1.1223916,-0.1088095,0.1584629,2.1545581
-0.0750928,0.2746573,-0.1006486,-0.2074847,-0.1218946,-0.7016971,0.1600299,0.6103621
-2.8881246,-0.9779389,-2.2478178,-1.7341204,-2.1754632,-2.2527506,-1.9969445,-3.0971475
-3.5500789,-2.7630311,-4.5690064,-2.8946159,-3.9026614,-3.7439032,-4.0091170,-3.5024102
-0.6930606,-3.0190196,-3.1317047,-2.3737991,-3.1003447,-3.2293834,-3.2500430,-0.0109656
0.3689547,-1.3198645,-0.8638695,-1.0760159,-0.2707784,-0.7924381,-0.1714809,2.0941315
-0.9476839,-0.2230065,-1.0302007,-0.9254670,0.0850468,0.3357927,1.0041056,0.8473854
0.4002913,0.5728864,0.1946981,0.0957070,-0.0425027,0.8854208,0.5161431,0.2938488
2.6810242,1.3163350,2.0915382,1.3975673,1.4279544,1.7649595,1.4249296,0.5676250
2.5597130,0.9244810,1.3006275,1.3571715,2.3917557,1.9746554,2.4969009,0.1954051
2.5601641,1.7415478,2.9937306,2.5895015,3.7119565,3.2523411,2.9603562,1.0437425
3.2061438,2.0120946,4.0842039,2.9642553,3.6043794,3.3180302,1.6625323,0.8555040
1.9967264,-0.6321820,0.3593991,0.4304466,0.6527038,0.5689407,-0.6968293,-0.6379877
0.4752598,-1.0630742,1.6561300,-0.0003626,0.1891472,-0.1239002,-0.4386878,0.0648368
0.9000519,0.9493238,4.2534225,2.0626337,2.8522737,1.6906984,1.2662905,1.3186437
0.8819702,0.9784767,0.5405896,2.4150934,3.1623472,2.7186220,2.1348224,1.4149449
-0.0571817,0.5817868,-0.5702895,0.9213993,1.2146061,1.7546126,1.6276046,0.7584155
0.4167442,1.0641354,0.6211559,0.1006616,-0.0087203,0.1170466,0.0797023,-0.0842554
0.7091984,0.7577129,-0.9182675,0.8580332,0.1441802,0.2576055,0.1826835,0.3595680
-0.6364696,-0.2730570,-1.8646163,0.8656410,0.3979427,0.5023861,1.1978810,0.9381778
-0.6240285,-0.5680104,-1.8011789,-0.0852641,-0.8002000,-0.0697289,0.8480159,0.7631692
0.8797379,0.0387738,-2.0553157,-0.3710222,-1.0084072,-0.2035226,-0.1153130,-0.0016979
0.4036074,-0.8676539,-2.7656100,-1.8305612,-1.0342979,-1.7962253,-1.7856158,-2.5853921
-1.2854957,-2.6428106,-3.5134946,-3.1292867,-2.8953449,-3.1710644,-3.1000578,-4.5365068
-1.7020235,-1.2672075,-3.3839228,-1.0732685,-1.5847663,-0.8795922,-1.2481228,-2.2169952
-0.7281420,1.2313928,-2.1950435,0.7573055,1.0927604,1.6100958,1.6218321,2.0687641
0.1198891,0.6883858,-1.7920241,-0.4121688,-0.5441007,0.2590413,0.8856516,2.0024286
-0.8920222,-0.9204986,-3.7226809,-2.0805487,-2.5459515,-1.8290639,-1.4889995,-1.1514296
-1.0160370,-0.3788729,-3.7418278,-1.2100867,-0.8101998,-0.3575262,-0.7219675,-0.9294379
-0.1004664,0.6849913,-1.8376104,1.0444074,1.7412002,1.4704624,1.1222056,-0.2935547
-2.3197792,-1.0027220,-4.1923640,-0.2207276,-0.0392414,-0.5070374,-0.3615045,-2.3211487
-3.3412838,-2.6844453,-6.2516815,-2.5767748,-3.4063621,-2.3261747,-2.3980927,-2.3679293
0.3485393,-0.6710230,-4.5259065,-0.6812582,-1.2763432,0.1590441,-0.3507543,0.6059768
2.2666933,1.0456709,-2.4579385,1.9045977,2.3328049,2.3298631,1.8769336,2.7477326
0.4766757,-0.4455857,-2.3468740,0.9897404,1.7342620,0.8260796,0.8419433,1.5870010
-0.7128508,-1.1151554,-4.5412495,-0.6192858,0.0938374,-0.3222095,0.3245043,-0.5561263
1.1925975,4.7453452,21.7141459,2.9939654,1.0091583,0.3909072,0.7874229,2.1398378
3.3561385,11.3336323,62.7404751,8.0283930,2.2531153,-0.0381658,-0.3731558,5.6190113
0.8770686,5.6749724,41.0065696,4.3217080,0.2858391,-1.9738071,-1.9380330,1.3510094
-1.9030798,-3.3476978,-8.8222323,-2.4656281,-1.1888838,-2.0132212,-1.6282183,-3.2494379
-0.7799274,-2.9587749,-14.7890460,-2.8492100,-0.3305221,-0.0976387,-0.4367974,-2.1344873
-0.8990285,-1.7453928,-9.4929873,-1.4770841,-1.1455015,0.4287980,-0.1738906,-1.2813969
-1.2244764,-1.8958010,-9.2956719,-0.6067948,-0.3545714,0.7764278,0.7105718,-0.7108381
1.1745189,0.0329496,-3.6840144,0.9265125,2.7806135,1.8581630,2.2741702,0.9328270
0.7953696,-1.5235069,-6.7343774,-0.5654231,0.9201419,0.2129087,0.7591483,-0.2128746
-0.4327363,-2.8308320,-9.2826260,-1.8003790,-1.5627620,-1.4569351,-1.1038640,-1.6951718
1.1687147,-0.5045168,-5.3090301,-0.3624611,-0.1255960,-0.1106019,0.0538507,-0.1725188
0.3707887,-0.8877735,-5.7762890,-1.2509587,-0.4487852,-0.4647384,-0.7936258,-0.7925126
-0.9514374,-1.8064616,-5.8128527,-2.1463157,-0.6629867,-1.3563428,-1.9149518,-1.9412640
0.0047296,-1.1294327,-4.8158470,-0.8835882,-0.2406534,-0.1800326,0.0865164,0.1526301
0.0926320,-1.2320484,-4.5183777,-0.1848037,-1.0769097,-0.1125574,0.5165325,0.9847034
0.2757589,-0.0962469,-1.4847233,0.2903327,-0.1596037,-0.4284207,-0.1981948,0.8216570
-1.0162773,-0.5490328,-2.5610026,-1.2628880,-1.8284090,-2.0037920,-2.1526361,-0.9332041
-3.5206536,-3.1380523,-4.9137116,-3.6138357,-5.1072185,-4.1221278,-4.6550179,-3.7762560
-2.5570246,-2.5080649,-1.9753813,-2.4818898,-3.2959730,-1.9831790,-2.2765624,-2.1402346
-0.6936738,0.0018271,-0.1920096,-0.3641073,0.1488157,1.3950701,1.6872087,1.8100073
0.4856679,2.1953243,0.7769938,1.1234471,2.9084411,2.7254896,3.5615997,4.5774000
1.5919923,2.7636542,2.7840328,1.8509281,3.4004607,2.2847079,3.2887786,3.8372545
0.6203125,0.7151719,1.6915973,0.0955164,0.3959262,0.6272920,0.9491166,0.7472782
0.2221504,-0.2328164,0.1766591,-0.7569642,-0.2332435,0.5891128,0.6479155,0.2985525
0.8924880,0.6075153,1.3769203,0.8087185,1.2656571,1.3806923,1.5800396,0.1986769
-0.0971086,0.7941210,1.5852926,0.6249068,0.6217440,0.8161058,0.9297875,-0.2558070
-0.2926909,0.5460407,0.7440966,-0.3000729,0.0306631,0.3238182,0.1068140,0.5645484
1.3952330,0.9111390,2.3928118,1.1036877,0.8852917,0.8921808,0.0231669,-0.4114349
1.9304051,0.8111027,2.7005929,1.8876265,1.0937018,1.4959865,1.2038005,-1.2579912
1.0179878,0.1362206,0.7259341,0.7939833,0.3810037,0.5501555,1.0493808,-0.5265303
0.7949595,1.2586557,1.7846962,0.4772313,-0.1257982,-0.6237058,-1.3071773,-0.5931789
0.9917521,1.5266616,2.1559435,0.5920993,-0.6915394,-0.7883731,-2.1776095,-0.5648112
1.4533690,-0.4881252,-0.4191755,0.4822959,-0.4688365,-1.1529518,-1.2070502,-1.1451755
2.9746803,-0.1596330,0.1758302,1.5266425,1.5551246,-0.1360075,0.3519970,-1.6321720
3.2195371,1.4900263,2.0999762,2.5030961,2.5726698,1.4103509,0.8501931,-0.7051597
1.8908323,1.5000689,1.0737417,2.0777351,2.3716557,1.1825744,0.3304857,0.1830616
1.2745434,0.5420802,0.0924306,1.7151768,2.9839923,0.7783821,0.6514711,1.1220513
1.3585905,-0.5948904,0.0861916,1.4339096,2.5518259,-0.2298651,0.5611174,1.4118016
1.8259896,-0.5284391,-0.5618811,0.9646398,1.2588968,-1.3315405,0.0214534,1.0705088
1.7327517,0.9831387,0.3284834,1.3379017,1.0249817,-0.1901558,0.6546668,1.2604873
0.2533032,1.5460243,1.8449638,1.3525127,0.5100733,0.8210488,1.1272939,1.2990887
-1.4085346,-0.1107317,0.1923548,0.1800390,-0.6473969,0.0051635,0.0471586,0.9653613
-3.2189122,-1.5247025,-1.6445041,-1.2409942,-1.8779440,-0.8247254,-1.1518420,0.4751790
-4.2119043,-0.8091365,-0.6596636,-2.0302465,-2.6752117,-0.6480253,-0.6872306,-0.0596682
-3.4701876,-0.2773486,-0.2637182,-1.8812146,-1.9835002,-0.0689367,-0.0399674,-0.3019331
-2.7760405,-0.8156581,-1.0154459,-1.5536162,-1.3817138,-0.0113101,-0.7815384,-0.3258285
-2.5275165,-0.7883293,-0.0993878,-1.5894412,-1.9073455,-0.5192580,-1.5359044,0.3416760
-2.9403134,-1.0609681,-0.0229729,-2.4673419,-2.8608983,-1.6797337,-2.0965802,-0.4757876
-1.9475501,-0.4607672,-0.7979666,-2.2155831,-3.0382962,-1.2914932,-1.4187786,-1.8629282
0.4242643,1.1441990,0.9575841,-0.3583819,-1.0558042,0.8015771,0.5789543,0.3906959
0.3262941,0.7247530,1.4785964,-0.2778681,0.4522471,1.0876554,0.9940421,1.5532125
-0.2395850,0.3954596,-0.0306992,-0.7270645,0.4296785,0.7575358,0.9424354,0.0862935
-0.7695968,-0.2666634,-0.1654997,-1.1494351,-0.0029336,0.3374848,0.1940677,-0.8089205
-1.8611505,-2.3441476,-0.7390635,-2.4843740,-1.1818919,-0.4761279,-1.5466733,-1.9219421
-0.5952527,-1.0916393,-1.1053130,-1.0753441,-0.2526893,0.7406084,-0.0992332,-0.9124948
-0.2771230,0.4809805,-0.4014435,0.5007763,0.5142939,0.7726060,0.7426231,0.0393361
-1.9645381,-1.3312056,-0.9911261,-0.8703364,-1.2623384,-1.1825262,-1.3040927,-0.8108513
-0.5768316,-1.3118105,-0.6373190,-0.0140838,-0.1663377,-0.1898419,-0.0124773,-0.3884089
1.2336679,0.7614771,1.5347152,2.5061399,2.5586861,1.8237939,2.5706779,-0.5774336
0.0166700,1.0609204,1.8126279,2.1877195,2.7366357,1.6745805,2.2527887,-0.4296286
-0.9938499,-0.0770349,-0.5412686,0.3261181,1.0745670,0.4439596,0.6277006,-0.2227973
-0.1627990,-0.7617834,-1.8910075,-0.5505992,-0.7047571,-0.9244257,-0.7305057,-0.4761999
0.7540203,-1.0104204,-1.2462231,-0.7459837,-1.6931064,-2.0559184,-1.5384276,1.0578774
0.4507384,-1.6354347,-1.8883286,-1.0967203,-1.7710928,-2.2797240,-1.7723745,0.1539795
1.3751880,-0.2611607,-1.1906897,-0.3211982,-0.0454372,-0.5113278,-0.1045879,-0.9175621
3.4943414,2.2076126,1.8131872,1.0574949,1.1743936,0.9036908,1.2562905,1.2824249
2.9330723,1.3364971,0.9056834,0.8149516,-0.1089365,-0.0976238,-0.0497258,0.6659514
0.7035379,-1.3285818,-1.8753165,-0.7577197,-1.3600450,-1.1689778,-1.3773488,-1.4991578
-0.6301049,-2.1768860,-1.7750405,-1.7354308,-1.4543854,-1.3828274,-1.5143188,-0.6778487
0.1686179,-0.5563044,-0.0816598,-0.2682620,-0.1647575,-0.4243427,-0.1923999,0.6919820
2.5900838,1.7584809,1.9340164,2.0867882,1.8881894,1.6991559,2.3307398,1.1076191
2.7189029,2.3597565,2.5239802,2.2410372,2.2494691,2.1288187,2.7222217,1.6971994
0.3249138,1.0590924,0.8308130,0.8181493,1.0289076,0.3676652,0.3247874,1.4708981
-0.7585616,-0.0221354,-0.4206938,0.0268451,0.2427869,-0.6235786,-0.7792572,0.4077010
0.4467080,0.9079824,0.8437569,0.8183574,0.3980861,0.5796217,0.7781447,0.9587568
1.1407620,1.3146253,1.3619261,1.3636707,-0.0692014,1.1543678,0.8570077,1.6425305
0.4912863,0.1743116,-0.0676231,0.4700677,-0.3922306,-0.3910617,-1.2743454,0.3333471
0.3137695,0.1614313,0.1217615,0.2311336,1.1928742,-0.7294818,-0.9436473,-0.1635592
0.2969575,0.9000358,1.0530015,1.0033184,2.2756918,0.8147999,1.5860880,0.7624752
-0.7007430,0.9565139,0.7752643,1.3173500,1.4936575,1.3240436,1.6143251,0.1356188
-2.0216006,0.3847571,0.2863312,0.4165402,0.1891614,-0.0727371,-0.5321214,-1.3308022
-1.7712098,-0.0880331,0.4081347,-0.7170682,-0.8453597,-1.0024127,-0.7880086,-1.8690053
-1.3320979,-0.2040399,0.4279521,-0.2752691,-0.8177457,-0.2329531,0.4845035,-1.3997763
-3.1820617,-0.9714989,-0.9621364,-0.8026810,-0.6869318,-0.6985631,-0.6210449,-1.1353329
-3.9429317,-1.5298063,-1.8982691,-2.8014084,-1.8764118,-1.9747584,-2.4569103,-2.7822474
-1.5901916,-0.4577868,-1.1364039,-1.7317985,-1.9605811,-0.8760285,-1.2490985,-2.9029769
0.7356149,0.3362377,-0.2149688,0.4182103,-0.0086268,0.5148199,0.5758516,-0.5506763
2.1222324,0.7226367,1.1706334,1.1599089,1.6319922,1.3591242,1.7845746,1.6191839
2.4754456,1.1892339,1.6209721,1.8160138,2.0381136,2.3196260,2.4384608,3.6534319
0.4882530,-0.4817467,-0.4888022,0.1634442,0.2703012,0.9332631,0.2476038,2.2416625
-1.0266856,-1.5725944,-1.2536207,-1.4586519,-1.3077687,-0.6803927,-1.2724817,-1.1893685
-0.1152004,-0.8503920,-0.4903864,-0.6064299,-0.9675367,-0.6076735,-0.5183202,-1.5415295
0.9295208,-0.5533269,-0.8139806,-0.3901339,-0.9103653,-1.1530451,-1.0562003,-0.5660471
1.3638660,0.7352454,0.0583839,0.2563083,-0.4318502,-0.8458666,-0.9272698,0.6748725
0.4778172,0.8845680,0.5761905,0.3192167,-0.3126106,0.0191058,-0.0283899,0.7935692
-0.8857815,-1.3427921,-1.2727382,-1.7290962,-1.4677781,-0.8394327,-1.2340192,-0.5601389
-0.6353408,-2.3654817,-1.7320335,-1.9521501,-1.6807708,-1.1767958,-1.7008032,-1.3031348
0.2155255,-1.4702347,-0.2305678,-0.5265486,-0.2843143,-0.0435675,0.0073371,-0.9330955
1.1909339,0.0666858,0.9100167,0.3478153,0.9034876,0.7762586,0.6825444,1.3052255
1.3872481,0.1910087,0.6067568,0.5752056,-0.0601349,0.3700364,-0.0512339,1.2104524
-0.3263649,-0.6741411,-0.6051217,0.1970578,-0.5082895,-0.0659565,0.0459490,-1.2511845
-1.0893954,-0.2106663,-0.6665011,-0.1115141,0.5443814,0.4010116,0.6842562,-0.5002720
0.3051904,0.0922017,0.0984287,-0.2480750,0.4872931,0.3076419,0.1680969,0.7801642
0.8011685,-0.2135824,0.0674279,-0.0892174,0.6700806,0.0060238,-0.4307967,0.5548726
-0.4444823,0.1566424,-0.5048996,-0.0101883,1.0122720,0.0178575,0.1086288,0.3482918
-1.8021100,-0.0151870,-0.9934731,-0.6493459,0.2786282,-0.8890512,-0.1518253,-0.4139808
-1.9276657,-0.5151487,-0.9664389,-0.7206453,0.2033445,-1.4131764,-1.2433039,-0.5976209
0.4953609,0.6238927,0.3482133,0.8137621,0.5596837,0.0885377,-0.5240288,0.8049300
2.2970296,1.3929388,1.0188348,1.1898514,-0.5727971,0.8516461,0.1199183,1.4486257
0.6737183,0.0160189,-0.5374110,-1.0785195,-1.8863210,-0.9093055,-1.4508394,-0.6465126
-0.3791418,0.0868350,-0.5779339,-1.5231252,-0.7810629,-1.1459588,-1.3685990,-2.2955029
-0.0245967,1.9475448,1.3973654,0.6815969,0.8417329,1.0259995,1.3336871,-0.2612563
-0.4601608,1.5078658,1.4005904,1.2550007,0.2869592,1.0859789,1.6579792,0.8721051
0.0823391,0.2566857,0.5813396,0.7812271,-0.3160893,-0.1165006,0.0632588,-0.4523217
0.5526509,0.1998498,0.4863368,0.4147990,-0.0658178,-0.0201128,0.1157634,-0.7392183
-1.0423106,-0.6533995,-0.5092109,-1.0490387,-0.8566800,-0.2703376,0.0498489,-2.0249833
-0.8502814,-0.8379311,-0.8983917,-1.6728135,-1.4103156,-0.6559758,-0.6269686,-2.3432224
1.5582495,0.4331797,0.7941508,-0.1511534,0.1787271,0.2076974,-0.2147722,0.9521886
2.3193426,1.6713340,2.8806400,2.5523954,3.0687934,2.6065218,2.2017428,4.5449313
1.7151361,2.5824858,3.2996280,3.7760636,3.9874668,4.3210346,4.9397211,6.2972611
0.7341684,1.7359634,1.6808512,1.7639282,2.0632632,3.0498096,4.0235045,3.9935013
-0.5262407,0.3137512,0.2936759,0.3696532,0.5521353,1.2018014,0.9658581,0.4832312
-1.1562148,-0.3225962,-0.3947300,0.2352518,-0.2703356,-0.1293877,-0.7953256,-0.1731700
-1.2185464,-1.3054067,-1.2972864,-0.8027899,-0.7038762,-1.2486054,-0.7087655,-0.2688942
-0.1405165,-0.7764916,-0.6968934,-0.2348378,0.5682721,-0.1931744,0.9427337,0.5624458
1.4158724,0.7003825,-0.0864159,0.9684842,1.4748336,1.4119144,1.4018752,1.5431049
-0.2807798,-0.4965024,-1.2059297,-0.3925302,-0.0986933,0.0500217,-0.6758707,-0.5442979
-2.1590673,-1.2166459,0.6306153,-1.2422483,-1.9913389,-1.7466790,-1.8935758,-2.2653832
0.0730881,-0.3597779,1.9395994,-0.6955169,-2.1200565,-2.0726502,-1.5361750,-1.9522184
2.4382603,-0.6702323,-1.1723248,-0.8689280,-0.5860973,-1.7785566,-0.9318197,-1.1373230
3.6963150,0.6251886,-0.9010053,0.3279915,1.3542582,0.1016633,0.3092075,0.5669838
4.6426408,2.7445781,1.4548964,2.3732513,2.1012853,1.1626699,1.0057249,0.0410760
2.7162416,1.3571637,0.0899866,1.9257330,1.4666649,-0.2352489,0.4642093,-2.6043321
0.2710305,-1.4898440,-1.8167327,0.3983111,0.7362126,-1.3988850,-0.5891921,-3.0075192
1.0433563,-2.5005431,-2.0562086,-0.0340089,0.7577812,-1.6118094,-1.3770896,-2.1127591
0.7373091,-2.5380473,-2.3761261,-0.4074084,0.0221262,-2.0727430,-1.5986093,-2.3908717
-2.7805219,-2.3218237,-3.4647390,-0.8981724,-0.9848444,-2.3948640,-1.6408113,-2.7625955
-3.2711135,-0.9874689,-2.5732266,0.0397929,0.1302830,-1.1369308,-1.0897738,-0.8200794
-1.8077647,0.1044864,-0.2381412,1.2128566,0.8362360,0.5119676,-0.4213860,1.2177686
-2.9140936,-0.2188086,-0.5491940,0.8842487,0.3752870,1.1882363,0.1617740,0.6929269
-2.3265866,0.3898687,0.2668511,0.9378054,1.0905498,1.7282639,1.0736126,0.7433687
-1.5405566,1.4525042,3.6501254,0.5735728,0.3059922,1.4494029,0.5950169,2.5669666
-3.7691930,0.3185703,2.4900039,-1.6894738,-2.3200556,-0.0874045,-1.0184239,3.3042549
-3.8101502,-1.3135380,-1.4273360,-2.7316524,-4.4850358,-1.6337700,-1.8986914,0.7779610
-2.4449041,-1.7565081,-2.3007386,-2.6722634,-5.4899159,-2.5208412,-2.5243718,-1.9014582
-1.9889564,-1.4285614,-1.1977027,-2.8634468,-3.6190398,-1.9571088,-2.2227795,-1.4808011
-0.5196558,-0.1812756,0.3357406,-1.3323666,-0.3428357,0.0612205,-0.3984869,-0.2009974
0.3409129,1.2883847,1.7122792,0.8216022,1.3151992,1.5066942,0.9804044,1.4053676
0.0343270,1.4689087,1.8141208,0.4716347,0.1321179,0.7925779,1.0233045,1.6967979
-0.7254338,0.4996348,0.1685918,-1.5064368,-1.8936950,-0.6617624,0.0991578,-0.6537938
-1.2076821,-0.6595885,-1.4251087,-2.5959598,-1.5599493,-0.9222141,-0.7724858,-1.8906302
-0.1317072,-1.8472027,-1.6354972,-2.8943132,-1.0569024,-1.2677895,-1.4157963,-1.5148675
-0.0094401,-2.2137803,-1.8264876,-2.6021562,-2.1251331,-1.8871170,-1.8974931,-0.8494577
-0.2036659,-0.4801058,-0.9364809,-0.6724273,-1.1302197,-0.2346128,-0.0985355,-0.2386854
1.9114262,2.2896113,1.9011968,1.9224766,2.3730797,2.3673267,2.7549071,-0.7088874
2.5439240,2.8865793,2.8678525,2.3393542,3.5979186,2.4331967,3.0671053,-0.3908236
2.4606237,2.3478804,2.3635703,1.7164734,2.8337275,1.8948398,2.3760085,1.9930456
3.7355489,3.0476763,2.9336447,2.5179633,2.1942655,2.7528888,2.3798959,3.6016802
2.5368894,2.0866528,2.2128379,2.5149414,1.0281871,2.5503951,1.5660479,2.7668828
0.6659993,-0.4266458,0.7152962,0.8847489,1.2116199,1.6205216,0.8588540,0.9767546
0.6337031,-0.5675851,0.9602153,0.1192851,1.9683612,1.5736006,1.4644499,0.0020874
0.7287320,0.2678667,1.2764335,0.3367683,1.0383727,1.1409679,1.2698900,0.0255462
0.4637706,-0.5492341,0.1817272,-0.0728314,-0.5189208,-0.2095531,-0.7223960,-0.5022808
0.0608784,-1.1485171,-0.4572057,-0.3318073,-0.8840401,-0.8999602,-2.0116739,-0.6231882
1.4452031,-0.1807181,0.3514383,0.8928262,0.2232294,0.3158989,-0.4180186,0.7681175
2.6058101,0.0087035,0.2129825,0.9688965,0.6798611,1.1323115,1.3640628,0.7513590
0.9507582,-0.2600691,-0.1447923,0.1055221,1.1124082,0.3334141,0.6850788,-0.4945080
0.1257001,0.9387445,0.6932800,0.9825879,1.4556953,0.1901044,0.1446108,-0.1251142
0.1054569,0.8555682,-0.2234814,0.6253749,-0.1762480,-0.0676979,0.2571561,-0.5711462
-0.9827491,-1.0137463,-1.9267635,-0.9008943,-0.8140006,-1.2414666,-0.7336121,-1.4935602
-0.0753705,-0.3486206,-0.8790565,0.2428088,0.6727737,-0.4853720,-0.4392730,1.1516587
1.0414971,1.2039294,0.4087160,1.0397435,-0.0188221,0.3136920,0.4255056,1.7611842
-1.5286835,-0.6032293,-1.2020362,-1.1859048,-2.9373794,-2.4564390,-1.7201160,-2.6145013
-3.6472542,-2.6024984,-3.1715165,-2.6134419,-3.1462961,-4.7751272,-3.9048539,-4.1366475
-2.5061648,-1.6455842,-2.5300167,-1.0983932,-0.4032853,-3.0292912,-2.4352725,-1.1308656
-0.8027362,-0.4277336,-1.0165765,0.4653467,1.2076103,-0.5128339,0.0568861,1.3880149
1.1346491,0.0934910,0.0611498,0.9224481,1.0155572,0.4979496,1.0181548,1.7992211
2.0767208,0.6908790,1.1618600,1.3415897,0.6241040,0.9963682,1.5969321,2.4276776
-0.3042469,-0.1049460,0.4089357,0.1336890,-0.2137698,0.0511763,0.4982994,1.4274858
-2.7189825,-1.6020389,-1.4382356,-1.6678578,-1.3171768,-1.7515303,-2.3812126,-2.1449576
-1.9167660,-0.5870488,-0.9595822,-1.1515344,-0.5575745,-0.8860174,-1.8390372,-1.5612521
0.0485596,1.8818275,0.5280582,-0.0607921,0.9323309,1.3731149,1.4976808,1.5647725
0.6663229,1.3212986,0.2797280,0.2076899,0.3975257,1.3057755,1.9398661,0.3398886
-0.7419444,-1.6359799,-1.5333899,-0.5882511,-0.6846831,-0.5175563,-0.7433096,-1.7934329
-1.4400561,-2.1436282,-2.3556476,-1.6028223,-1.0980508,-1.1888969,-1.9549173,-1.4727795
0.9031351,0.2701328,-0.1028174,-0.5177000,-1.1098748,0.2322096,0.1613366,-0.4667468
2.7833658,2.1426242,2.0777834,0.8259547,-0.2392247,1.8399267,2.0520120,0.7730103
1.5559981,1.7298175,1.4080339,0.7407001,0.5126280,1.5905190,1.4635830,0.9331351
-0.2220966,0.5619380,0.8813873,0.7614432,0.9022927,0.4584561,0.2533995,-0.0463382
0.1275830,0.3339663,1.5123474,1.0426807,1.6170633,0.5356573,0.5913262,-0.3753033
0.7882177,0.2403418,0.9567242,0.8453180,1.2017737,0.6037700,1.3764566,0.1930833
-0.5036602,-0.0304252,0.0873614,0.0757869,-0.7121482,-0.1162107,0.6807023,0.9257791
-2.4769991,-0.4051377,-0.2504137,-0.9951428,-1.5550085,-0.6804890,-0.7629085,-0.6914852
-2.9392388,-0.7576103,-0.5178698,-0.7409949,-0.1775745,-0.9643894,-1.2728048,-2.2332928
-1.7197428,-0.5267658,-0.2239720,0.6974442,0.6282374,-0.2557507,-0.3345120,0.0450537
-0.2536988,-0.2215140,0.3081283,0.9823188,0.0997158,0.9748202,1.0289756,0.9814537
1.1566580,0.6491531,1.0125233,0.9105688,0.7620639,1.6161910,1.7776884,0.8818704
1.8041663,1.3256984,1.1036024,0.7870884,1.5317057,0.9707590,0.7996501,1.9973052
0.7845766,-0.3799218,-0.6750137,-0.8034821,0.2048045,-1.2702386,-1.3265720,0.1882092
0.4368295,-1.9649080,-2.0562859,-1.4556534,-1.2962042,-2.1503334,-2.0009909,-1.0509783
0.6625886,-1.3608198,-1.4576117,-0.8058502,-1.3725229,-0.8811471,-1.1864691,-0.1141792
-0.5702436,-0.5204154,-0.8957434,-0.8428851,-0.9864169,-0.4218635,-0.4300061,-1.0520590
-1.4133519,-0.6175720,-1.4310028,-1.1835632,-0.8227473,-1.1167059,-1.2458619,-1.5434050
-0.7536533,-0.8171016,-1.3037493,-1.6250146,-0.7028885,-1.4554293,-2.3901357,-0.7362791
1.6778890,1.2876965,1.7170357,0.4826046,1.0587927,0.8693784,0.1244921,0.8796348
4.0265210,3.3145943,4.0950298,3.5868036,2.6524485,3.5353566,3.1255381,2.3012609
1.5213770,0.8829025,1.4008038,1.6622992,0.2521522,1.3133780,1.0398347,-0.0212276
-1.1914233,-0.8993990,-0.4643605,-0.6130869,-0.7245969,-0.9384313,-1.1318329,-1.5709632
-0.2358047,-0.3963857,0.2541687,-0.4308538,0.7243168,-0.5431599,-0.4427660,-0.6309246
0.2237053,-0.6403995,-0.1824748,-0.7798715,-0.2856791,-0.6872579,-0.5745918,-0.5602846
0.7288912,0.4672242,0.7698328,0.2373943,-0.5495864,0.3159519,-0.4477786,1.6407815
0.4344496,0.7581764,1.2994481,0.7302982,-0.2365749,0.7196585,0.1468369,1.8953851
-1.7172052,-0.4893152,-0.3725827,-0.4834734,-0.8586365,-0.1111614,0.2944643,-0.3598681
-1.7549587,-0.5113045,-0.8545105,-0.7124945,-0.5226033,0.1515557,0.5923359,1.0180976
-0.8942226,-1.0807915,-1.2814965,-1.2185241,-0.5081642,-0.4181709,-0.3553001,0.7536677
-0.7090320,-0.7912097,-1.2846440,-0.9888112,0.0317548,-0.3946696,-0.6254420,-1.5647127
-0.4465266,0.8196076,0.2101752,0.2977054,0.4621303,0.6362487,0.8053041,-0.3227711
-1.1651995,0.1370761,0.1499372,-0.4747744,-0.8693961,-0.0681313,0.5975505,0.8152736
-0.1931379,-0.2819296,0.0465084,-0.4926318,-0.5739541,0.2658337,-0.0788088,0.4676653
1.7402880,0.7607831,0.8877688,0.6598179,0.1703211,1.2562267,0.3808830,0.5071287
0.7032241,0.2176161,0.2233890,-0.2419211,-0.4943920,0.2990331,0.3509122,-0.3949538
0.9625526,0.6222417,0.3137123,0.2202905,0.8973411,0.9869190,1.1822976,0.1473152
1.5509826,1.4994337,0.8136699,1.4091942,1.5276976,1.9701434,2.2119438,1.0026084
-1.8885732,-0.2793637,-0.4912074,-0.5482740,-0.9054164,-0.2281067,0.3086471,-1.5078872
-3.3862507,-1.7324587,-1.5853780,-2.3750868,-1.9854017,-2.5733848,-2.5619973,-2.5061211
-0.2927355,-0.0989015,-0.1572429,-0.2861309,-0.4200591,-1.5800496,-1.8759919,-0.2828406
2.1378784,2.0770046,2.1934727,2.4108313,0.7796435,0.7583834,0.7018730,0.7073655
1.5318009,1.2631174,1.1678660,1.6194682,0.5617019,0.1951465,0.5084451,-0.2999448
0.4076524,-0.0597586,-0.4621450,0.7007947,1.7210409,-0.7783255,-0.2481281,-0.7988867
0.1082174,-0.4442071,-0.2619073,0.2706942,1.5560116,-0.8780181,-0.5019757,-0.5955583
-0.3601242,-2.1230423,-1.7843245,-1.5441168,-1.7067158,-2.0015371,-1.3954783,-0.5329983
-0.4903516,-2.6404299,-2.8198500,-1.3043163,-1.4660777,-1.4498554,-0.0909135,0.7536099
0.0732274,-1.0723652,-1.1873359,0.2963146,1.2192268,-0.0906740,1.2093255,0.9583565
1.4128550,0.0295189,0.2012356,1.1184928,1.6755154,0.1905934,0.3967754,-0.2327604
2.9865236,0.9643636,0.9442270,1.9412745,2.4504671,1.4055070,1.3019197,1.1149369
2.8185015,1.2430002,1.3000844,1.4845434,2.7309510,1.9040675,2.0672012,1.7713490
2.2760384,0.8085932,0.8571020,1.4259986,1.6093540,0.9280288,0.6359055,-0.0973488
2.3184343,1.3593285,0.7671950,2.7278038,2.0901279,1.0143687,0.4083644,0.5002910
2.1260496,2.2427228,2.0637155,3.2777259,2.7636500,2.2863843,1.7733888,3.1461459
2.4934401,2.6002798,2.8528858,3.4019508,2.4743665,3.1517724,2.8320929,3.3553826
1.7228536,2.2177417,1.2215838,2.6559726,1.6203882,2.1634450,1.8923153,0.7807722
-0.4472420,1.4379012,0.3676288,1.5896375,0.8641903,0.6260766,0.2092018,-0.7817818
-0.9684420,1.1729604,1.0631561,1.0400170,1.1680055,0.0495000,-0.0062643,-0.3212398
-2.2209096,-1.0320846,-1.2414754,-1.5099089,-1.3972330,-1.6077660,-1.6670221,-1.1232871
-3.8090700,-3.6758818,-3.4466064,-3.6433260,-4.8141428,-3.0563617,-3.6600084,-2.9421293
-2.4856895,-2.0370595,-1.7049208,-2.3279420,-3.3586922,-1.4821222,-2.0217310,-0.8692476
-2.6303460,0.2370053,-0.7128517,-1.4956324,-1.1285872,-0.3987309,-0.7390012,1.0689650
-4.9011539,-0.9817152,-1.8401396,-2.7126656,-2.3651205,-2.1559013,-2.4618687,-1.9740281
-4.2084359,-2.6242192,-1.9949473,-2.7828368,-3.7130480,-2.6668259,-2.8446158,-2.6845040
-2.8326665,-3.2651447,-2.2983829,-2.9327257,-3.5381467,-2.1155520,-1.9213489,-1.6634943
-1.9719133,-2.9020514,-2.5543146,-3.8231043,-3.5964368,-2.3971833,-1.9938070,-3.3919712
-0.1412644,-0.9242623,-0.6676849,-2.7070560,-2.3504187,-1.0835090,-1.0189189,-1.9564137
0.1034044,0.8500829,0.9601163,-1.4076258,-0.1690410,0.7266845,0.9244976,1.2071719
-0.7447653,-0.1127557,-0.1889414,-2.0307104,-1.0164557,0.2497763,0.5321511,-0.0342803
-0.7724006,-1.9647348,-1.7360177,-2.4484958,-2.5487423,-0.3387370,-0.5601768,-1.7590692
0.3724153,-0.2088473,0.0093816,-1.1603662,-0.8466726,1.1598662,1.0791507,1.5115427
2.9021222,3.0299641,2.8383603,1.2162650,2.3172148,3.1665205,3.5140370,5.3658411
2.7105587,2.5181718,1.6038229,2.0045304,3.0415290,2.8653012,3.4116082,3.6451872
-0.6156860,0.4563331,1.1467088,0.6220863,0.8247910,0.1878209,0.4436627,-0.2381596
-1.7079539,0.1000136,4.1223228,0.1654409,0.2711194,-0.4902195,-0.9190556,-0.7241028
0.0861174,0.2627972,2.4256959,1.1672094,2.4818950,1.3966600,1.1951519,0.3954969
0.8234668,-0.2974170,-1.3685993,0.9507595,2.2065223,0.5822877,0.9311440,-0.0712946
0.3013458,-0.1443974,-0.1149540,0.7404933,0.3019539,-0.5152802,-0.2759047,0.2460571
1.4123172,1.9154098,1.0220062,2.2181597,1.1660818,1.4265806,1.3239203,2.2052187
0.9554179,1.8723462,0.2053139,0.9237330,0.5285202,0.1107953,-0.6242866,0.3478399
-1.1152440,-0.8902420,1.8307282,-1.6743563,-2.2203698,-3.1685008,-3.7784568,-3.8082143
0.1474991,-1.6561790,1.5031900,-0.3487371,-1.5332818,-2.4365396,-2.0328696,-2.8857353
1.0459211,-0.7893345,-1.7968039,1.0768690,-0.1325946,-1.0786417,-0.8005724,-0.7868926
-0.2930789,-0.5007031,-1.5315158,0.2386243,-0.5067461,-0.6340288,-0.7762916,-1.1361161
0.7090332,-0.2295230,-0.0392721,-0.5043885,-0.3042395,0.0009380,-0.1892134,-0.5406410
2.2987153,-0.0923279,-0.6421420,-0.6063882,0.0515654,-0.0299147,-0.8712876,-0.1155629
1.7614345,-0.1881467,-0.7134816,0.8470468,0.7273213,0.6537919,-0.3863293,-0.1155404
0.8636693,0.3000119,-0.4769929,2.1778400,1.5890747,1.2334495,0.8367502,0.4477013
0.2477544,0.7036474,-0.7773157,1.4022045,1.1791179,0.4044629,0.7313971,0.7557528
0.4174385,1.0269082,-0.3581858,1.1303701,0.4278248,0.1247939,0.7069221,0.7370111
1.2377395,1.2779780,-0.0064310,1.4063324,0.3166345,0.2454589,0.5941597,-0.6745047
0.6954531,-0.3151448,-0.8155404,0.0394465,0.3094776,-0.2434053,0.2742707,-1.6579301
-0.7865165,-1.2496462,-0.8347563,-0.8255310,0.3425182,-0.1473995,1.0535646,-0.4496457
-1.3496698,0.4782804,0.4648865,0.0068269,0.7081985,0.5038877,1.6969863,0.3719675
-0.2808044,1.3229081,1.2539220,0.3636760,0.3846375,0.8274217,0.6655950,1.1850208
0.9099681,0.8213227,1.3896474,0.4798883,0.5987256,1.4336384,0.4361077,2.4288296
0.1525708,0.5904232,0.9558148,0.7298303,2.2203308,1.8051655,1.6590047,1.4001039
-1.4010645,-0.0119573,-0.0494928,-0.3216328,1.0585041,0.5003666,0.6544259,-0.4467555
-1.1244485,0.8030463,0.5636990,-0.3419315,-0.8015975,0.3171817,-0.3652705,0.4034578
-0.9934887,1.1437851,0.7214879,0.2705026,-0.4865039,0.8883750,0.1392827,2.3777294
-2.3076973,-1.7618812,-2.1607903,-1.7700103,-1.6774640,-1.7903238,-2.0236339,0.7857189
-1.2117758,-2.3741289,-2.7554536,-2.2106249,-2.1022124,-2.4443204,-2.3723546,-0.1702563
1.6039614,-0.0333650,0.1157127,0.1972035,-0.2741140,0.6746624,1.1369778,2.2283808
2.6257141,1.0039583,1.6742568,0.6982167,0.8068762,1.5591259,2.0427782,1.8823161
2.7478728,1.4959573,1.7124798,0.8240170,1.6855161,1.2433603,1.2549614,0.4506437
1.2754635,0.2658404,0.1662545,0.2848192,0.5576250,-0.2385323,-0.4793419,0.1104257
-0.2948422,-0.6294606,-0.5487425,-0.9808334,-1.1682141,-1.1221956,-1.1724874,-0.3863743
-0.1036049,0.4787297,0.6704697,-0.0270107,-0.5328979,0.6343616,0.9974124,0.0081921
-0.4038887,-0.1318928,-0.0528161,0.2155154,-0.4683489,-0.3229157,0.0215035,-1.5622221
-1.2228475,-1.1108848,-1.1194004,-0.5471850,-1.1974096,-2.0155039,-2.1046663,-3.3217981
-0.8399222,-0.3240996,-0.1232852,0.9246477,0.0768359,-0.3110224,-0.2813162,-1.6657837
-1.0542466,-0.1484809,-0.1348538,1.2390729,0.9973885,0.5047336,1.0251611,-0.2319835
-1.8982981,-0.3725365,-0.6192393,-0.0220327,-0.1043023,0.0954313,0.4898479,-0.3074044
-0.9268336,0.7916136,0.9202263,0.9688332,0.2568823,1.2489923,1.1249345,0.7073108
-0.5001384,0.4362829,0.5950162,0.5298067,-0.1411758,0.4918733,0.1258741,-0.0500952
-2.4587224,-2.5791782,-2.6715510,-2.9351461,-3.0770401,-2.9738658,-3.2901792,-1.9454516
-2.2034350,-2.0937225,-2.0191167,-2.4766385,-2.6969346,-2.6829985,-2.4115045,-0.7201292
0.2241430,0.3135987,0.3763297,0.1281186,-0.5039235,-0.0209622,0.8124463,0.0323904
1.4306544,-0.1169742,-0.2238643,-0.3847965,0.0606634,0.4113470,0.1677023,-0.3857142
1.7604148,-0.1282016,0.1188889,-0.3805491,1.0561480,1.0952290,0.0051968,1.4317752
2.4346201,1.7908282,2.2587691,2.1752403,2.9557866,2.5107369,2.7993582,2.6657112
2.5322652,2.1196282,2.4759843,2.6087933,2.9620907,1.4347262,2.2647984,1.0648982
-0.0325805,-0.5019818,0.1121205,-0.2192515,-0.1346324,-1.4224586,-1.7112083,-1.4149675
-2.3566265,-2.1571115,-1.8229022,-1.6903429,-2.1804385,-1.9662069,-2.4836284,-2.0177455
-0.5149752,-0.9509409,-1.4628236,-1.0234047,-1.3264428,-0.5545273,-0.6119522,-0.7413814
1.2592620,0.1132157,-0.1979778,-0.3949211,-0.2696159,-0.2686766,-0.5418295,-0.8172180
0.7249268,0.6271054,0.7753512,0.4535347,0.5936386,0.1692918,-0.5238484,-1.1351186
1.1464024,1.9471906,1.4885692,1.4320347,2.0353097,1.4977002,1.3370922,1.3428625
1.1388762,2.1869796,1.6893740,1.2462037,2.6561607,1.5765732,1.9805930,2.8510830
1.0862315,1.6303509,1.7942584,1.2035998,2.7796000,1.5792726,1.7102551,1.5215325
2.0058495,1.6347538,1.2309356,1.5546020,1.9591390,1.7999247,1.9967350,0.7201478
0.1690118,-0.1127056,-1.0291284,-0.5245611,-1.4562486,-0.1335651,0.2480421,-0.2902551
-3.1789478,-3.0228722,-3.3668160,-3.4900039,-3.4612148,-2.8551550,-2.5176635,-1.9946854
-2.7444905,-3.2661580,-3.0482197,-3.2041614,-2.3836681,-3.3336779,-2.8195960,-2.1888864
-1.0825542,-2.2724275,-1.3707270,-1.5483660,-2.3083823,-2.1603416,-1.9018638,0.0204069
-0.5272712,-1.0139806,-0.3122497,-0.5142797,-1.9209631,-0.7094781,-0.4167999,0.6476353
0.1497988,0.3779854,-0.1061813,-0.1551022,-0.3772433,-0.0004839,0.4719456,-0.6748449
0.2616525,0.5824599,-0.1738313,-0.1891715,0.1007780,0.1231103,-0.4033844,-0.0138356
-0.7405042,0.1745469,-0.3800653,-0.4306101,-0.3275816,0.3004221,-0.4365975,0.5759553
-1.5421685,-0.8000493,-1.0470086,-1.2033109,-1.2291956,0.1040390,-0.0910723,-1.3730814
-1.7911963,-1.7491768,-1.3501546,-1.3361275,-1.8573462,-0.1047779,-0.2411367,-2.1299763
-0.5136489,-0.0459988,0.1943114,0.5084091,-0.2337577,0.9528136,1.3259188,0.3814980
2.5087193,2.5139719,2.3984561,2.9269544,2.5057893,2.6566983,2.5863602,2.5760161
3.0897120,2.4852351,2.6777494,3.3191757,3.0372771,2.6790471,1.8744962,1.7751422
0.4938132,0.1809728,0.8278985,0.7085168,1.2537695,0.7262425,0.5503502,-0.0433724
0.6019530,-0.5344682,0.0129036,-0.7234201,0.3536701,0.1939121,-0.1669557,0.0335495
1.8713130,0.5350992,0.5305174,0.5455098,0.7222308,0.5770621,-0.0838041,1.2774382
0.7001319,0.1194109,0.4774732,0.9160866,0.9110647,-0.4834739,-0.3896672,0.4227224
0.2455324,0.1951017,0.8799376,1.1703703,1.3050291,-0.4439191,-0.2532289,-1.0805222
1.9622317,1.9908909,2.2345131,2.5344814,2.7054461,0.8874914,0.7542014,-1.3636756
2.4627408,0.9138190,1.3202357,1.4406078,1.8415150,-0.5743934,-0.8739854,-1.3430073
1.4176290,-1.3189765,-1.0608645,-0.4087881,-1.0582316,-2.8919296,-2.8381866,-0.4043459
0.9827984,-0.5414029,-0.8353876,0.6063226,0.0188396,-2.0998988,-1.5533215,0.1274085
-0.6363574,-0.0989504,-0.2586019,0.8635824,1.5790284,-1.0690115,-0.8670521,-0.5518642
-0.9596587,0.3220948,-0.1044388,0.8378520,0.9633113,-0.3037827,-0.0661056,-0.0949369
1.5242871,1.7707973,0.8858200,2.2005170,1.5954762,1.5756770,2.1742108,0.8855721
0.7330395,0.7353355,0.2157125,1.2184610,1.0932511,1.4801367,1.8126843,1.3970936
-1.9673390,-0.4034142,-1.2057345,-0.3671518,-0.4198453,-0.0121509,-0.1790280,1.7011869
-2.8734442,-0.0765266,-1.6161550,-0.8926707,-1.3989286,-0.4907498,-1.0502853,0.8655329
-2.7333390,0.2178782,-0.8216612,-1.0380790,-1.5458136,-0.0732832,-0.2010024,-0.1603983
-2.5415428,-0.8402976,-0.9589624,-1.5416362,-1.5516441,-0.5251392,-0.2957265,-0.3197321
-2.8988351,-2.8831465,-2.1984441,-3.2144886,-3.0787917,-1.9672800,-2.4820508,-1.2348224
-1.6025221,-1.2486659,-0.4601219,-2.1113929,-1.9408931,-0.3446257,-0.4375317,0.1895619
0.2117788,1.1303885,0.8175982,-0.3647924,-0.0085697,1.7464247,2.8807557,2.4567247
-1.3159721,-0.8921300,-1.4015212,-2.6216353,-3.0251706,-0.3869201,0.1978016,0.2547603
-1.2444866,-1.4565581,-0.6121137,-2.5465683,-3.7563204,-0.7853055,-0.8260372,-0.8985777
1.2771445,0.2479238,2.1584632,-0.1326652,0.0626762,1.5669942,1.5288523,0.7149365
1.6975205,0.9574169,2.4108887,0.0084653,1.8127625,1.9912477,1.3583245,0.9897714
-0.2000412,0.0543487,0.7165410,-0.9308276,-0.4051978,0.6187467,0.2616558,0.6129221
-1.3023641,-0.8266010,-0.2864531,-0.7932076,-1.8700627,0.0621877,-0.0070798,-0.9739255
-0.2563122,0.3314108,0.8335374,0.2717164,0.2707701,1.1785876,0.1030674,-1.1330180
1.1391810,1.3038444,1.8697786,0.8331640,1.2944655,1.4535297,0.3438246,-0.3770961
1.3420246,0.6447164,0.8796541,0.7032916,-0.0958505,-0.0654966,-0.2312794,-1.5485919
0.1179108,-0.7447845,-1.0875618,-0.3313691,-1.0472427,-1.4356839,-0.9657170,-1.9650977
-0.4891523,-0.6152568,-1.1149012,-0.5611657,-0.5982913,-0.9228765,-0.3315124,-0.9027754
0.5587956,1.4026952,0.4539177,0.7898934,0.8654293,0.6706060,0.7059126,-0.0622674
0.3417321,1.3868654,0.1523458,0.5306325,1.0019288,0.7640545,0.9783647,0.0401991
-0.0477061,0.4708117,-0.1350041,0.3947114,0.8967472,0.6162738,1.3568389,0.9123223
0.4506435,0.4696226,0.3695443,1.1531757,1.4746771,0.6521880,0.7909435,1.9467410
-0.7954218,-0.0263403,-0.5688712,0.2099231,0.8414254,-0.3331094,-0.5095635,0.9749323
-1.4609060,-0.0888145,-0.8463471,-0.1735778,0.0792278,-0.4226764,-0.3314256,-0.4430175
-0.9440896,-1.1968522,-1.3420905,-0.5937972,-0.6911496,-1.1245074,-0.9509172,-1.2142670
0.5098323,-1.2170683,-1.0783231,-0.4056178,-0.2345933,-1.8002244,-1.4110445,-1.4284580
1.6112435,0.6731410,1.0993794,1.0837347,0.7679929,-0.2454445,-0.1719379,0.8432003
1.4498565,1.3012232,1.9670848,1.6852964,0.9372555,0.9068892,0.5560798,1.2676982
0.2490568,-0.4467352,-0.3031729,0.6866143,0.5961930,-0.3198661,-0.1275436,-0.5876688
-0.9513603,-2.4042550,-2.6383785,-0.7588901,-0.5343793,-1.7704908,-1.4349978,-1.8044735
-1.6302425,-2.7673314,-2.4548718,-1.5522999,-1.6286504,-2.1796312,-2.1806724,-1.3133140
-0.6860997,-0.5544832,-0.7374421,-0.3992276,-0.7675490,-1.3097965,-1.2888872,0.1647793
-0.2400826,0.9236944,-0.6109685,0.0062049,-0.2138690,-0.7018704,-0.7725050,0.3139960
1.1586275,1.7910073,1.0056185,1.2363801,1.2314146,0.8451266,0.7756076,0.4528395
2.7756521,2.3101099,2.6175246,2.9296597,3.5349384,2.5559546,2.8032413,1.5198576
1.5676607,0.7479499,0.9731740,1.6230715,2.6834179,1.5133473,2.0323130,0.5700578
0.4240006,0.0352679,0.0625470,0.5914364,0.9966782,0.1081960,0.3968784,-0.3117097
1.7966673,1.8434935,0.8967950,1.8337973,1.1808954,0.6360067,0.3328709,0.3005245
2.0446070,1.3261176,0.3572946,1.5471816,0.8033480,0.7345327,0.6753413,0.4431387
0.6504225,-1.3004782,-1.5757697,-0.6236286,0.0735804,-0.3871628,-0.2089683,-1.0756371
-0.2482913,-1.6373765,-0.5101776,-2.2869234,-1.7164048,-1.0448783,-1.9866602,-1.6841218
0.3014888,-0.4865912,3.6670685,-1.8237028,-3.2761433,-0.6698233,-1.8564849,0.2052447
0.8976110,-0.1352153,3.0536067,-0.4299109,-1.6334341,-0.1823256,0.1503115,2.0455831
-1.0526745,-0.5189395,-1.1764093,-0.7666762,-0.6255220,-0.2146834,0.7073855,1.6970476
-2.7169826,-1.7643072,-2.9789793,-2.0841870,-2.2380672,-1.0515049,-1.3093574,-0.5028522
-1.9941525,-2.3831180,-2.7671445,-2.4389202,-2.4189005,-1.3218208,-2.6677732,-1.0344104
-0.2542700,-0.4227918,-0.6833386,-0.6405140,-0.6158324,0.1768248,-0.5402854,-0.9784925
0.6100200,0.7675597,0.6280858,1.2319453,-0.6257610,0.8230313,1.5202740,-0.9057679
-0.7476272,0.0008046,-0.3202390,0.2784905,-0.7919428,-0.3047509,0.4973525,0.4271771
-0.9565342,0.5567842,-0.0453604,-0.1266583,1.5414060,-0.4180500,-0.4152831,0.1806805
0.7191382,1.0976281,0.5459741,1.1239249,2.8786885,0.8146387,0.4619216,0.3173854
-0.3615553,-0.7918476,-1.7178414,-0.0898861,1.0052818,-0.1607956,0.1273730,1.4739112
-0.7893844,-1.0635205,-2.3577171,-0.6517615,-0.5055206,-1.7634915,-0.6740547,0.1843333
1.1843042,0.6318865,-0.1940485,0.6415547,0.4653304,-0.4401464,-0.1787135,-0.4567715
-0.7967298,-0.2879460,-0.7669093,-0.6249506,0.3860380,-0.2572512,-0.7948666,0.6318970
-1.6500447,0.1978042,-0.3255295,0.0228515,0.6133946,0.0340602,0.3140223,-0.2246568
0.8420205,1.6732232,0.8269420,2.3315667,2.1561257,1.6915759,2.3324399,0.4479722
2.7460206,1.4540749,0.7979174,2.2232363,2.1239414,1.8795998,2.0350287,2.5130150
2.5378320,1.0325440,1.0921265,0.3949178,0.2702108,1.6350913,1.8075629,2.9324599
2.2904594,2.0548334,1.2842008,0.6933248,0.3856814,1.5400200,1.8608143,-0.9324940
-1.8534352,-0.7935835,-1.7198286,-0.9912579,-1.3566557,-1.3550806,-1.4079578,-3.4724273
-2.2856070,-1.4929743,-1.3568034,-1.1288297,-2.0648598,-1.4701259,-1.8215685,-3.0376108
0.5592538,0.6680914,1.5315794,1.2433832,0.5557133,0.9330375,1.1410209,-0.9948517
0.3788607,0.7382242,1.9802783,1.3980395,1.5755954,1.8308218,2.3622459,0.9411163
0.6909202,1.4066765,2.2092188,1.1094668,1.2925474,2.2115280,2.2246063,1.4016369
0.9690855,1.5162363,2.0792622,0.6416607,0.9317093,1.4889301,1.1480344,0.7260600
-0.3081742,0.4931171,1.9921906,-0.5425031,-0.1171111,0.8999127,0.2774589,-1.4237662
-2.9974331,-1.5502684,0.7340364,-2.6333528,-2.1376869,0.1079331,-0.4630390,-0.7209694
-4.2747196,-3.5486494,-1.7273082,-4.2632283,-3.5602842,-1.5382024,-1.3837716,1.9358469
