-31.1321682,-22.2314782,-27.8323714,-19.5142353,-20.4977566,-28.3434222,-22.4910201,-30.0497602
14.4720990,7.9979838,12.8344771,-1.9180652,-3.3050791,15.3828815,7.0329490,10.8040812
-4.5697786,-7.2614137,-6.3033932,-13.9337900,-15.0035805,-5.6006496,-8.9194515,-8.7537989
-1.7097636,-2.5906302,-2.4266443,-8.4276162,-9.5995002,-1.1565954,-3.9070297,-3.2269550
7.5373148,4.4380471,6.4507745,-1.5506153,-2.6967315,7.8736581,3.9712541,6.8211138
-2.8093079,-4.6987366,-3.2083657,-8.0422753,-8.4210004,-2.2970598,-3.7015587,-3.5168594
2.5376908,-0.2763605,1.7699192,-4.2929001,-4.2083515,3.0549004,0.9324344,2.5516905
-1.5211201,-2.1565141,-2.2120856,-5.2143192,-6.0257857,-2.8963039,-2.6981304,-1.1543938
1.0130715,0.0407505,0.7578017,-2.9018320,-3.6982914,-0.8056677,-1.7204712,0.0301388
1.2721275,0.6150978,1.3093607,-1.9658560,-1.6951344,0.3444481,-1.3154766,-0.3333243
-1.8068550,-1.9259985,-1.8158255,-3.9836775,-3.5884967,-1.9252221,-2.7844183,-1.7754937
-2.6028026,-2.0044259,-1.9855668,-2.8060997,-2.6407104,-2.0335239,-1.5116408,-0.9346023
3.7146872,2.8861108,3.6900076,2.0293337,2.2782603,3.7746842,3.6977233,4.0330169
-1.4300910,-2.1606567,-2.2393066,-2.0904601,-1.5558886,-1.2957787,-0.9960678,-2.3784488
-2.6868821,-3.6832044,-4.0246795,-3.2364781,-2.7679057,-2.1097743,-2.1793179,-3.6828849
5.0551698,2.4943683,3.5794018,2.3781507,2.9967724,5.4198371,3.8415614,4.6692541
-2.4770135,-2.2592736,-1.9771999,-1.1804226,0.0991470,-1.3138987,-1.2136554,-1.3211921
-1.9835263,-1.7587017,-1.0943536,-1.2978297,-0.4600128,-0.8890825,-1.2583316,-0.1003471
0.7366936,-0.1637252,1.1791578,1.0811831,0.9945512,1.0845952,0.2043578,2.4993208
1.6763275,0.0962976,1.5432267,2.3222884,2.3730968,1.5003287,0.9235229,1.9326955
0.5579231,-0.8975392,-0.5114597,0.8558641,1.4321392,-0.4709288,0.0967186,0.2556420
3.3646141,1.7382577,2.5185055,2.3720155,2.9803464,2.4717008,2.6819005,3.4674911
-0.0076188,-0.4168250,0.0734809,0.3549119,0.8140314,-0.1184143,0.3842853,-0.2186310
-1.1646700,-1.6208527,-1.8134540,-1.3502463,-0.6674630,-1.6439949,-1.1235331,-1.5954569
-0.5955533,-0.6569468,-1.4020946,-0.0474580,-0.0173975,-1.1420651,-0.4357253,-0.2485585
3.9725668,4.0552950,3.8174478,4.0068353,2.9912512,3.8090234,3.6003133,4.7895890
-0.2912974,2.3241509,0.3832375,2.4828999,1.9714387,-0.6196022,0.8748928,0.4480301
2.1223334,3.7376966,2.7262895,2.8019960,2.8726959,1.6007123,2.0887205,1.8391926
-4.6306860,-1.7768994,-3.0723494,-2.2994376,-2.3979703,-4.2153042,-3.2619492,-5.2192743
-3.7156579,-0.8182806,-2.2923276,-1.1835473,-0.8258527,-2.8326989,-2.0207986,-3.9477639
0.7369084,1.7684560,0.7570725,1.8780276,2.1698838,0.5709782,0.9804703,0.4076680
2.1616545,2.3316171,1.2054377,2.4508013,2.0189705,1.1775325,1.4838803,1.9190267
1.8172253,2.9079894,1.9262536,3.0574654,2.4390724,2.1816631,2.1856553,3.1728390
1.5133779,3.1029232,3.4615237,3.5401716,2.6644334,3.9672303,3.2734750,3.7819969
0.7881716,2.4009081,2.8863994,3.5194858,2.5697781,3.5220728,3.3591804,3.0630687
2.7275999,2.7951714,2.9624237,3.9323966,3.2879919,2.9741139,3.0449848,3.4222155
-1.7409908,-2.6546626,-2.9649463,-1.9628331,-2.3844648,-3.8701077,-3.4098746,-3.2931176
-2.9439163,-4.3755626,-3.8762706,-5.0807787,-4.7546541,-4.1622557,-4.4405869,-3.7861489
-4.1821607,-4.1380547,-4.1532623,-4.8710218,-3.9027589,-3.9094110,-4.2232675,-4.5594408
-2.6073950,-1.8583596,-2.9337353,-3.0084204,-2.4913377,-2.6321385,-2.6989265,-4.5563560
3.7641716,3.4188069,2.9018438,1.5158745,1.5105019,2.8463470,3.2284028,2.6022082
1.6634922,0.7285245,0.6724694,0.8349584,0.8152307,-0.3611728,0.8639879,1.0699520
3.0586475,0.3550637,1.5535558,1.2647208,1.2874439,0.6008745,0.2237936,0.7105326
5.5962382,3.9198528,4.9455570,3.5811955,3.7034714,4.3625990,3.7893026,4.1679026
3.0621765,3.2342094,3.3883531,2.3601656,2.6194833,3.1768295,3.2087940,3.5740646
0.8410963,1.0071190,1.2907478,0.9037033,1.2226184,1.5932642,1.6377247,1.2733881
2.8140857,3.1534841,4.1566540,3.4854672,4.2115111,4.9913091,5.1807693,4.2702138
1.7622663,2.6605272,4.0696586,3.8171690,5.0558213,5.4750514,5.0988767,4.3793306
-1.0480931,-0.5418596,0.7710882,1.4482976,2.2649478,2.1193277,0.7892795,0.3924889
-0.5393300,-0.6525772,0.1538727,1.3668549,1.2988227,1.2727890,0.3187156,-0.3344119
2.3257017,2.2799394,1.9640658,3.4607234,2.9121041,3.2529745,2.8170179,2.0185381
0.3245809,2.1371222,-0.0184134,2.4374007,1.9633870,0.2814137,1.1717462,0.0865319
3.1327713,3.5684965,2.2694113,2.2324443,2.2997293,1.3944357,1.4172359,1.4726691
-0.4298004,-1.3726463,-1.8422142,-1.8837492,-2.4684216,-2.7394657,-3.3364729,-3.5679662
-3.9572369,-3.8161054,-4.2454276,-3.2851840,-4.6486874,-4.5504474,-3.8692614,-4.8218815
-0.9599617,-0.3148301,-0.4077743,-0.1677745,-0.3973077,-0.1843396,0.8690493,0.8491073
-1.6824290,-1.5837710,-1.5319179,-0.5124757,-0.5225933,-0.8943665,-0.6449527,0.2644461
-0.2750205,-0.2429991,-0.1814444,1.2797522,0.5133562,-0.5087521,0.3305512,1.4703907
3.5069632,2.9894768,2.9542423,3.1914913,2.8752476,1.3027063,2.8835580,4.1548416
-1.2156821,-2.2158802,-2.5761620,-2.8525723,-3.2632495,-4.1535821,-3.3118019,-2.5721194
-6.8210753,-6.8066063,-7.1150620,-7.4503959,-8.1639424,-8.7459113,-8.3362784,-8.7183803
-5.5031510,-4.9427302,-5.2497237,-6.1306538,-6.1849064,-6.7467977,-6.0347207,-7.6030138
-2.6588480,-4.2568244,-4.0278448,-5.6779663,-5.7542699,-4.2964319,-4.5416539,-5.0079996
-8.1445148,-10.1226953,-9.3786271,-9.2009375,-9.6850054,-9.2109862,-9.5880434,-8.4286299
-9.9502454,-9.9312231,-9.2377489,-9.1770989,-9.4013683,-9.4845331,-9.8859409,-7.9778326
-6.0200285,-5.0591643,-4.5693658,-6.2509244,-6.0715353,-5.1658026,-5.8828079,-3.6584983
-5.0881247,-4.7655482,-4.2160704,-5.4507242,-4.7586036,-4.1976656,-4.5557003,-3.8232905
-6.9289707,-8.3503200,-7.4684623,-8.7973678,-8.2284289,-6.5447828,-7.4064607,-7.7978363
-11.6946755,-14.1054435,-12.5855928,-13.8903827,-14.0289920,-12.2350423,-13.4139820,-12.5642043
-10.4036901,-11.2036775,-9.7760227,-10.3331680,-10.3998205,-10.3373161,-10.8761684,-9.4991581
-0.2869556,0.2413138,0.0997122,0.0860132,-0.1883629,-0.0006219,0.1217826,0.5226991
7.7623607,7.8704579,6.6265826,7.8284315,7.3887518,7.4806898,8.3133165,8.3841365
11.7177934,12.0688555,11.3541270,12.0373202,13.0371842,12.5479739,12.8678005,13.7646974
8.9860937,11.0564774,10.6186365,11.0207337,13.0438421,12.1674962,12.1624434,12.4290341
10.9545773,12.3674453,12.5843191,12.7616180,14.1119080,14.9685534,14.2688405,13.6771389
12.4622077,13.1692161,12.9601431,13.2072334,13.5959078,14.9965021,13.7567161,12.6303679
6.7217830,8.5945534,7.4008809,8.2239724,8.5245747,8.5924037,7.8413249,6.0840752
5.8816207,7.6830503,6.5544515,7.3134955,7.6309778,7.8914997,7.3367461,5.9624095
7.4017394,7.9881669,6.9020971,7.1448072,6.8737386,7.7321041,6.9804989,6.6717947
3.0443782,3.7877061,3.2702017,3.1735419,3.1578304,3.1375502,2.5620436,2.2311714
-0.0198150,0.9414355,1.1440041,0.5589852,0.9729155,1.1340959,-0.0351957,-0.7035673
-3.7789085,-3.6091624,-4.1108214,-4.2359350,-5.0814777,-4.8763367,-5.1705987,-6.9017886
-5.0372619,-6.7783584,-6.7633807,-7.1817309,-9.5251273,-8.7105164,-7.4322299,-9.9771811
-1.6090371,-3.3692170,-2.8934803,-3.2474256,-5.2007378,-4.6509513,-4.2127048,-5.3305136
2.5579969,2.4397708,1.7382197,1.7806606,1.8495104,0.7849394,-0.0343795,1.6781708
4.6951667,4.2458483,3.4240526,3.9047313,4.9054739,3.5622167,3.4535193,5.8830278
5.5310418,3.2390059,3.9625048,4.7101877,4.8738916,4.9460543,4.9520230,6.5023130
2.8387864,1.1213299,2.1924081,2.1803414,2.6027046,2.6483439,2.7464546,3.9286464
-2.1844624,-1.6750729,-1.5159664,-1.9060488,-0.8918959,-2.1227792,-0.9292984,-0.5687644
-4.4730576,-3.5510437,-3.2579406,-3.8111023,-3.8786024,-4.3586722,-3.4098456,-4.3198243
-4.8860336,-4.8137661,-3.8756012,-4.7293448,-5.2763780,-4.9489879,-4.3923521,-5.8979303
-4.3127423,-4.9428898,-4.1413361,-4.2622244,-4.1665978,-5.3360817,-4.6132584,-5.3106671
-1.8010664,-2.7258437,-2.3956501,-2.3053546,-1.9712910,-3.3340242,-3.6920031,-2.9799504
1.5985958,1.1172110,1.2315698,0.6442537,0.5802005,0.9288064,0.4992631,0.0852719
2.4846897,1.8491602,2.4357213,1.9472999,1.5006584,2.0893145,2.8659074,0.7417588
1.9490658,0.0906192,1.5054810,0.5364089,0.8818403,1.1690925,1.8188992,1.1887217
1.8792237,0.1137026,1.5957277,0.4633841,1.4455857,1.4062499,2.2709910,2.6465764
1.3887116,0.8586261,1.6811612,1.3416336,1.8932456,2.4207690,3.0973302,3.5410541
-2.6237786,-0.9804356,-1.8779293,-1.1773808,-0.7760640,-0.6332433,0.0059921,0.7754080
-2.4554439,-0.9306983,-1.9238284,-1.6906936,-1.4634051,-2.3661926,-1.2493988,-0.7395715
-1.4738024,-1.3162395,-2.2093685,-1.5531500,-1.7429102,-4.0005467,-2.0335424,-2.7426784
-3.3358295,-2.9703107,-5.2294913,-3.5382633,-3.9959526,-6.8175676,-4.3024852,-4.8037320
-4.3195749,-3.2147511,-5.1323636,-3.3663828,-4.1262248,-6.6067608,-4.3794024,-3.5515112
-1.1680524,0.4287452,-0.0565324,1.6456537,1.2540493,-0.8750410,1.1253883,1.5817405
-0.9069119,1.6173708,0.4322661,3.1339330,3.3672586,1.4124114,2.8045827,2.5278098
-2.0984871,0.2942077,-1.1248797,1.5860585,1.9180035,1.0849054,0.9447813,1.3457172
-1.0777212,-0.3430383,-0.5133798,0.9067256,1.6225835,1.6357648,0.7220557,1.4459474
-0.5807827,-1.4528585,-1.0670351,-1.1037037,-0.3033968,0.7290024,-0.9683197,0.7273601
-2.1722272,-2.5124416,-2.3156833,-2.0856755,-1.9015137,-1.5399678,-3.1349850,-0.8743436
-2.1504160,-2.2544977,-1.5195298,-1.5866170,-1.8280131,-1.7984299,-3.7274121,-2.0075730
-2.8574951,-2.6916068,-1.6711642,-3.0038325,-3.7723530,-2.3967359,-5.1954406,-4.6159146
-1.5469018,-0.5379651,0.4403460,-1.3128525,-2.4100621,0.2398724,-2.5678048,-3.1918183
1.2043229,1.3714170,1.9417518,1.2795237,0.4150632,3.1335007,1.2770775,-0.5122133
1.8225499,0.9715447,1.1960249,0.1191322,-0.4284763,1.9004545,1.2691960,-0.3826839
1.6742706,0.6209940,1.6641050,-0.9233476,-1.1732273,1.0548322,0.1131856,-0.0829002
2.7100522,0.5757919,2.1208523,0.5636677,0.0338972,2.2852036,0.9953425,0.8753810
1.2267135,-0.6429673,-0.3126941,-0.5370839,-1.5354369,-0.1266783,-0.3025561,-0.9211924
0.1341573,-0.2170712,-0.7209472,-1.2346280,-1.7880827,-1.4371349,-2.0067527,-2.1278771
1.7643966,2.4124437,1.7673645,1.5264832,0.9094702,1.0284347,-0.0544381,0.1721271
0.4455054,1.0433517,1.1419139,-0.0473228,-1.5831117,-0.3921521,-0.6216499,-0.4161675
-2.5539052,-2.5590903,-1.5762930,-4.2918901,-5.5359226,-3.8490571,-4.2040633,-4.8759712
-0.7157141,0.5238489,0.4337525,-1.2411621,-1.6839238,-1.5136472,-1.8366614,-2.5830161
5.0295751,7.8753490,7.4616817,7.3096843,7.2188698,6.0200649,6.8608982,7.3173052
7.6376794,9.5779147,10.1417214,10.2616828,10.7485838,9.8373180,10.8523697,11.4869614
6.4102449,6.8843898,7.2520764,7.4899422,8.7867469,8.1666118,9.2900919,9.1609490
5.9404161,6.0280077,5.5591342,6.0055765,8.0076823,7.3182873,8.2129315,7.7940872
4.8587751,4.2287751,3.0053637,3.7313803,5.7644571,5.7459103,5.0724050,5.4086350
4.9187362,3.8150168,2.3281639,3.5383859,5.2365605,5.7189512,5.0333902,5.4025486
8.4507693,7.9944471,6.7809797,8.1764911,9.7655012,10.0395689,10.1981093,9.2592481
9.3495014,8.6606730,7.9258715,9.0565333,10.2191577,10.1699351,10.1470860,8.9246989
0.0171298,-1.6163716,-1.6639790,-1.0646155,-0.5995308,-0.6751616,-0.9329824,-0.9265780
-12.4490806,-14.1774243,-13.6223622,-14.3816450,-13.8329620,-13.5273812,-14.2744465,-13.8421823
-10.2912105,-11.9979175,-11.3660239,-12.6217806,-12.0827365,-11.1670904,-12.4179859,-12.2927224
-4.5488839,-6.3747521,-6.1018616,-5.8324910,-6.1582352,-5.3713751,-5.8316218,-5.5307261
-7.1194610,-8.7146723,-8.4360048,-7.8983303,-8.0056843,-8.7569347,-7.6178277,-8.0484047
-4.4000042,-5.2553477,-4.3621481,-4.3676722,-3.4874397,-5.4378343,-3.3648819,-3.9373439
-1.8066869,-1.9434361,-0.6230152,-0.5730823,-0.2016559,-1.2630401,0.7597609,1.3399451
-7.3252822,-6.9963446,-6.2300250,-6.5772780,-7.3398748,-7.8135714,-6.3558202,-6.1960415
-6.9252078,-6.6870197,-6.4648073,-6.3230935,-7.5820459,-8.5511547,-8.1547251,-7.4101460
-1.4522321,-1.2298612,-1.8839939,0.1466863,-1.3090752,-2.8081530,-2.2111619,-0.7149679
2.0330102,2.6909012,0.8975168,3.4956735,2.6871572,0.6939627,2.1263560,1.9172759
3.4505744,4.0237494,2.5028983,4.4830175,4.4681894,3.0905197,3.5219443,3.5082493
0.1448877,0.7807182,-0.0258271,1.4976376,1.4066250,1.3315096,0.8897954,1.8174949
-3.0392619,-1.8803059,-2.4145709,-1.5358336,-1.9342470,-1.9146472,-2.1811257,-2.3918147
-2.5054469,-1.7906295,-2.1973601,-2.1002543,-2.6930123,-2.7168664,-3.4452601,-3.6889232
-5.0423426,-4.3858254,-5.0252087,-5.3175305,-5.5458478,-6.0010778,-6.3392286,-6.5454933
-2.5147845,-2.0647360,-1.8996062,-2.7020981,-2.5807979,-3.3353708,-3.1887271,-3.4126436
4.8393430,3.9480576,5.0831184,4.1579687,3.6695003,3.9400289,3.4263714,3.9623719
4.8317042,4.2580584,5.1569878,3.6557651,2.7963299,4.4504875,3.5890300,3.4596942
3.2545418,5.0671874,5.9363077,4.1519135,3.9686661,5.1996122,4.1378442,3.8765193
4.3897834,6.4929684,8.2257355,6.7318284,7.0495957,7.9049254,6.0221282,6.6671343
1.5701677,2.4149185,3.9439889,2.3861121,2.1428316,3.7082546,2.9901032,1.6332347
-0.1866743,-0.1019795,0.6697083,-0.7434885,-1.6766772,-0.6438803,1.0220100,-1.8311561
-0.4508458,-0.4405099,0.0921623,-0.4137122,-1.1005850,-2.0883970,-0.2242212,-1.9292449
-0.8849823,-0.6452902,-0.7367879,-0.9776463,-1.2024925,-2.5884114,-1.8194512,-3.2770980
-0.0121611,-0.4105688,-1.0743367,-1.4078851,-1.6050329,-1.8413879,-1.5530027,-3.6322761
0.5681991,-0.1508234,-0.3280759,-0.7109783,-0.7212430,0.2040412,-0.1671908,-1.5030119
-0.3288140,-0.3339378,0.1346004,-0.0239955,0.5235603,0.9436107,0.7439921,1.1757198
1.3080481,1.5143166,1.7352882,1.7154073,2.7037342,2.3386257,2.5532695,4.3272345
2.8431192,3.8181493,2.9497570,2.8382739,3.1031154,3.3842344,3.0009129,4.7855646
1.9629724,2.3545658,1.6240539,1.5094752,0.7055850,1.7133675,1.2942729,2.5096588
1.6649036,0.8981725,0.5370615,1.0949489,0.8098952,1.4846018,1.5658383,2.6198518
-0.4921195,-0.8020795,-1.6963209,-1.1457260,-0.5303070,-0.2551836,-0.5783967,1.1967966
-3.8746652,-5.1654839,-4.8376742,-4.9505497,-4.3583828,-4.2844014,-4.4724666,-2.6768566
-3.3652209,-5.0977362,-3.6708191,-3.1318320,-2.5381552,-3.2354718,-2.6680266,-1.5426228
-2.5629505,-2.2077987,-2.7015199,-1.5410277,-0.6284421,-2.0617654,-1.7598735,0.1877567
-0.0547780,0.6954712,-0.8268248,-0.0403806,0.6655504,0.4680481,0.2391617,2.3460956
1.8334488,1.4697020,1.0059647,2.5133148,2.7792812,3.5184756,3.4541240,3.4329049
-1.7855398,-2.6365668,-2.6622943,-0.9416380,-0.5066562,-0.2154809,-0.2081490,-1.2589644
-1.6586438,-2.4297440,-2.4574385,-2.0046551,-1.6950877,-1.1029124,-0.9383937,-1.3572258
2.2388309,1.4207160,1.6190093,1.3305907,1.2888977,1.7504986,2.1297367,2.1219222
-0.1433180,-1.3155205,-1.2441584,-0.9815945,-0.7837176,-1.4511563,-1.7116106,-1.4198421
-3.6220432,-3.6493499,-4.2914133,-2.9526286,-2.7941013,-4.0236305,-4.7266475,-3.9820792
-0.1730803,0.4791629,-0.5861458,-0.1103559,-0.2844154,-1.0551286,-1.5756211,-1.1799530
1.4162976,0.4855414,-0.0565978,-0.8268374,-1.6023387,-1.5703609,-1.8577315,-2.7684515
0.7547705,0.2857112,0.4615016,-0.1811354,-1.5453406,-0.7697236,-0.5637433,-2.4099195
2.1220818,3.8690550,4.3383835,3.4950951,3.4552355,3.4784221,4.2020272,2.1409345
-0.2868892,0.5521943,1.5206917,0.5763874,2.2438149,0.6235215,1.0023140,0.1644734
0.3703333,-0.5189404,0.2792730,-0.0628775,1.3647691,0.3378890,-0.3069387,-0.0546537
5.7095517,5.9267067,5.6310627,5.6521303,6.1108050,6.7591606,5.5717652,5.3442123
2.4563773,4.3067954,3.4976816,3.9592674,3.0798135,3.8594454,2.7394215,2.6644599
-2.5058089,-0.8418975,-1.5290983,-0.6249700,-2.1829762,-1.6708851,-1.9207410,-2.7928226
-1.3845260,-0.0178193,-0.3886691,0.3889696,-0.2443477,-0.4123419,0.9827505,-1.6777136
-2.3590044,-1.4131070,-1.1533769,-1.1677832,-1.3890872,-2.0660617,-0.6676008,-2.2565725
-2.7373860,-1.9291069,-2.0563967,-2.4077198,-2.9496897,-3.3153393,-2.7333297,-3.6216157
1.9518924,3.7038383,2.7305199,2.1381629,1.3339671,1.9105813,2.1547475,0.7565067
0.7786743,2.4657564,1.7995666,1.3700423,0.4395180,0.8695081,0.9240697,0.3887004
-1.2137800,-1.0137659,-1.0542551,-1.0724686,-1.2225409,-2.4287636,-1.8912635,-1.8831191
0.1360709,-1.0536248,-0.4355265,-0.4226688,-0.0894158,-1.4830270,-0.6070171,-0.5966874
-1.6021799,-3.2071290,-2.2411914,-1.9896196,-1.9523313,-1.9434183,-2.0945194,-1.2234324
-0.2616870,-1.3828959,-1.1075874,-1.4665454,-0.8213511,-0.1932225,-1.4638247,0.6819052
3.0781692,2.6854083,2.5879530,0.7049283,1.8619086,2.6688515,1.7502754,3.8213158
2.3470710,2.2362718,2.2185112,0.4782591,0.7353199,1.5906115,1.3086951,1.9977479
2.5232417,0.9323232,1.6256765,0.7918079,0.3697562,1.6477483,0.7409923,1.3453437
2.2090333,0.2236993,1.3892907,1.5501557,1.6212442,2.6049515,2.0135087,2.6043451
1.2970486,0.9772443,1.4314176,2.1760044,2.5318858,3.0285853,3.0373367,3.6989589
0.4538598,0.5236255,0.9736697,0.6796195,0.9108134,2.2864378,1.4406171,3.3968221
-2.6272135,-3.6424221,-2.1248820,-2.8209453,-2.1914862,-0.8716667,-1.5637125,-0.2020842
-3.0441416,-4.4131856,-2.9009184,-2.8079904,-2.4375721,-2.5454157,-2.2161925,-2.6516169
-0.0631176,-0.6995774,-0.3209055,-0.7595426,-1.7103385,-1.9066574,-1.4832567,-1.9057890
0.9273649,0.3485088,0.1838303,-1.0089138,-2.2735357,-2.0948957,-1.9859381,-1.8118243
1.3415794,0.2152810,-0.3075940,-0.7286208,-1.0454303,-1.9489865,-1.8666843,-1.9723630
1.9985778,1.5171006,0.6393646,1.3290126,1.4676668,0.1293346,1.3169310,0.6028924
1.0542105,1.1368742,0.9472245,1.8287880,1.8566892,1.7384297,3.2693969,3.2592747
-2.4913741,-2.6685870,-2.6835286,-1.4120627,-1.3109356,-1.9588569,-1.2829564,-0.8434908
-2.2242979,-2.3681274,-2.7890257,-1.5905887,-1.1199068,-2.8964231,-1.9949852,-2.7507663
0.8116196,0.9203813,0.6058394,1.0032365,1.7613344,0.2439415,1.3368844,0.0464115
-1.2531466,-0.6339778,-0.8472023,-0.8773680,-0.5040303,-1.0010412,-0.6557034,-1.3964111
-1.0991217,0.1792556,-0.0291334,0.0986026,0.7813372,0.9921305,1.4044920,1.6558318
1.2947750,2.6350864,2.1504266,3.4685063,4.9684476,3.5919396,4.8217411,5.6488778
0.6500159,1.8527796,0.9335564,3.0081365,4.2435877,1.0161062,2.6317230,2.3533951
2.0270450,2.5235977,1.4703784,2.7719629,3.4944659,0.9463893,2.1329899,1.1214958
1.1607761,0.8630045,-0.3301890,0.3960229,0.3213799,-0.9483277,-0.2287927,-1.0015662
-1.4640016,-1.1462406,-2.4570301,-1.7121605,-2.3755400,-2.9270729,-2.1887447,-2.5035370
-3.4298846,-2.0444331,-2.9393313,-2.8277720,-3.4457240,-3.0595017,-2.9779815,-2.0125930
-5.0376677,-3.7889044,-3.5109141,-4.5983559,-5.5672502,-3.8630394,-4.9029740,-3.5816847
-0.2060456,-0.1150767,0.7972875,-0.3860619,-1.5448586,1.2128854,-0.3015765,0.7778502
2.2250374,2.4234731,2.8250986,2.0641432,0.9355122,3.2408031,1.7106421,2.6682674
-1.8785752,-0.2579641,-0.1389412,-1.1488057,-2.0553327,-0.9174939,-2.2245411,-2.3338416
-1.1251635,-0.1210846,0.4960485,-0.5504617,-0.8310432,0.0358780,-1.7112572,-1.0377801
1.4374088,-0.2636472,1.7170072,0.3238587,0.1022114,1.6822396,-0.4008547,1.3672559
-0.1536687,-2.3466953,0.0990836,-1.6904477,-1.9491401,0.5586429,-0.5485528,-0.1108142
1.7336184,1.0214873,1.9467446,0.7573149,0.7759356,3.6845720,2.5244242,3.2388618
3.9908271,3.3999298,3.1034585,3.2169726,2.6858017,5.0337337,3.0281608,4.2621043
1.6874699,1.3957988,0.4986874,1.4642385,0.4848076,2.0424042,-0.2636273,-0.8322154
0.8223862,0.8451399,-0.2682649,-0.1132711,-0.5795554,0.5925674,-1.2842420,-3.4117978
-1.6587410,-3.3189028,-3.2856404,-4.2553650,-3.8123040,-3.8602011,-3.6095614,-5.9299229
-3.0832789,-4.3751831,-3.7511720,-3.9189762,-2.2590127,-4.2800668,-2.7796822,-3.9487425
1.1901258,1.9030917,2.0745374,2.9503846,4.3179384,2.1791699,2.6977678,2.4421801
0.6321313,0.4019661,0.6632515,1.4888586,1.3203237,0.0151139,0.5905643,-0.9053418
-2.1084510,-2.8601148,-3.1350949,-2.2343920,-2.7964522,-3.4821465,-2.3303562,-4.6904826
-0.6605273,0.2429461,-1.3068934,0.1381958,-0.6898594,-0.6088196,-0.2017607,-1.3245568
0.7017607,1.5887257,0.1888859,1.3581193,0.2964123,0.2953657,0.2929429,0.3952019
1.3813969,2.2203382,1.6905521,1.8137237,1.6337532,0.0402037,0.7848080,1.3982958
0.1741375,2.0753636,1.7937021,1.5206492,2.0809072,-1.0059361,0.3508455,0.8999291
-4.4825961,-3.2324296,-3.3168331,-3.3535614,-2.8211771,-5.3107441,-4.5193744,-4.2514374
-3.9647022,-4.6299111,-4.1862389,-4.5171383,-4.0343645,-4.1593100,-4.5873367,-3.8060862
0.5521496,-0.1685570,-0.0028309,-0.6175182,0.1343981,1.8695271,1.3310235,1.9130832
1.3278594,2.7150891,1.7609538,1.1769077,2.2120891,4.2608403,3.7710966,3.7361892
3.4751916,5.9637275,5.0553079,4.7569570,5.8175979,6.0957906,6.0567372,5.4106761
4.2901804,4.7749560,5.8687034,5.8708711,6.2813024,4.4524807,5.6358500,3.9379444
-2.3745587,-3.5701399,-1.7267864,-1.5745988,-2.0401493,-4.0417150,-2.6091415,-4.1619578
-2.3619765,-2.6971866,-2.3370913,-2.2625915,-2.6522372,-3.5803214,-2.4388882,-3.0477958
2.4615885,2.3802568,2.6664933,2.3296667,2.1237610,1.7797064,2.6437223,2.7070900
-0.2807288,-1.4671507,-0.5681843,-1.1016290,-1.1992429,-1.4511915,-0.8908785,0.0709762
-0.7786105,-1.3521220,-1.2493580,-1.0306806,-0.8663360,-0.6054495,-0.2294361,0.6479858
1.6612984,2.6453536,2.4300819,3.8084246,3.6274493,4.1993334,4.7971345,4.5670808
-0.0425569,0.0523815,-0.2455852,1.4643325,1.6344696,1.4446537,2.0599088,2.6099697
0.3805850,-0.9924257,-1.5307673,-0.8588689,-0.1637300,0.1141506,-0.8761931,2.2126187
0.6874938,0.0331145,-0.1822765,-0.3860175,-0.5755980,1.4361778,0.0135589,2.8896783
-2.7752058,-2.7293657,-2.9613903,-3.3893237,-3.8889732,-2.1777779,-2.0814422,-1.9162586
-3.0541558,-3.5282443,-3.8251415,-4.5012681,-4.3210222,-4.5511375,-4.4668586,-4.8774293
0.4343228,-0.3622738,-0.1390061,-0.5740003,-0.6925133,-1.0296748,-1.6659310,-1.9462900
1.5658723,1.5768108,1.9485927,1.8329324,0.9919331,1.6369447,1.5846776,0.4510367
1.5699883,2.4990822,2.6180122,2.0546427,1.4145241,1.7152775,1.9057732,1.2488857
3.2484947,3.5531965,3.3322207,2.1563829,1.9327792,2.3561022,1.8442664,1.7170624
1.9249841,1.5197201,0.7955300,0.2074565,-0.1949314,0.8340100,0.2826496,-0.0950701
-2.8722781,-2.3866278,-2.9898040,-2.4476456,-2.7362687,-2.2958008,-2.5903934,-2.7649874
-4.0425754,-3.1060077,-3.1733756,-2.9597125,-2.4534584,-2.1432958,-2.8301194,-2.1901859
-1.2082481,-1.6567813,-1.6560066,-1.8386764,-1.2844019,-0.8968827,-1.5810773,-0.3503794
2.0179334,0.0924009,0.4635063,0.9422262,0.8740184,0.5474142,0.1054165,0.5286177
2.3785517,0.4295105,1.3112124,2.1348504,1.9706707,1.2743137,0.5151882,0.1446890
-1.6712454,-2.6810320,-2.2153799,-1.8290916,-1.9033717,-2.6307893,-3.2499175,-3.1611518
-2.8457375,-2.5861911,-2.8829848,-2.7258273,-2.6111784,-3.0870079,-2.4885215,-2.7165152
0.8898172,2.2550142,1.2594316,1.9174580,2.4354507,2.5231187,3.5358050,2.3850542
2.8692567,3.9269913,2.8620186,2.9968257,3.8087469,3.7996719,3.8906321,4.0183752
1.9396944,1.9006229,2.1331167,1.2606256,2.0219526,1.6659910,1.6301964,2.6727659
-0.1734240,0.2197339,1.0030778,0.4401148,0.5524437,0.5814612,1.1817833,0.5415018
0.1957821,1.7870940,2.0364737,1.7510886,1.3610257,1.2573951,2.1296744,1.2155875
1.0866880,2.0202009,2.8660868,2.5227031,2.1497878,1.4238678,1.6895834,2.6286583
-1.8181354,-1.9278568,-1.1882109,-0.8968989,-1.0704024,-1.9821435,-1.9237772,-0.5027473
-0.0258213,-0.4747405,-0.3871332,-0.2030857,-0.2008497,-0.4252299,0.2512238,0.1165540
2.0555793,1.1797730,1.8321768,1.1735901,0.7003384,1.8185167,1.9042447,0.8918922
-1.8571453,-2.6034201,-2.0159825,-2.6402965,-3.4122988,-2.6981954,-2.9871251,-3.4923641
0.0246578,-0.2402127,-0.0691773,-0.5433267,-0.5273673,-0.7794748,-0.2059402,-1.4997532
3.1547968,3.2455908,3.1922248,2.5802415,3.2773561,3.3449390,3.8677955,1.9600830
-1.6473514,-2.0482882,-2.5110549,-2.5957739,-2.2438594,-2.8144538,-2.8373462,-3.0549644
-3.2334522,-4.3863427,-4.7405833,-4.3430319,-5.0072328,-5.2102585,-5.5201558,-4.7030178
-0.3528540,-1.1093465,-1.5801862,-1.4004461,-2.3056894,-1.0900104,-1.7282539,-1.3349107
-1.0421892,-1.6601413,-2.0853115,-2.4661947,-2.6241177,-1.8160890,-2.4333650,-1.4476526
-0.7054417,-0.9457851,-0.7591024,-1.0666787,-1.1377070,-0.9481720,-1.2228263,0.3653347
0.0079038,0.4755223,0.8920687,0.8502008,1.0683316,0.8214495,0.4517032,0.8470710
-3.1648019,-3.0394020,-2.8621183,-3.1090796,-2.6560533,-3.2822370,-3.3405687,-4.9338831
-0.0077917,0.0023518,-0.0283277,-0.1480985,-0.7670599,-0.8679983,-0.5642589,-1.9775160
4.2954127,5.2120337,4.9976131,5.2426016,5.1407636,4.9340608,4.4701099,6.3641668
0.5631718,2.1388589,1.2865478,1.9358394,2.9099671,2.9695413,2.0243892,5.1118602
-0.5160633,0.7737846,-0.4333596,1.0005383,1.1241836,1.7572681,0.9537234,1.3086669
-0.0030354,0.1741299,-0.2200221,1.0730357,1.0645773,1.0432111,0.4336238,-0.2217913
-3.0902821,-3.1449712,-3.2310217,-2.4578631,-2.1027735,-2.8110217,-2.6061976,-2.7350951
-1.7147997,-0.3489454,-0.5687664,0.0305377,0.0732589,-0.5692117,-0.0377116,-0.9263096
1.2861796,2.7644075,3.4696231,3.3954639,3.4972242,3.6750086,3.3363561,2.5740530
1.8378030,2.2274543,3.3601324,2.4784536,1.9016682,3.1099901,1.9880067,2.1491050
2.0365974,2.2285539,2.6880096,1.7416515,0.5995762,1.2447386,0.2939373,0.4870241
-1.3650695,-1.6807759,-1.7991726,-2.2731808,-2.6265741,-2.9113751,-2.9150388,-2.6227792
-3.9248544,-4.0470728,-4.0348138,-4.7716610,-5.1719832,-4.5732111,-4.4216527,-4.2666646
0.5851105,0.7062228,1.5943450,0.1774931,0.0333711,1.2467715,0.5276910,0.0171621
3.8322045,2.8483915,3.3986476,2.6599172,3.3308506,4.0835409,4.4253979,3.5649208
4.1805047,3.5615945,3.2972374,3.3032496,3.4927711,4.4620207,5.5668790,5.2695967
4.8928277,4.9749127,4.7156792,4.2357708,4.8084048,5.3074264,5.0422185,5.2244288
2.5975337,1.0445483,0.7750914,-0.1802235,1.0088139,0.5984158,0.4512395,0.3373874
-0.9761730,-2.5780065,-2.5063407,-2.8354671,-2.4314384,-2.9133118,-2.1441726,-2.8197353
-2.2048557,-1.0566168,-1.2387335,-0.6686602,-0.9347747,-0.8726829,0.2435672,-0.9595275
-2.7947158,-1.4588230,-2.0306851,-1.2321620,-1.2774991,-0.8797905,0.2599059,0.0104924
-2.8897264,-3.5292762,-3.7335711,-2.5963005,-1.9832381,-2.6647823,-2.4743086,-2.2705801
-0.2135475,-1.0088846,-1.3454581,-0.0667685,0.5719498,-1.2526776,-1.0782840,-1.6125098
0.6122651,0.0376729,0.1421115,0.3720510,0.9899312,-0.6620695,0.6020180,0.5555476
-2.1771970,-2.8511488,-2.2392171,-2.2309990,-1.5801203,-3.2232253,-1.6296091,-2.5155400
-0.6992320,-1.2368479,-1.0653253,-0.0051639,-0.1938534,-1.6721072,0.0202696,-1.8271775
1.2514681,0.4931136,0.5861957,1.7763395,1.3216428,0.7559574,2.4417621,2.2002865
0.5402249,-0.2914116,-0.2297793,0.5324986,0.8288254,-0.5361743,0.7999460,1.9155328
3.9267327,3.0279747,2.6187400,3.2862324,3.6979329,1.0774404,2.1449982,3.1802341
5.1550438,4.1595966,3.2721905,3.6872358,3.8416009,1.7706598,2.5553923,3.1221289
-0.9151757,-2.5631927,-3.0116296,-2.1974671,-2.1759171,-4.3129660,-2.6757824,-2.1728383
-3.5362269,-5.9853567,-5.3357810,-3.5264829,-4.1326120,-6.8449026,-4.6115811,-3.4707032
-2.3762330,-3.2907935,-2.8088052,-1.6481707,-2.4040498,-4.4503841,-4.3368786,-2.3285646
-4.8309075,-3.6854171,-4.4250406,-4.3894183,-5.0308910,-6.1376253,-6.9721212,-6.2366595
-3.1314848,-1.7805446,-2.6348472,-2.4066511,-3.2154575,-3.1424888,-2.5120125,-3.5808043
0.9104755,2.8799353,2.3218841,2.3362778,2.2693917,3.5967186,3.4160718,4.0549391
-0.6487147,1.8232154,0.5332971,-0.1195711,-0.1527168,1.8749489,-0.4914787,0.9847480
-0.1399134,1.1534717,0.1134148,-0.6812044,-1.8122492,0.5651758,-1.6888682,-2.1782038
2.4669773,3.0229950,3.3621078,1.5871165,0.6324762,3.4416886,1.8510612,1.2485171
2.3841324,3.4003483,4.3170982,1.6417092,1.4274576,4.4419514,2.5569676,1.9615447
2.7337497,4.1482351,5.1659075,3.3409056,3.4505960,5.6215460,3.3617840,2.2930948
0.7382625,2.2725144,2.8943934,1.7524587,2.0677393,3.7023204,1.7108321,1.7172071
-1.2957347,-0.1131776,0.0840093,-1.6055856,-1.7270693,1.1051404,0.1876889,0.4469807
0.3039562,1.2712897,1.4082926,0.3312523,-0.4239385,2.6238389,2.1391895,2.6924068
0.2108172,1.1631937,1.1035775,0.7583547,0.3766117,2.0975095,0.4938470,2.4754748
-2.8053523,-2.9726623,-2.5885137,-3.4999770,-2.7821847,-1.9419917,-4.1025851,-3.0123897
-3.7433703,-4.6582767,-3.6646697,-4.0929061,-2.7812587,-2.3357993,-3.4040237,-3.8487061
-0.8987343,-1.2973296,-0.9477063,0.0071733,0.9634775,1.2165618,1.3627033,1.3411432
2.2046910,1.3726506,1.1977712,2.1503638,2.0221869,2.3258384,2.4310510,2.4891755
1.4667425,0.7525565,0.3431278,1.0563808,0.1331130,-0.7062835,-1.2131632,-1.8916681
-1.2975464,-0.8043922,-1.4553717,-0.5083036,-1.1195207,-2.7501879,-3.0643137,-3.1484085
-2.5746368,-1.9612692,-1.8979945,-1.4341666,-1.5252758,-2.1045924,-1.8577219,-0.9075614
1.0192324,0.4450833,1.1014620,0.7969362,0.7955672,0.9456364,1.3948451,0.9837541
4.4097434,2.8330913,3.3043831,2.8896594,3.1352559,3.0722371,3.9927851,1.4447733
1.2284171,0.1366285,0.2618419,0.3855296,0.7472683,0.5714311,1.2389991,-0.7822985
-0.7838737,-0.8417082,-1.5758616,-0.8638696,-1.0805836,-1.1774924,-1.2825522,-1.6129607
1.1003410,1.3214729,0.9170688,0.9349857,0.2635076,0.8594964,0.8299409,1.6598788
-1.3364904,-1.8798012,-0.4242559,-0.8042390,-1.5075119,-0.5775417,-0.0757215,0.2561539
-2.0180476,-2.4561611,-0.8730587,-0.9741833,-1.5804413,-1.0764063,-0.5552149,-1.9414614
0.7628928,2.1062777,2.1909114,1.9059961,2.0394038,2.2264832,2.1915922,0.1783135
0.4982373,0.8481828,0.3967177,0.3723473,1.5957018,0.9401157,1.1642566,-0.7572032
0.5644985,-1.0562607,-1.5535968,-0.6693194,0.6048747,-1.4763248,-0.5387742,-0.9326194
0.9935408,0.3317534,-0.4337680,0.9834510,1.6240675,-0.2682692,-0.2845681,0.6760769
-0.3953363,-0.7607530,-1.4371070,-0.1170736,0.4822710,-0.4928898,-1.4271598,-1.4715000
2.4312224,1.9652737,1.5563042,2.5565706,3.0709573,2.1425996,1.3669697,1.9863693
4.2474761,6.3039776,5.5092080,5.9956930,6.2481429,5.5976497,5.2857160,6.3960280
-2.2076300,0.2311624,-0.2813264,0.0656912,0.3600506,0.0281254,1.2133960,0.7000846
-3.8251345,-4.7043307,-3.8997756,-2.7952947,-2.6339469,-3.9230619,-2.2256190,-1.7944600
1.1402605,-0.6281109,-0.5385422,0.7521088,0.8928285,-1.5155018,-0.5978446,0.4156180
-0.7810998,-1.9111110,-3.2042741,-2.1572490,-2.0042502,-4.1929503,-2.9694688,-3.5306457
-2.7726552,-4.3802367,-4.5098463,-3.8624196,-4.4532177,-4.6915249,-4.3149527,-3.0977495
0.6223018,-0.0905231,0.9129259,0.1614756,-0.8664189,0.8598764,0.0854925,2.9530471
-0.1020957,0.1778657,0.8179147,-1.2371686,-1.1309249,-0.0969690,0.0240817,1.4785317
-2.6440149,-2.6279738,-2.2618446,-4.3001712,-3.2594418,-3.7559753,-3.1621190,-2.0036218
-0.8961511,-1.1905372,-0.6423816,-2.0646452,-1.3311346,-1.4280696,-0.7346296,-0.0159096
0.7592204,0.4408109,1.3784877,0.0969819,0.8910145,1.5026330,2.0682237,2.1523203
1.5540991,1.5036402,2.4665282,1.6620315,2.7438628,2.8882828,3.0351554,2.8438796
2.4144080,3.1596850,3.2518075,2.5497678,3.2773531,3.8199224,4.4770488,3.3483148
0.0737922,1.7502508,0.5816958,-1.2992585,-1.3990330,0.5423871,0.8271863,0.5502623
-0.3890256,0.5697226,-0.3364871,-2.5052029,-3.3893162,-0.8743130,-2.0814476,-1.5638010
0.6930572,1.0875021,1.4050865,0.5129579,-0.3640004,1.8345076,0.3049692,-0.5270333
-2.1761662,-0.7250408,-0.5819899,-0.6415251,-1.3104058,-0.4777805,-1.2487366,-2.7137058
-2.4138248,-1.1997123,-1.6696419,-1.7300484,-2.7347650,-3.4865187,-3.5424109,-4.6340695
0.4424637,0.1762372,-0.3635254,0.4132045,-0.7277180,-1.2103589,-1.2769207,-1.4664315
0.7249580,0.7242621,-0.6454024,1.1271771,0.1348115,0.3609444,0.3313291,1.1422762
1.9091277,2.7129691,0.9001863,2.0177904,0.5046229,0.6169860,1.7775323,1.7898926
0.2287282,0.0079484,-0.9504838,-0.0554772,-1.3113661,-1.8599838,0.1435373,-1.6624788
-1.7349916,-2.9104550,-3.1056636,-2.0726417,-1.2637953,-2.8333189,-1.8890083,-3.1810273
1.6371795,0.7004197,0.9707799,1.7404041,3.2796497,0.9597780,1.2448511,1.6404935
2.5573936,1.6250942,2.2318083,2.7014077,3.2857411,1.6190607,2.0587709,2.6098694
0.8304044,0.3971727,0.7663068,1.1034403,1.4493451,0.7941461,0.7036396,1.2192220
0.6876991,0.7603832,1.0158331,2.2851349,2.1069097,2.5240041,1.7463641,2.2619534
-1.3249167,-1.4602436,-1.3414110,0.4568332,-0.7038745,0.7479162,0.2219629,-0.5244820
-1.6965138,-2.7434172,-2.4654984,-1.7692069,-2.5032465,-1.4600297,-1.3214687,-2.4406906
-0.1476330,-1.8641431,-0.8484867,-0.3886762,-0.3076598,-0.4490353,-0.2237545,-0.3066662
-1.1472680,-1.8031475,-1.0888559,-0.2144485,-0.1223878,-0.6181540,-1.2275090,-0.5554828
-3.2323772,-2.7593719,-2.8889631,-2.3629571,-1.8573079,-2.5879076,-3.5320457,-2.3519433
0.3256041,0.6853445,1.0073982,0.6930410,0.7955687,1.0991141,0.8746925,1.8637358
3.0922180,4.1881303,4.4752574,4.0602667,2.8393924,3.9997474,3.4865484,2.5421078
-0.2389565,0.7339613,1.0806562,0.1319519,-0.1290148,0.5841330,-1.0845230,-2.8331298
-0.5082225,-1.4348806,-0.0048538,-1.2194590,-0.3726028,0.3829508,-0.5487493,-1.3658639
1.3295903,0.9328722,1.8452042,1.5606350,1.6135281,1.7257428,1.9098547,2.0234738
-0.9884582,0.3264837,0.0001607,-0.7808581,-0.8609495,-2.0641919,-1.5778167,-0.7631930
-2.8592646,-2.4982098,-2.4384253,-3.6263780,-3.7071876,-4.7468702,-4.4012501,-3.6741979
-4.7226448,-3.9735219,-3.8562500,-4.0522430,-4.6030764,-5.1462554,-5.6496189,-4.8231051
-2.1499378,0.2817861,-0.3610834,-0.6220379,-0.3826393,-0.6323099,-1.2489616,-0.0235679
5.2500762,5.8055495,5.7569418,5.1095956,6.8220926,6.8398330,6.7331041,7.4850201
4.0636593,2.7660543,3.5308821,2.6378485,4.3349752,4.8736116,4.5297252,4.5170106
-1.9483637,-1.4484596,-1.4442455,-1.8591780,-1.2137352,-1.0225489,-1.1022450,-1.3783884
0.3047016,1.1648456,0.8463075,0.5584358,0.9639827,1.1539954,1.1389983,1.4196494
2.2234112,1.1415250,1.0132942,0.6064255,0.9910926,2.1753766,1.3182916,1.3425112
-0.5480676,-1.6827646,-1.5249127,-1.3287470,-1.2585713,-0.5733569,-1.4450422,-1.7115167
0.4529932,-0.5395602,0.4675692,-0.4233978,-0.6431873,0.5555037,0.2290341,0.0390387
1.3434472,0.3148351,0.5977700,-0.7700732,-1.1908950,0.7075693,0.8540443,-0.1913091
-0.5431073,-0.3081634,-1.2519914,-0.9494579,-0.9223865,-1.4885106,-0.8055647,-1.6638678
-0.5091082,-0.7329594,-1.0310460,-0.1746882,0.2063760,-1.8819707,-0.9393993,-1.3542861
0.3827671,-0.2373042,-0.0100923,0.0581835,0.3509547,-0.9289463,-0.0088989,-0.7086884
0.7971270,1.9954170,1.4580989,1.0859473,0.6374713,0.4552430,0.7860865,0.8066358
0.8237114,2.3398301,1.2089454,0.9201692,-1.5528253,0.0246362,-0.4382621,0.4842143
-0.3124254,-0.1689454,-0.9452214,-1.2404836,-3.9366857,-1.8094710,-2.3673837,-1.2488400
-0.9606938,-2.1805246,-2.4726323,-2.1237929,-2.8396046,-2.3923358,-2.9125029,-1.5829901
-0.3188682,-1.2421474,-1.6025361,-0.3847870,-0.1422482,-0.8150265,-1.2681379,0.6493099
2.9922478,3.3623827,3.3916894,3.8845562,4.5279111,4.7935444,4.8715803,6.6992170
4.2081126,3.9884517,4.2714781,4.4390363,4.9477067,5.6756656,6.5479269,6.6377317
-0.7822796,-1.5447595,-1.8779701,-1.3929013,-1.8971740,-1.0765141,-0.7649545,-0.7656560
-3.6800042,-3.1860310,-4.2310926,-3.3437574,-3.9620175,-3.4423301,-3.9901064,-3.3612162
0.4767953,1.5698894,0.4656510,1.4750808,1.6652623,1.2039641,1.2100093,0.1837815
1.3933189,1.4929920,1.1697381,0.8275782,1.3160022,1.1636803,1.4575475,0.2866836
-0.1473288,-1.9197461,-1.2793880,-2.4646758,-1.7727755,-1.8978461,-1.5373015,-1.7637133
0.1500045,-1.1983235,-0.9515564,-0.6520722,0.6835872,-1.4581170,0.1389553,-1.6075475
1.0281669,0.7758424,0.5153233,1.7823868,2.7780377,0.4306566,2.2584328,0.4589677
2.1216983,1.3690648,1.5319617,2.3805626,2.8821213,2.0341468,2.3659700,2.0263243
-0.1473420,0.1367027,0.1840388,0.2978343,1.0770249,0.5698295,0.2542198,-0.9322615
-5.9392273,-4.6116960,-4.8434971,-4.9295006,-4.4922427,-5.8678426,-4.5268641,-6.8887006
-4.4907963,-3.6671964,-3.3118697,-3.5482464,-3.2628666,-4.7376540,-3.0701824,-3.9615109
0.0569376,0.7805778,0.9772773,1.8470884,2.2983014,0.2338417,1.5886328,1.3476481
-0.2571000,-0.1336737,-0.1902859,2.2866872,2.3475854,-0.5310292,2.0104812,1.0332418
1.0747208,1.0802445,1.5635022,3.8642190,3.9672183,1.3883721,3.6242743,3.7689693
2.5782247,2.9122478,3.0484272,4.5648993,5.2474590,2.6009801,4.0362012,4.6278530
-1.9933708,-1.8093388,-2.1044603,-1.6131165,-0.4284313,-2.9669160,-1.1749956,-1.5520533
-0.8450989,-1.3393933,-0.6449575,-1.6271880,-0.8978127,-1.7998142,-0.7155623,-0.8033168
3.4615438,2.6062143,3.1125267,2.3598049,1.8807831,2.1517347,1.8981221,2.6989013
0.9937995,1.1630961,0.5741846,0.5761971,-0.2896670,1.4397114,-0.4224741,1.7726176
0.1166847,1.4447034,1.1486527,0.6883687,-0.0516920,3.0754962,0.1136133,3.3099828
1.4297050,2.5815043,2.9726777,1.0728881,0.4762418,3.8608118,0.8534364,4.0897289
-3.8523062,-3.6816283,-3.6582398,-5.1280281,-5.6048434,-2.8235901,-4.9386930,-4.1074536
-3.8417211,-5.3532970,-5.0597642,-5.7937416,-6.3143692,-4.2515335,-5.4682804,-7.1322156
1.1428737,-0.3522759,0.3657572,-1.0024127,-1.8523830,-0.3682804,-1.8898472,-1.4255956
-0.7125351,0.4660737,0.1896359,-0.8612360,-2.6831139,-1.2671147,-2.9183052,-0.8391612
-1.4692367,0.6411887,0.5582723,-0.8592821,-2.1516408,-0.2924771,-1.7400115,-1.3741845
0.6288602,0.9580758,2.4452999,-0.1762540,0.8083607,2.4679831,0.3830043,0.8039155
0.2331181,-0.0858491,0.9964482,-0.5630330,1.1836223,1.5814002,0.3530694,0.7619424
1.5166302,2.1110602,1.7660945,1.7871106,2.7873762,2.9619050,3.0303346,2.1594179
-0.5160277,1.0249922,0.3743140,0.6848486,0.4500014,0.9911973,0.8598615,-0.1221455
-1.0178294,-0.9233845,-1.3899938,-1.1701262,-2.6054586,-1.8413432,-2.2357720,-2.7740098
3.0995755,1.0419770,0.7161961,1.6708569,0.9087728,1.4037084,0.9637456,0.8915370
0.3135057,-0.6040484,-0.1089422,0.6258865,0.5623006,1.0172097,0.1265415,0.2450333
-5.3989403,-3.0383256,-2.2338192,-2.8969499,-2.5501259,-2.3014084,-3.3827784,-2.8876083
-3.9860508,-1.0325633,-1.3896972,-1.1436439,0.3765896,-0.9137122,-0.8252070,-1.1451744
3.3570953,1.1958780,-0.1164411,2.0271986,0.9489284,1.0576708,2.0105485,-1.3602054
4.5699323,0.6449444,0.0294115,1.5004603,-0.8885373,0.5003413,0.8245887,-1.9581727
-0.1542811,0.3506221,1.3806047,0.8013362,1.8231678,1.3703542,1.0191720,2.1635695
-0.5823705,1.0079280,2.1012120,0.6110963,0.7279668,1.1294065,0.1968903,1.1884813
-0.8661870,0.7210346,1.3606167,-0.6081727,-1.5614182,-0.7474704,-1.3744130,-2.0723741
-3.5622995,-1.0726308,0.3222638,-1.7288059,0.3735375,-1.9175731,-1.1065034,-0.5599574
-3.6298750,-1.8492865,-0.5305485,-1.7954584,0.6355004,-2.1198398,-1.8658606,-0.2513795
-0.8707280,0.4858097,0.6512598,0.5768409,1.3848507,0.8472068,0.3526129,-0.0318239
5.8928760,3.5217411,2.7459490,4.2812176,3.6260437,4.6414007,5.3346259,2.0141497
9.9965793,2.2139341,0.2484189,3.6868142,0.7176779,2.4393095,3.6052783,-1.2577749
10.4681708,1.4394370,-0.5526540,2.6249575,-1.4237896,1.9133185,2.5237550,-1.5716109
5.1549311,0.9733442,-0.1371795,1.9425542,-0.0097977,1.9813599,3.6578656,2.1901022
-2.3405611,-1.2031830,-1.4577941,-0.4892674,0.7368591,-0.8314627,1.1848398,2.8843086
-2.1272518,-1.6480662,-1.9838916,-0.8780986,0.6438434,-2.2228290,-0.8974474,1.4042978
2.8285517,2.1694638,1.1189576,2.6865190,2.0162075,0.2208600,1.5871742,2.5808183
-0.8625682,0.9689302,0.0225265,0.5388992,-0.8553279,-1.5196961,-0.6223839,-0.4002008
-5.3188640,-2.3859058,-2.5560015,-3.2995007,-3.4041157,-3.3999694,-3.8021467,-3.0392072
-1.4029027,0.6614633,0.5736811,0.5632896,0.9789362,0.6811928,0.1647222,2.0707419
0.5225854,1.4634530,2.2103263,2.3918416,3.0543826,2.3227446,2.0995295,4.6475205
-4.2267204,-2.3971825,-0.7111594,-1.8174491,-0.0338481,-1.5470332,-1.3868418,0.0442936
-4.2753323,-1.5696833,-0.7292607,-3.1653956,-1.1595589,-1.7939133,-1.8217092,-1.2171193
-4.1291833,-1.7099779,-2.2831130,-4.6852702,-2.9362428,-3.0323682,-3.1148817,-2.6268385
-1.8224091,0.2116551,0.0557193,-1.6062752,0.0742572,-0.7120542,-0.4477391,0.2356407
0.4699914,1.0788286,1.3811178,1.1495134,1.9345993,0.8603740,1.7406857,2.7239152
-0.3521643,-0.5411602,-0.7203223,-0.4673392,-0.4704669,-0.9007482,0.1391474,0.9947647
-1.2499247,0.3872707,0.1974939,-0.2449291,-0.0156890,-0.1020529,0.6341113,1.3318352
-5.3644908,-2.7148659,-2.9222365,-3.7920054,-2.9234069,-4.0801027,-3.3410820,-3.1554516
-4.2334901,-3.9315346,-4.4883075,-4.3826329,-3.6566114,-5.5108275,-5.2553037,-6.4356467
3.8709781,1.1557149,1.2679948,2.2185293,1.8026377,2.0362088,1.0641595,-0.3429135
2.7512677,1.3228157,2.2588355,2.6169179,2.4139487,3.5661497,2.2367327,2.3672072
0.2564001,1.1773360,2.0494575,2.1860287,2.8122036,2.8986832,1.9699994,2.7064931
0.2962140,0.9920132,1.1454062,1.4416174,1.6826012,1.5847303,1.3103934,0.9459233
-1.7190121,-2.7453812,-2.6541628,-2.5800993,-3.2583030,-2.7118032,-3.4022173,-3.5500824
2.2133606,-1.9535386,-1.5178457,-0.1070383,-2.1941319,-0.6625363,-2.1390347,-2.0622088
5.5657491,1.7769432,1.5949668,3.3045611,1.8468660,3.7095719,2.5757899,2.6319564
1.6599300,1.8681621,1.3947901,0.9080598,1.3289132,2.5384295,1.9036804,2.6924241
-3.0731748,-2.0183801,-1.6783578,-3.0825618,-2.9450528,-2.5890420,-2.7045212,-2.5571213
-3.7204270,-5.2361317,-4.7914727,-5.0742109,-5.8920279,-5.6056007,-5.2897916,-5.7332755
0.2343487,-1.4391744,-1.7266231,-1.3839052,-1.9728449,-1.4723258,-0.3992346,-1.1720347
3.0608152,4.4934297,4.8168733,3.3427722,3.8317081,4.1593126,4.8555931,4.7892506
2.5192406,2.7355791,3.3518297,1.9377823,1.2394361,2.2145944,1.4198229,2.0629925
1.9083106,-0.2216193,-0.7581791,-0.2069645,-2.4827844,-0.9356731,-1.3559544,-2.4186630
-0.5576642,1.4028936,1.0031244,0.1970972,0.4189170,0.2450506,0.4685159,0.2044900
-1.3954063,2.1853478,2.6831366,0.7440743,2.6908066,1.1321875,0.8456546,3.0606769
1.6568939,1.7564763,1.7828206,1.9002339,2.1565569,1.3907645,1.3894387,2.0207842
2.3603311,2.2101305,1.8591963,2.6056347,2.3790770,2.5195032,2.5646154,1.7668745
-2.6449738,-0.8976388,-0.8466432,-0.7046222,0.2459486,-0.6224793,-0.8792820,-0.8725568
-3.6990484,-3.2102198,-3.0344323,-1.7833547,-0.6729798,-2.8758674,-2.3590521,-3.0273172
1.9440707,0.0426948,-0.4594413,2.5603109,2.3696470,0.5228404,1.5530244,0.2247194
4.6955532,2.7308460,1.7487139,3.6805800,2.4095623,2.6734253,2.8651158,1.8727019
-1.4921165,-1.1430963,-1.4639753,-1.6736162,-1.6584245,-1.4922012,-0.9740271,-2.7812210
-4.7329964,-4.2358279,-3.3890548,-3.8415474,-3.3241088,-3.1186692,-2.1942756,-4.1336808
-1.3152715,-2.4313460,-1.3676534,-1.6177070,-2.4043678,-0.4135882,-0.8843242,-1.7295789
-0.7299729,-0.5000089,0.0518973,-0.1581359,0.0024154,-0.1105714,-1.2724309,-0.4603602
2.0259125,1.4670141,1.1500204,1.8094653,1.3058040,0.5301171,-0.0847677,1.4743882
6.0608966,4.5712300,4.2193595,4.1772500,2.5391385,4.4694586,4.0212648,4.4772268
0.0148715,2.5824414,2.8071023,1.9457810,2.5309896,2.9157886,3.2013632,2.8198102
-1.0935453,-0.1698154,0.0021489,-0.0198497,0.1614532,0.8669352,1.4589996,1.2717007
3.2581615,0.5199888,0.3583051,0.6246949,-0.1627022,1.8662192,2.1065936,2.0820738
0.9215807,0.6597121,0.1782658,-0.6904608,0.5394725,0.2986876,-0.1452966,1.0050430
-5.2846320,-3.1700167,-4.1926044,-4.6574066,-2.5895973,-4.9786547,-5.1335120,-3.9642002
-1.8550690,-1.4381186,-1.6928526,-2.2428987,-1.8104249,-2.2371453,-2.2819345,-1.6180652
1.3571493,1.0375414,0.7503405,0.6087380,-0.6136243,0.4853748,0.2977353,1.3235410
-4.9091862,-3.6962589,-4.2947057,-3.2596627,-3.8490684,-4.2684760,-3.8251504,-3.0089727
-4.9527930,-3.5919958,-3.6910441,-3.3143425,-2.9656963,-3.8836348,-3.3624748,-2.9621053
3.1574587,3.9565470,4.1542476,3.0971518,3.5820173,3.3019944,2.9723145,3.6212198
-1.4234570,0.1800503,0.4005598,-0.4739362,0.4758472,-1.7155313,-1.3060256,-1.7003334
-2.0870533,-2.5669253,-2.1073095,-3.4133402,-3.9829159,-4.3673564,-4.2979096,-5.3620354
6.6692072,2.2250037,1.7560158,2.8978954,-1.2191980,1.7091210,1.7638900,-0.5113859
8.9836351,3.7600182,2.8727444,5.1840761,1.0620713,3.9613778,4.7195345,2.3595744
0.5326515,0.1862506,-0.3269279,-0.4140197,-0.1585277,-0.7021266,-0.0230714,-0.6829624
0.1391736,2.4588800,2.3225048,0.9734175,3.1479785,2.6501378,2.6591937,2.5723672
1.6698155,3.4605075,2.9245985,3.0529858,3.8617375,5.0210160,4.6287151,4.3022269
-1.9105987,0.3902699,0.5479296,0.7912382,1.2597102,0.9626076,0.2183798,0.7326828
-1.6821096,0.0145224,1.5883948,0.4886855,0.9093849,0.2421303,-0.2705581,0.3591144
-2.9438716,-1.6134746,-0.6990630,-0.9137387,-0.2069570,-0.5870805,-1.1403577,-0.7171335
-1.8900980,-0.5554879,-0.7016953,0.1313540,2.0501832,0.5517726,-0.5421977,0.4536984
6.1896215,4.6024113,5.3131626,4.1345764,5.2429314,6.1054858,4.9329413,6.2396276
-0.3926886,-2.0190043,-1.5215017,-1.6019821,-1.8163603,-1.1946408,-0.2814907,-0.9114705
-4.8427759,-5.6976227,-5.0251738,-3.6344367,-3.1183955,-4.6163215,-3.3377838,-5.0850675
2.0289657,-0.0302113,1.2123478,0.9125168,1.3165830,1.2717165,0.7620435,0.2770770
-1.2738824,-1.9120836,-2.1333121,-2.3450789,-3.0651149,-2.8420851,-3.0928845,-1.7147836
-3.1784457,-3.6620842,-3.8263431,-3.7746891,-4.2289551,-3.7820628,-3.8862568,-1.1906045
0.0530991,-0.8042262,0.2750691,-0.8159126,-0.1303462,0.3480740,0.1246330,0.8656117
0.9305271,0.5454633,1.9963656,-0.0700186,1.5331127,-0.0309890,0.8448197,-0.2991979
-0.1921496,-0.5286370,-0.1991863,-0.6921873,0.9354852,-3.0424469,-0.6154217,-1.4999213
1.4418090,1.4116291,0.9897578,0.8147574,1.4466414,-0.1686719,1.0179399,1.2614999
0.2522812,0.7312184,-0.0157225,-0.1867518,-0.1358244,-0.2823119,0.5699729,0.7560661
0.1424432,0.9480688,-0.6884618,1.0143093,1.5422448,-0.9051581,1.5049644,1.5718149
-0.5602206,0.2892834,-1.6014216,0.8957982,1.5988624,-0.0670362,1.1951261,2.0838298
-2.7139632,-2.0104791,-3.3497643,-1.8359597,-1.6030157,-0.9978256,-1.2611417,-0.1440126
-3.4702801,-1.2461482,-3.2655825,-0.7527356,-1.5608338,-2.4889533,-1.9169367,-0.9914639
1.3260078,1.7553129,0.5883759,2.1990987,-0.0020267,1.5532602,0.5551037,2.1051696
1.7608536,-0.2618317,-0.0011166,1.2146787,-1.0539205,1.6943673,0.1838366,0.4142652
2.0886183,0.9088523,1.8201311,2.6815897,1.3426150,2.7525697,1.3882850,1.2215680
-0.8837144,0.0293756,0.4728330,0.1309379,-0.6099114,0.0849879,-1.6301137,-2.1759633
-1.8630957,-0.7003109,-0.2572291,-2.1396728,-2.2164754,-1.5464316,-2.9247305,-3.9103244
-3.1914512,-1.8015582,-1.3906669,-2.7715708,-2.5539801,-2.7878172,-2.5804164,-3.8646352
-2.0987642,-1.0248099,-0.0989314,-0.4003050,-0.9522866,-0.4839337,-0.2970338,-1.7717348
3.6202510,3.9464462,5.3141359,4.5746356,3.3321315,5.3287976,4.1231074,3.6490871
1.1626547,1.9881469,1.6252137,1.1216583,0.3507279,0.8703231,0.2791533,0.2361931
-2.8944806,-3.0021595,-3.7460062,-3.7416991,-3.2760678,-3.5421205,-3.9127227,-4.1975746
3.7781100,1.8257484,3.2100614,1.4460937,2.2814362,4.7760150,3.0092251,3.3528522
1.6412774,1.5927754,1.9727599,1.2366101,1.3069462,2.6782829,2.2875137,1.5356593
-2.8609226,-2.5447466,-3.1811189,-2.6494071,-2.5348447,-2.4419126,-2.2692956,-3.2135144
2.1942773,0.9068727,1.3375947,0.7977141,1.5632409,2.6616105,2.1460405,2.7912867
2.6512053,2.1051244,1.9803269,1.2425015,2.0739359,2.2647148,2.4069974,2.5693301
-1.2242860,-2.1206656,-2.7952507,-3.4886718,-3.4396444,-3.4886003,-3.1460737,-4.7098317
0.4339142,-1.0718506,-1.0172298,-1.4534851,-2.2016115,-1.3055010,-1.1073422,-2.4024391
0.4173863,1.6376247,1.2375516,1.3664693,1.7454447,1.5511188,1.7653009,1.7306262
-1.8935210,0.4207133,-1.2672261,-0.3000460,0.3265757,-1.5193616,-0.5607381,-1.2861251
0.7666600,-0.2721184,-0.7665864,-0.1371595,-1.6094837,-1.1204471,-0.5457832,-0.4932507
-0.5782247,-2.0424040,-1.2751893,-1.8456959,-3.4881537,-1.6391241,-1.9523914,-0.3053691
-2.2058292,-1.1039725,-1.8881886,-1.2840082,-1.7078237,-3.4045628,-2.9734137,-3.0773790
5.9018708,6.1273825,5.8962714,5.9166623,6.2105930,4.2774700,2.8532804,3.1552144
1.3639037,2.0721456,2.5557216,2.1189749,3.2416562,1.7260909,0.2917981,1.0442102
-4.8322744,-2.9393090,-3.4525323,-2.8398611,-1.8896063,-2.6960284,-1.4433909,-2.0992194
0.4371499,1.6720389,1.5924564,1.9583722,2.4154423,3.0772222,4.0654332,4.6370796
1.5862380,2.6750025,3.4258241,2.7974802,3.5281052,3.1716245,2.9401831,4.5306775
-2.4022202,-2.1288928,-1.7711217,-1.8490790,-1.0198072,-3.0260443,-2.1267791,-2.9738819
0.0994723,-1.7580991,-0.5735760,-1.1522318,-0.4027868,-0.9290858,0.0141239,-1.1278689
-3.1669043,-4.0769308,-2.5750080,-3.3708928,-2.5352572,-2.5119844,-1.9773203,-1.7051881
-4.3887281,-4.0560609,-3.0953772,-3.9420279,-3.0399469,-3.0312942,-2.6161768,-1.6002712
-1.0332421,-0.3948714,-0.4720456,0.0415783,0.5940461,-0.3447022,0.3323805,1.6936229
4.4391618,3.5209625,3.4128044,3.9535609,3.2298994,4.0774437,3.5295877,4.9136786
3.4927731,2.8815880,2.0849201,3.0636331,1.9609323,2.4734543,2.0372644,0.7560856
3.7536166,3.9389055,3.6487459,3.6089658,3.6313934,3.9587546,3.3368918,2.4882034
2.6086327,1.5998113,2.0831685,2.3251017,2.1195092,3.0376297,2.6905042,3.3324215
1.3192928,-0.2577828,0.1859118,1.4542544,0.4909086,0.6274829,1.0652552,1.6393459
-0.1005572,-0.3143287,-0.2236051,0.6573015,-0.6788526,-0.8026010,-1.0157650,0.6321767
-0.5409261,-0.0625120,-0.4534075,-0.2333772,-2.3725388,-1.1021304,-2.3886109,-0.6444752
-1.0321439,-1.0209582,-1.2154660,-1.5733631,-2.8204258,-1.8833605,-2.6650289,-2.9946437
-3.2915181,-4.2531992,-3.9944600,-4.3737707,-3.9095695,-4.2912902,-4.0278832,-4.8932003
-0.2492750,-1.6356355,-1.0472567,-1.8753106,-0.7818421,-0.4508742,-0.2731562,-0.1401330
0.8234943,0.5422388,1.0454803,0.1102768,1.2832454,1.8876944,1.5596334,1.1281668
-0.3439211,0.4951785,0.5412058,-0.0294501,0.2666513,0.9817958,0.0765707,-0.2500378
-0.4180408,1.4458104,-0.1013084,0.4296074,0.6215965,-0.3439627,0.2644016,-0.3122693
1.6021211,1.5051535,0.3450382,0.6274123,1.9214967,0.8928274,1.8659279,0.8840729
-0.5047989,-2.3258350,-2.1193843,-1.7422191,-0.7976755,-0.7286137,-0.6033567,-1.7978576
1.1482378,0.1281422,0.6661898,-0.4364417,0.0787994,1.4434649,0.7840069,-0.0467536
-4.2586579,-2.8908433,-3.8471464,-2.9137036,-2.8796493,-3.8978765,-2.8141968,-4.7476602
2.5356004,2.6017240,2.8506774,3.1924194,1.8518809,3.8449157,3.6499876,2.8097081
-3.4557080,-0.9272754,-1.1064260,-0.1168010,-0.2681327,-0.4585830,0.0809644,-1.0568699
-5.2123983,-3.1467518,-3.6219851,-3.7966896,-2.8914583,-4.7286822,-4.0301935,-3.9098893
4.0090098,1.3390818,0.6400308,1.0440872,-0.0278320,-0.8095783,-0.5449947,0.2431132
4.8847054,0.7956525,0.9481179,1.4149839,0.6214249,0.1205945,-0.1080781,1.3050484
-5.3357352,-5.5411237,-5.1612755,-5.0862134,-3.2559757,-6.3590493,-5.3401576,-4.4399897
3.2460836,2.3483418,3.7294146,2.2740645,3.2732880,3.5743065,3.7643762,4.4768887
3.5868708,1.6040615,2.4877252,1.9938666,0.5257228,2.8815061,2.8321030,2.6440551
-2.9470659,-1.9134899,-2.2299028,-1.7238839,-2.1950393,-2.1686698,-1.4552058,-1.7394991
1.0150300,3.3036991,3.5206185,3.3434460,3.9971523,3.7676363,3.5949637,4.9832695
5.5891504,4.3557946,5.9701309,3.9349132,3.5560649,5.8625195,4.2768983,6.5427727
-5.7247180,-5.8253669,-6.6068097,-5.1600072,-5.4630405,-7.9390888,-6.8562095,-7.1706740
-1.3619342,-0.4247304,-1.2393963,-1.0712711,-0.9428903,-1.9642565,-2.4318936,-0.8948339
4.7645546,4.3031410,4.7772277,2.9738196,2.6750811,5.3165650,4.3548565,5.7009491
-6.0728170,-5.2886319,-6.7044605,-4.6265124,-5.0586135,-6.3508274,-3.6722583,-6.8744321
-0.2290738,0.9999964,0.8020239,0.6062667,0.4789985,1.2146301,0.9490319,1.1707688
5.4254150,6.9948295,7.6308765,6.2471535,6.0678994,8.1626547,6.7206034,9.5053035
-1.4289744,-2.2691935,-3.2518814,-2.1254610,-3.3124294,-2.4715483,-1.5351741,-2.5568306
-2.8264810,-5.0021553,-5.9702447,-4.3911093,-5.8267675,-5.6441124,-4.7627525,-7.4368121
7.1190218,7.1888939,8.0192910,5.7024562,5.5220537,7.1294627,5.3892101,5.9204704
0.1153471,1.7749535,1.6238301,0.9119180,0.9816090,-0.0289585,-1.1172464,-1.3083842
-3.1656470,-2.8993747,-3.2514162,-1.0416698,-1.2991831,-4.3252149,-4.5545996,-6.6051218
14.2135669,12.1571833,14.5841911,10.6109447,11.4809171,14.6430545,11.3508561,12.0974488
0.3781045,1.2241305,1.5783511,0.1839125,1.4083116,0.7556737,0.6906402,0.0477061
-12.3779345,-9.9927001,-11.0690757,-7.8055213,-7.9705004,-12.1028988,-9.5842131,-11.2963002
10.1110548,8.8712492,11.2729109,7.9925047,7.2106700,11.5122915,9.2329076,11.2663146
3.4918458,4.6827219,4.8334102,4.2572838,4.3566189,3.9855420,4.0945384,3.8542992
-12.7782953,-9.4763895,-11.9895330,-8.1582638,-7.4058156,-13.1550298,-9.5676743,-12.2961784
9.4160115,8.2147273,9.6623980,6.8613007,7.1814502,10.7207673,9.6255524,10.8943766
0.6385905,1.4767806,1.2993471,2.7695905,3.1658109,2.3306036,3.4521350,2.9554048
-3.6980125,-4.5674901,-5.6430446,-1.8590258,-2.1354910,-4.8065043,-2.2905725,-2.7264690
3.0146106,1.7896114,0.2512152,4.1210973,2.1499484,0.6038283,3.5247298,3.2258934
10.9827528,9.0401864,9.6779933,7.9575048,6.7814036,10.1679264,9.0202277,11.1683811
-20.3703066,-16.4274136,-20.7510392,-13.4469277,-13.2042191,-22.1456616,-17.4466606,-20.7254386
2.7472055,1.4973341,1.3433655,1.4965005,2.1070141,1.0425659,0.3072035,2.3154513
1.5436739,1.0405467,2.2095377,-1.0500665,0.2216606,1.6718293,-0.9421608,2.2935298
-22.1816161,-16.8493049,-20.2556773,-16.1546336,-15.1488801,-21.7040769,-17.5604922,-19.6974093
-6.5705304,-5.3788118,-6.0142350,-5.9002046,-5.1454992,-5.0401792,-3.3891984,-2.1824731
-5.4523875,-5.0202378,-4.3507359,-5.4335773,-4.3683752,-3.4333176,-3.7403397,-1.5399117
-10.4244101,-7.1812695,-8.8406856,-6.7213963,-6.1797611,-9.6309016,-7.9974803,-9.1244810
-24.3727357,-18.3911697,-22.7906987,-15.6761926,-15.4588649,-23.6913546,-19.1476072,-24.7782013
2.3883849,0.9661797,2.6847984,-0.2271421,0.0773321,3.7958257,0.2368884,0.2800192
39.6733569,32.5370612,39.1546878,26.8789097,26.9244452,40.4994840,30.5450450,36.3858368
