-0.1885263,1.2079256,1.1845240,0.4943432,1.5950291,2.4296115,2.4155036,2.1682935
-1.7440322,-0.3696142,-0.0329778,-1.4561170,-0.0635127,0.5478332,0.3230207,0.6030476
-0.6255472,-0.5710141,-0.6413480,-1.8843432,-2.0722222,-1.3113168,-2.1065614,-0.9566794
0.4316540,0.6324434,-0.1697256,-0.6756505,-1.0902595,-0.8051794,-1.5426522,-0.5486660
-0.2561197,0.3441027,-0.0031820,-0.1166271,0.5029782,0.0269689,0.1255319,0.5090128
-1.2631731,-0.6675251,-0.2604918,-0.5436699,-0.3234727,0.1606963,0.4754893,-0.5212277
-1.8348787,-1.1290443,-0.5537160,-0.5184764,-1.0804193,-0.0106321,0.3387567,-1.4449743
-2.0771211,-1.4522571,-0.7364672,-0.7574374,-0.5739047,-0.5271377,-0.0165886,-1.6149007
-1.4363495,-1.6721665,-0.9805659,-1.7548209,-0.9383665,-1.8168259,-1.7556425,-2.3322653
-0.1847299,-0.8130122,-0.6145235,-1.4410954,-1.0667634,-2.2028556,-2.4229904,-2.1862843
-0.1542710,0.1570715,0.0218725,-0.2734976,-0.7080129,-1.6587025,-1.8247143,-2.0578963
0.9693042,1.7764273,1.5067406,1.4441762,0.3216621,0.1239931,0.1525027,-0.9381489
2.8827210,2.6305156,2.0568972,2.0063822,1.4489701,1.2701902,2.0186752,0.5371322
1.7250404,0.3940836,-0.3741498,-0.3067923,-0.1166963,-0.7596630,-0.0632721,-0.6786280
-0.3619433,-1.1300589,-1.5153076,-1.4794318,-2.0850243,-1.7917173,-2.2126222,-1.6806542
-0.3858014,-0.0269237,0.4098612,0.3388495,-0.4601396,0.7127806,-0.0332239,0.4084590
-0.5542761,0.2350365,0.9026945,0.5886358,1.4027055,1.8827513,1.7412257,1.8023261
-0.9499429,-0.4434155,0.1217495,-0.7295524,0.5318166,1.3416377,1.6095937,1.5805007
-0.4205124,-0.0615687,0.8919479,-0.0342788,0.2496519,2.3409679,2.4105229,2.5834147
0.3840688,1.3429773,2.1563129,1.7058671,1.9518567,3.0217573,2.6619252,3.2050002
1.1600177,2.3957086,2.5854655,2.3014451,2.7426497,2.4551284,2.2196421,2.3647674
0.8984138,1.1295080,1.2601820,0.8867151,1.5667296,1.1753449,1.1471907,1.5818571
-0.4691518,-1.4601795,-1.5431870,-1.3828820,-0.4144429,-1.0399075,-1.1881600,0.0786929
-1.5474342,-2.3270390,-2.8993118,-1.8761366,-2.1245798,-2.2691289,-2.1648331,-2.3609172
-0.0827086,0.0775738,-0.6747025,0.4456792,-0.1252731,0.4671679,0.6740741,-0.3089858
1.8305712,1.6090418,1.0193272,1.7147071,2.3922745,2.1245815,2.0490485,2.2339842
1.1103588,0.1814911,-0.0305823,0.1483820,0.7445509,-0.0100067,-0.2430536,-0.2053468
-0.7258478,-1.2373047,-1.1896850,-1.3896948,-1.5517859,-1.7555276,-2.1646911,-2.1860576
-0.2187578,0.0348579,0.1077334,-0.0959371,-0.6493742,-0.4786868,-0.6378248,-0.1886347
1.1723148,1.1899281,1.3160551,0.9931567,-0.1344633,0.5654111,0.8752837,0.6898318
-0.3294837,-0.6943920,-0.5622858,-0.7112867,-2.0793819,-1.0333024,-0.8497956,-0.7826199
-2.0572573,-1.8692762,-1.8878462,-1.6295933,-2.4302412,-2.4618531,-2.5465294,-1.4755609
-0.7203464,-0.6546187,-0.8538452,-0.7947715,-0.7964302,-1.7258999,-1.6103021,-0.4223182
0.6949391,0.0851312,-0.1645946,-0.2240017,0.7074603,-0.3997420,0.1046155,0.4564348
0.9428429,0.4954841,0.3684092,0.4555850,1.6132947,0.7669760,1.0836741,0.7139994
1.0261321,0.7358301,0.8135097,0.9966807,0.6060973,1.4085905,1.1148582,1.4530481
1.2415678,0.9375969,1.0738531,1.6730617,0.7668830,1.9387168,1.4469284,2.0157621
0.6772819,0.2031532,0.1623302,1.2256133,1.5381292,0.9144269,0.3834124,0.0505060
-0.8384546,-1.5487649,-1.8045804,-0.5218059,0.0750234,-1.0473196,-1.5245460,-1.4969481
-1.4401933,-1.5448499,-1.5766280,-0.6360364,0.0297988,-0.8540165,-0.8971654,-0.6283837
-0.4232809,0.2818582,0.5194135,0.5670911,1.0430409,0.7624519,0.7500146,0.3708655
0.0811269,0.6458255,0.6764892,0.3920702,-0.4541963,0.9367271,0.7949439,0.5028696
-0.7918999,-0.7969921,-0.8728650,-0.6828669,-1.4871647,-0.7723376,-0.7096429,-1.3812858
-1.2696162,-1.1172030,-1.0630249,-0.6234320,-0.0206438,-1.6731089,-1.7482909,-2.7944977
-0.9627323,-0.9047563,-0.5134019,-0.3777236,-0.1303749,-1.5700541,-1.5102525,-2.1404433
-0.4938028,-1.0499605,-0.4342477,-0.7071376,-1.5026566,-1.7498211,-1.1478835,-2.1219244
-1.1144085,-1.0421228,-0.9096077,-1.1554275,-2.3010806,-1.9832928,-1.3465673,-1.7752144
-1.3768714,-0.4867834,-0.9037081,-0.8043478,-1.9541027,-1.2712284,-0.5665817,-0.3339615
0.2178354,0.9141078,0.4580079,0.6411497,0.6285873,0.0551207,0.8062469,0.0572319
1.2148745,1.8347750,1.6659435,1.3291837,1.8988248,0.5945347,0.9119248,0.1117855
1.3460264,1.7629969,1.8882733,0.5617054,0.8071269,0.8674763,0.8656578,1.2742131
1.3842761,1.2539828,1.4127774,0.1190069,0.0178477,1.5244720,1.5186554,2.3742616
1.7988698,1.4078691,1.4500627,1.3956764,0.7832441,2.0736676,2.4531559,1.9965054
2.5225135,2.1992981,2.2349256,2.4534914,2.4694666,2.2876086,2.5007719,1.6109032
1.4729026,1.3430245,1.8680467,1.3495311,2.2524956,1.4567607,0.7340122,0.9326240
0.1390964,0.0526290,0.7595688,0.2011725,1.0728507,0.3129488,-0.3589024,0.0107933
-0.6243976,-0.6098116,-0.7525310,-0.8411885,-1.0322556,-0.6466951,-0.9677909,-0.2831283
-1.7604571,-1.1254034,-1.7843466,-1.9236361,-2.6304214,-0.9778637,-1.3394416,-0.3957612
-1.6008825,-0.3910716,-0.8827494,-1.3381017,-0.5456696,-0.2978056,-0.3610014,0.5359372
-0.5875926,0.0592846,-0.5146244,-0.8813390,0.0784108,-0.5200835,-0.6609470,0.3000476
0.0441865,-0.5332549,-1.1384606,-1.0926630,-1.3602926,-1.4920849,-1.7282159,-1.9025594
1.7282845,1.0411762,0.5236345,0.8349190,0.0423528,0.2569088,0.3831935,-0.3472013
2.3377705,2.4695807,1.9151674,1.8995069,0.7060964,2.5841057,2.8628209,2.3986147
0.1000816,0.3384912,0.1532296,-0.2884234,-0.2732593,1.5697087,1.7178911,1.4725136
-1.3297281,-1.4557881,-1.1816927,-1.3979964,0.2517242,-0.1539254,-0.3137091,0.9514181
-1.2876802,-1.4688149,-1.1114260,-1.0403481,-0.3082792,-0.7661530,-1.0462216,1.0039953
-1.4291491,-1.8863809,-1.3597381,-1.3762085,-1.9936630,-1.2405311,-1.3746487,-0.1800721
-1.5009679,-2.2079768,-1.5276257,-1.5663289,-1.9054849,-0.8524233,-0.6659669,0.5052652
-0.5494099,-0.9757438,-0.2056162,-0.3706737,-0.0125312,0.7074313,1.3262461,1.7678921
0.8734263,0.9254202,1.8036449,1.2929763,2.6502826,1.7469831,2.1787223,0.5305186
0.3025285,0.4704963,0.9250323,0.6300693,2.4297624,0.7755837,0.4366936,-1.2171722
-0.7296665,-0.8479601,-1.0153326,-0.6738624,-0.6102736,-0.6695386,-1.1779896,-1.8586416
-0.5129987,-0.1295769,-0.4734291,-0.0244619,-1.0284860,-1.0699656,-0.9721794,-2.1522760
-0.7128426,0.1234368,-0.4534039,-0.3239128,-0.5477477,-1.6386406,-1.2621377,-3.1051883
-1.8607746,-1.4837257,-2.1685443,-2.0135144,-2.2589709,-2.8783883,-2.7014296,-4.1560156
-2.2552213,-1.5855764,-1.7660670,-1.2501137,-1.6173954,-2.0635807,-2.1020635,-2.9585884
-0.5654960,0.2135397,0.2847728,0.8245866,0.9517500,0.3473535,0.2957044,-0.6831091
0.7232479,0.6558841,0.5192796,1.1466808,0.7679938,0.2850133,0.3972717,0.9058245
1.0697518,0.5635727,0.3332888,1.2458531,-0.3944177,-0.7402977,-0.9728391,1.2382853
2.7251013,1.7641030,1.5821108,2.2115693,0.8854950,0.4087088,-0.0516637,1.0192049
3.2887934,1.4806102,1.3320957,1.8044124,2.1444581,0.4906363,0.6875103,0.8827848
2.0886561,-0.2122850,-0.3408252,0.4363152,0.5943154,-1.1122113,-0.6825402,-0.2813189
2.5031679,-0.1826423,0.2188844,0.8971972,0.2622050,-0.3164549,-0.4396537,-0.0068522
2.7440505,-0.2982861,0.3747353,1.2509285,1.3809535,0.4038000,0.2537059,1.0876301
1.1424473,-1.3269592,-1.5443715,0.3574071,0.6681596,-1.1067675,-0.9757918,-0.1468977
1.4246296,0.0600322,-0.7904665,1.1885525,1.3336888,0.1182798,0.0696297,0.1767270
2.7360258,1.9381341,1.4215863,2.2857047,2.9552363,2.8413753,2.7537564,2.6352782
1.9900158,1.3545874,1.2969160,1.7074314,2.2618997,2.6564119,2.5797065,2.8054228
0.3049163,0.3531375,0.3815399,0.6341109,0.6423733,1.5679103,1.5273378,2.4004640
-0.8245059,0.3556176,0.3543610,-0.2106368,-0.2956815,1.6191857,1.7756444,3.4364690
-1.4726739,-0.0619915,0.2305796,-1.1106720,-0.8769053,1.2280063,1.2014875,1.6159402
-2.5313798,-1.4608721,-0.6772622,-2.3847497,-1.7207920,-0.2397848,-0.5781084,-1.8133930
-2.8969946,-1.0613709,-0.0127322,-1.7633509,-1.6027721,-0.1241260,-1.0403680,-1.6010028
-1.6554187,1.2238049,2.2381908,0.3828927,-0.1587218,1.6306807,0.6076490,0.0313434
-1.0566296,1.7853382,2.4866707,0.4635083,0.9034631,1.7364864,1.6959078,0.3026960
-1.6247947,1.2378783,1.1683289,-0.4110345,0.5248126,0.7878459,1.1419270,0.3434084
-2.0827471,0.8809842,0.4543765,-0.4979317,-0.5699406,0.6213786,0.8730426,0.2224358
-2.0290349,1.4825231,0.8136975,0.5761494,-1.1297971,0.4545450,0.6676731,0.2393645
-1.6042238,2.5419524,1.1389991,1.8581989,-0.8000254,-0.1896966,-0.1613765,0.4725429
-2.0768061,-0.4704800,-1.1575536,-0.4616387,-0.8137096,-2.1606886,-1.8165234,-1.6471233
-2.8092380,-4.1301329,-3.5964116,-4.2571529,-2.8497641,-4.0364313,-3.8955932,-3.5095597
-1.6145492,-3.0081261,-2.7876612,-4.3895582,-3.6473479,-2.8792923,-3.4878870,-1.6772850
0.1122485,-1.4052413,-1.7566038,-2.3195412,-1.5833535,-1.1905029,-1.3232024,-0.4613976
-0.2908946,-2.7030870,-3.3099635,-2.4792925,-2.1821935,-2.7585256,-2.1505457,-2.8133339
-1.0379195,-3.1092001,-3.7688445,-2.9228398,-3.3818947,-3.2137324,-2.8778817,-3.4970737
0.2779622,-0.0724153,-0.0730173,0.4176820,0.3132269,0.9991172,0.9095075,0.4183401
1.5055172,2.0018525,2.6640147,2.6780563,3.0896189,3.1847399,3.0787262,2.3897739
0.4415238,0.3723968,1.1105581,0.5890524,0.3658747,0.3106146,0.4086330,-0.0122589
-1.2199606,-0.8570200,-0.1562781,-0.3384130,-1.6999500,-1.3041735,-1.1868454,-1.3471819
-1.8826722,-0.5856040,-0.2701867,0.0839342,-0.9040589,-0.9093189,-0.8904587,-1.2675282
0.0000726,0.5475413,0.5302710,0.8305880,0.9360655,0.3624910,0.7717912,0.0053077
3.6894388,3.3331114,3.5602696,3.7393104,3.9557077,3.6910974,4.3320555,2.6778514
4.2973744,3.8947480,4.0415858,4.2522919,4.6946007,4.4171415,4.6497633,3.6207788
1.9930612,0.9206121,0.9844208,1.3767749,2.4404160,1.3348752,1.4022383,2.1180424
0.6740052,-1.1861502,-1.0930999,-0.6556790,-0.0806190,-1.1897013,-1.0097158,-0.8209725
1.5248398,-0.1729461,-0.5764911,-0.5837229,-0.6507628,-1.1237487,-1.1421288,-1.5738469
2.9494037,1.8474824,1.2950531,0.9910512,1.3436015,0.7453273,0.6235746,0.9178887
1.8827604,0.5089156,0.3374943,0.1046179,0.6342710,-0.0011074,0.0620277,0.5781111
0.4962403,-1.6311470,-1.7417494,-1.8834338,-1.5214189,-1.6897808,-1.6464099,-1.0225351
1.2538126,0.1520094,-0.0692172,0.1816750,0.5030922,0.6392714,0.8644105,1.1767866
0.8477410,1.4713327,1.4119509,2.3205623,1.9526209,2.3367970,2.8747134,2.1823079
-0.7851775,0.1099854,0.0033371,1.2417811,1.0187873,0.7016296,0.9341231,0.6975075
-1.7332531,-1.2796149,-1.7976903,-0.6536092,0.6807530,-1.0461341,-1.2270522,-0.1550563
-2.1204208,-2.0416555,-2.5371272,-1.7881249,-0.2902815,-1.6822217,-1.8359882,-1.8114575
-1.2147240,-0.9020417,-1.0729257,-1.2136435,-0.6343592,-0.7324518,-0.7142371,-2.0221550
-0.8862296,-0.4847898,-0.4420012,-1.4183317,-1.3901291,-0.9738539,-0.8771724,-1.4397361
-2.0928307,-2.4881189,-2.0712851,-2.8045273,-3.7942562,-2.6808681,-2.9308485,-2.5724891
-1.7139343,-1.8864080,-1.3387944,-1.3430226,-2.6169956,-1.5395720,-2.5820418,-1.2940998
0.6981841,1.5487181,2.0230764,2.0420504,2.2760892,1.7897139,0.8323613,1.7049589
1.6496406,2.3609532,3.0346581,2.5552914,3.7651207,2.7242237,2.7147683,1.6072991
-0.0065591,0.4392461,1.0345789,0.0395975,0.3217301,0.3921365,0.5564852,-0.6249522
-1.8844627,-1.2036411,-0.6984613,-1.7265238,-2.3480418,-1.5973248,-1.3990350,-1.8044485
-3.1677958,-2.6238214,-1.8960241,-2.3356253,-2.9564214,-2.5851306,-2.1353702,-2.7016618
-2.3733442,-1.7951621,-1.0833357,-1.1429784,-1.2897587,-1.7835629,-1.8648504,-1.9981290
-0.1149350,0.2113554,0.8142636,1.0767320,1.5057867,0.6578822,0.3766989,1.1858223
-0.0872959,0.0842458,0.0121114,0.6280770,-0.3970928,0.0477172,-0.0892850,2.0363622
-0.8186497,0.0053287,-1.0002369,-0.7801909,-3.7122255,-2.1506500,-3.0603785,0.4004013
-0.0087820,-0.1579512,-0.8042998,-0.8944119,-2.9444699,-1.3839133,-2.3979622,0.2165271
1.3218743,0.0307629,-0.0916433,0.3561863,-0.4199573,0.9720816,1.0646550,1.9142651
1.9054852,0.9857910,0.4547124,1.2352038,1.0273654,0.9178260,1.3269141,2.2333293
1.4657836,-0.2497007,-0.8284666,-0.1754224,-0.0066021,-0.9485547,-0.8988473,0.6163226
1.3395569,0.2916939,-0.6866559,0.0265361,-0.9747350,-0.6919082,-0.8428632,0.8461663
2.6142078,4.0375575,1.9454860,2.2904620,0.8863911,1.1332471,0.9350942,2.4310361
3.7850808,4.2305548,2.8958413,2.4708754,2.4859411,2.2853338,2.6717698,2.8077313
3.2738364,2.2559859,2.6617367,1.8926395,2.5979847,3.1056671,3.7704426,2.0701174
1.7220736,1.9930394,2.6370966,1.5023132,2.7340688,3.2892774,3.1462522,0.9306472
0.2229082,1.1916851,1.6033091,0.4353437,1.6883870,2.1534193,1.4817998,-0.2848856
-0.2798879,0.2582618,0.6476459,0.3071206,0.6363991,1.1622861,0.9322481,-1.3608653
-0.9088283,-0.6318461,-0.2255111,-0.2851275,0.3307251,-0.0103202,0.4198070,-1.6337415
-1.6548562,-1.4269846,-0.7810244,-1.4875245,-0.4592022,-0.9063820,-0.0834864,-1.5860269
-0.7868600,-0.3948957,0.4176031,-0.5108911,0.1372369,0.6899168,1.6168478,-1.5672751
-0.6661000,-0.0292565,0.8322052,0.3132080,0.9282541,1.6858412,2.2372893,-0.8170334
-2.2183608,-1.4805814,-0.9598946,-1.1001021,-0.2572890,-0.1803878,-0.1311439,-0.9304259
-2.6017142,-2.4631153,-2.6134387,-2.3801209,-1.1659918,-2.2915597,-2.4739085,-1.8906791
-1.0544634,-1.7591446,-2.1060254,-1.3321169,-0.5412443,-2.1914744,-2.2654930,-0.5697680
0.1576488,-0.4788308,-0.7397921,0.0338153,-0.0791364,-0.4935519,-0.1119782,1.1084539
0.3554918,0.0771946,-0.3077343,0.0757018,0.2287756,0.5108756,0.7941821,0.8535749
1.0373888,0.2108481,-0.2356395,0.5062436,1.1371360,0.5383900,0.2555151,0.9675761
-0.3027596,-1.9680919,-2.2297320,-1.2057457,-0.9338003,-1.8553430,-2.1438120,-0.7335947
-1.8975680,-3.2880363,-3.1352174,-2.3726882,-2.8584542,-3.3538920,-3.8462105,-2.6404447
0.4404394,-0.3880484,0.3173698,1.3160928,0.4465061,0.1193148,-0.9513558,0.3030055
0.8495556,0.0109350,0.7732904,2.2669573,1.6086264,1.5317040,0.7768879,1.8903775
-2.1837248,-2.4018648,-2.3737235,-0.5016041,-1.0150288,-1.2684048,-1.3364171,-1.0028222
-2.8804067,-2.1888966,-2.8385817,-0.7302181,-1.0673148,-2.1399974,-1.8713703,-2.0677018
-1.3835975,-0.5491171,-1.3028442,0.3302419,-0.0546329,-1.1684986,-0.3985583,-0.8339179
-0.1501676,0.5782508,-0.0799476,0.3795853,0.0758974,-0.6896795,0.2059097,-0.4209786
0.4013309,0.9346726,0.4929645,-0.1979314,0.8034209,0.2665906,0.7351653,-0.2916962
0.6357240,1.0843963,1.1180093,-0.2633660,1.0497998,1.6768399,2.0980444,0.3340306
-0.0263306,0.8558368,1.1927832,-0.5388509,-0.7170848,0.6213977,0.8884581,-0.7058378
0.0979092,1.3531091,1.5887374,-0.3745221,-0.7650444,-0.0533188,-0.2647237,-0.6218259
2.6505527,3.8308478,3.9021903,2.0894750,2.6635772,2.9781014,2.9696582,3.0279194
2.6973209,3.5573576,3.2976326,2.1331475,2.4285530,2.7277057,2.9042205,2.8093174
0.2126652,1.1464059,0.6258828,-0.3450824,-1.0908119,-0.3097444,-0.3972890,1.3610089
0.0008651,1.2337131,0.8735023,-0.7152282,-1.3370290,-0.3525310,0.0037630,2.0539844
0.2245971,1.3145238,1.1599207,-0.5821711,-0.5818882,-0.6587025,-0.0682864,-0.9676617
-0.8197978,-0.0232144,0.2033871,-0.5060271,-0.8311207,-1.7049295,-1.8300030,-2.4803905
-1.9288775,-1.8423116,-1.4008631,-0.7677392,-1.5183185,-2.3473905,-2.5471351,-1.5137872
-1.6458978,-2.5048299,-2.1948950,-1.2754564,-2.2868946,-2.0859125,-1.8267013,-1.4672196
-0.0862910,-1.3175794,-0.6608094,-0.2124332,-1.2530865,-0.0246183,0.0246635,0.0092932
-0.0014168,-1.8668953,-0.9337010,-0.4641971,-0.8138004,-0.4928234,-1.0298700,-1.1381196
0.0322255,-2.0446023,-1.5178254,-1.2140982,-0.9787546,-1.4928146,-2.3690546,-1.8550352
2.0017280,1.3910156,1.7682258,1.4079692,1.7567596,2.4931613,1.6023374,2.9309984
2.6456512,2.5069920,3.1689829,2.7008318,3.0678734,4.8779134,3.9481617,4.3609584
1.6777195,0.2114478,0.7175694,0.4270218,0.5570787,1.9586402,0.8977422,1.5575641
2.0987214,0.3232189,0.4947008,0.1307827,-0.4346076,1.2571005,0.3755150,1.6628738
3.1835317,1.9232285,2.0886422,1.8352366,1.2141786,2.9659787,2.3646822,1.9544450
3.0877832,1.5576196,1.6552534,1.7244681,1.9975281,2.1631883,1.4217417,0.5061589
2.3570171,0.6578754,0.4980731,0.8565165,1.7759373,0.7057957,0.1008539,-0.0806120
1.9769752,0.2440814,-0.1805455,0.5782901,1.7661351,-0.0573131,0.0630155,-0.3401955
1.8013692,-0.2116944,-0.6295553,0.2629037,0.9868718,-0.5306410,-0.0716070,-0.4785496
1.1654702,0.5108854,0.1130681,0.9966995,0.7483878,0.2805685,0.8797001,-0.0641767
-0.1667230,1.3464534,0.4894830,1.7913590,1.5103697,0.2992530,0.9901924,0.0659712
-0.6583987,1.1610838,0.1072374,1.5841577,1.8661765,-0.4610423,0.3277219,0.7219729
-0.4233589,0.7469088,-0.1535255,1.1649737,1.4707921,-0.8140933,0.5678482,0.8138457
-1.8171498,-0.6465832,-1.7506211,-0.4236331,-0.8497135,-2.5271805,-1.1297799,-0.9107353
-3.5718361,-1.9245442,-2.9037894,-1.7934497,-3.0963769,-3.3563745,-2.6298554,-2.1320179
-4.4992804,-2.3781810,-2.8315678,-2.0919483,-3.4055916,-2.7674154,-2.4305597,-2.6961402
-5.5897559,-3.4365772,-3.5330719,-2.8370516,-3.3924790,-3.4567131,-3.4170531,-3.3692772
-5.8176274,-3.6676898,-3.5790980,-2.8110253,-2.8416494,-3.4678342,-3.4467805,-3.5852662
-5.0639570,-2.8462325,-2.9043364,-2.4124453,-2.7913246,-3.0563734,-2.6949101,-3.8319588
-3.4962711,-1.8266815,-1.8279143,-2.2467489,-3.0506909,-2.7461292,-2.6304753,-3.3129262
-0.7624612,0.4524708,0.9894694,-0.5269084,-0.6653711,0.1881454,-0.3672514,-0.2544764
0.2609237,0.9975603,1.9073928,0.1874022,0.6239690,2.1510171,1.5989130,1.7115167
-0.3746949,-0.8440512,0.0774285,-1.1653817,-0.7602723,1.1819290,1.2222599,0.6822856
0.8393648,-0.0614241,0.6862907,-0.5991148,0.3725289,1.5816208,1.8048173,0.9851569
2.6248981,2.4943825,2.9869394,1.4880838,2.7478863,2.8660074,2.5009645,2.2616469
2.2675236,2.6238803,2.9758015,1.6591820,2.4148281,2.6372081,2.3201820,3.0443350
-0.3392061,0.1397154,0.5153454,-0.6491219,0.2695088,0.8206404,1.3369507,1.9285795
-1.6055460,-1.1421197,-0.8452743,-1.2772877,-0.1128382,0.1942490,0.5816281,-0.0325949
0.6491789,0.4513197,0.5454464,0.7898313,1.2629130,1.8917961,1.8747361,1.2868479
1.9919914,1.3658384,1.4186800,1.0003920,1.5235329,2.0018556,1.8923385,2.1754041
1.5052434,1.8292978,2.0826979,1.0677646,2.2350773,1.7905686,1.0812551,1.8231042
1.8496389,2.4876453,3.0369191,2.0800001,3.1124764,2.7582681,2.0243998,2.1167141
1.8749027,0.7530089,1.4913530,0.8845419,1.2876778,1.6000438,1.6358911,0.7734081
1.2953382,-0.2377281,0.1368523,0.2429269,-0.3670883,0.5188066,0.6023519,-0.1698527
1.3847788,1.4718026,1.2055661,1.6915947,0.4450774,1.5078892,1.0780037,0.7971026
1.6730271,1.7119893,1.3261989,1.5385744,0.0562023,1.1147779,0.5312285,1.4862706
1.6460356,-0.0531964,-0.4060623,-0.4833943,-1.9509814,-1.3101340,-1.4976555,0.1927079
1.3232017,-1.3022578,-1.7183932,-1.6165444,-2.6007036,-3.5184707,-3.1015140,-2.5823293
0.0996621,-2.2083229,-2.4656887,-2.2133864,-2.7930988,-4.8491506,-4.4542028,-4.4899593
-0.6828046,-2.1606354,-2.3667674,-1.7415003,-1.7024752,-3.6788101,-3.5374660,-3.0303167
0.3308000,-0.3368334,-0.7909736,0.4701891,1.2844851,0.0054986,0.1392308,0.4422528
0.4502635,0.3906808,-0.3571695,0.9057797,1.5741306,1.2826393,0.9839483,0.5341982
-0.7312091,-0.4356858,-1.1475081,0.0594897,-0.7080368,-0.0625134,-0.4154952,-1.5733323
-0.4507065,-0.5265196,-0.6687593,0.4366552,-0.7857988,-0.3900579,-0.2172430,-1.0624738
0.1030872,-0.5282904,-0.2110021,0.0151629,-0.0276766,-0.8926319,-0.8258980,-0.3213553
-0.2334509,-1.1105447,-0.8012133,-1.3620439,-1.1705556,-1.9135396,-1.9814443,-1.3472747
-0.4867006,-1.4129906,-1.2222216,-1.8160073,-2.0260159,-1.8627092,-1.5145411,-0.8159704
-1.4156801,-1.0917172,-1.2162797,-1.5332625,-1.7800359,-1.4979492,-0.8334633,-0.1319311
-1.4594486,0.4410673,0.1190625,0.3679413,0.1403250,0.4739551,0.9263370,0.2539778
0.2079185,1.6619959,1.5631452,2.2889423,2.2747639,2.7022563,2.6735856,2.4288383
0.2640056,0.3917929,0.1811420,0.5653543,0.6325041,0.8862366,0.7165219,0.9928030
-0.9109102,-0.6709879,-1.1737209,-1.4183854,-1.2435709,-1.0114912,-1.1132927,-2.3331195
-1.4355851,-0.3690893,-0.5123383,-1.0127797,-0.4730417,-0.0319133,-0.1568882,-1.4675549
-1.1539378,-0.4949386,-0.2904908,-0.6552457,0.2331310,0.2497791,0.1326083,0.0820142
-0.2139629,-0.7571821,-0.6836726,-0.9646348,-0.3120338,-0.7046815,-0.7347653,0.2877880
-0.2067800,-1.3525203,-1.1224842,-1.7414071,-2.0853644,-1.4045084,-1.3805298,0.6296736
0.5104450,-0.4975632,-0.0051285,-1.1926500,-2.0733486,0.0918832,-0.0754264,2.2755053
2.1253131,1.6691612,2.1786214,0.4062301,0.0075301,2.1695983,1.7205827,3.5310988
0.1621478,0.4907572,1.0460718,-0.6478941,-0.4530778,0.5232933,0.3172017,1.1088219
-1.6177999,-0.6791016,-0.2939671,-1.1514492,-0.9538021,-0.6728279,-0.4410839,-0.3986169
1.3656731,2.3520783,2.4738554,2.1532852,1.9071552,2.3093272,2.3536871,2.0109762
2.7218307,3.5141114,3.6251845,3.3312297,2.7406186,3.3668532,3.0279725,2.5765393
1.3149206,1.8307819,1.8877029,1.8090931,1.5581636,1.7100761,1.2235222,1.8613512
-0.1916394,-0.1280679,-0.2404153,0.4831475,0.6922609,-0.4042309,-0.8440926,-0.3976889
-1.6370362,-1.6601865,-1.8050977,-0.0512591,0.3057691,-1.8376150,-2.0420761,-3.7309392
1.3891075,2.2373743,2.1199640,4.3624341,5.4210414,2.5702766,2.4755626,0.6485618
4.0048080,5.6783960,5.4242930,7.5041155,8.8613293,5.8715608,5.7376252,4.6188525
1.3611414,2.1676479,1.7414529,3.4156765,4.1380112,1.9427218,1.8190487,0.9905945
-1.0202966,-0.8075712,-1.0766698,0.1788524,0.8067505,-0.4816561,-0.4179857,-0.5775429
-3.0545877,-1.5511187,-1.5878433,-0.7279625,-0.1903682,-0.6500396,-0.2138705,-1.0808100
-3.3388321,-1.9923176,-2.1379397,-1.8166196,-1.6370475,-1.7960965,-1.2307134,-2.7780772
-1.3658934,-2.1490319,-2.3838323,-2.3282532,-2.3014314,-2.8615001,-2.5667274,-3.0157063
-1.4944705,-3.0407554,-3.3312720,-3.0347938,-4.0798085,-3.7019380,-3.4256995,-2.9011293
-1.9219289,-2.7813707,-3.3429242,-2.9324250,-4.2910823,-3.0269613,-2.5149533,-1.1031506
-1.4596822,-1.8504504,-2.5477134,-2.1843840,-2.1591209,-1.9550651,-1.9202651,-0.3334887
-0.7978217,-1.4225904,-1.9436734,-1.6794417,-1.7413444,-1.4665614,-1.8843782,-2.2906437
0.0602316,-1.0044135,-1.2651853,-1.0972495,-2.2269961,-1.1110284,-0.8467480,-2.3351603
-1.0943241,-1.4915549,-1.5579140,-1.5293404,-2.1242353,-1.9951175,-1.0717226,-2.3687222
-2.2408669,-1.4815392,-1.1393616,-1.6632514,-1.2294951,-1.7839089,-1.1241663,-2.6711795
-0.6814949,0.0835251,0.9329163,-0.1779148,0.1426130,0.7885091,0.7538095,-0.0208298
0.5532948,0.7106669,1.4338942,0.1267110,0.1526757,1.5554483,1.1270521,1.1469841
0.6160031,0.2463879,0.4743783,-0.6941864,-0.4382037,0.1355622,-0.3016432,0.9674117
1.7064732,0.8680099,1.1147290,0.0848663,0.2492612,0.2085139,-0.0331618,2.1757200
2.4703968,1.7842867,2.3574630,1.1770226,1.2405637,1.2438166,1.3209963,1.3709544
1.6541368,1.5911296,2.1518276,0.8348218,1.4407526,1.3403213,1.4252804,0.1636450
1.5094569,1.2073254,1.6534741,0.5244477,1.4071701,1.6072283,1.6764413,0.7992144
2.2034385,1.2362071,1.7052702,1.0523929,1.2479852,2.4536761,2.4997133,1.7238679
0.6748909,0.4885743,0.7737554,0.5771126,0.4581958,1.7961868,1.6850258,1.6465237
-2.5413045,-1.4111351,-1.5876194,-1.6123662,-1.3250122,-1.4114361,-1.2975486,-1.9259396
-3.4343424,-2.0624338,-2.4780215,-2.7526529,-3.0731541,-3.5518891,-3.5030683,-4.6784066
-1.2212330,-0.0469047,0.0211137,-0.5036215,-1.6698978,-1.0815362,-1.4380363,-1.4720026
1.0040196,1.6992994,2.1300119,2.0472235,1.6086050,1.8471726,1.6760075,1.5222194
2.1971949,2.0681844,2.1124414,2.3246888,3.0840132,2.1564656,2.2474850,2.8415319
2.4465945,1.6323557,1.5748303,1.5476070,2.2937921,1.5241979,1.5792088,4.0846080
-0.0231226,-1.4445508,-1.2781713,-1.1306720,-1.2414765,-1.3125551,-1.4022318,0.5327284
-1.0511354,-2.6902018,-2.6379478,-2.2909437,-2.9422991,-2.4417042,-2.7950348,-1.9424655
2.4544316,0.3548045,0.2183302,0.3590339,-0.6266669,0.7203481,0.3688650,0.9232026
3.4527963,0.1900117,-0.0180242,0.1426011,-1.1080630,0.2885905,-0.0830596,0.5216885
1.8199566,-1.1326418,-1.2699728,-0.6956396,-1.6571379,-1.4113970,-1.9293069,-0.8109691
3.2063222,1.9431627,1.9905757,2.9013502,2.7464252,2.1714334,2.0335564,3.1344579
4.0328882,3.6800259,3.5661051,4.7296890,5.3956355,4.2078400,4.5087670,5.4920982
3.6583600,3.9376663,3.3833838,4.8631834,5.3547138,3.9208480,4.2213448,4.7763812
4.3680825,4.8621270,4.2106398,5.8147599,5.0307922,4.3398236,4.3319284,4.4958057
2.9226638,3.0233120,2.4148241,3.8857648,2.4227597,2.0168146,1.6549891,2.5544510
0.5107661,1.1902427,0.4562750,1.4978964,0.9194384,0.4912905,0.3512505,0.6210206
-1.4676351,-0.3069326,-1.1393922,-0.1755466,0.6596074,0.0504811,0.3105243,-1.2125567
-3.6820181,-2.8012316,-3.6869371,-2.1641675,-0.8272779,-2.1729285,-2.0454184,-3.1122265
-4.1662422,-2.4728459,-3.2751099,-1.6376378,-0.9408008,-1.9916932,-2.0256572,-1.9954264
-3.6625103,-0.9231553,-1.4419108,-0.5048557,-0.5162200,-0.6779873,-0.4439227,-0.9590930
-3.6459207,-1.2834140,-1.5772171,-1.4926869,-1.4173114,-1.6259405,-1.1475740,-2.2019814
-3.5538676,-2.0674194,-2.2040315,-2.6077876,-2.0579146,-2.6512309,-2.4260024,-3.1401711
-2.9932574,-1.8778181,-1.8018440,-2.5524277,-2.4780644,-2.7445889,-2.6641535,-3.5532839
-2.5857342,-1.5157593,-1.2492022,-2.7376348,-3.8415947,-2.7591366,-2.4773921,-3.0754566
-2.5190421,-1.2436176,-0.6381843,-3.0276855,-3.9024308,-1.5875536,-1.5617619,-0.8970068
-4.2087790,-2.2893579,-1.3561032,-3.6420730,-3.3414797,-1.6726183,-1.8068039,-2.1406323
-5.1622901,-3.5299708,-2.4533144,-3.9077116,-3.3344647,-2.9922698,-2.7016002,-5.0520763
-1.4368104,-1.5887415,-0.1553810,-1.5564401,-0.8397086,-0.4387548,-0.2886857,-1.6282581
0.2133433,-1.0093582,0.4573654,-1.0709406,0.0041214,0.6984942,0.3718768,1.2443359
-0.9271622,-1.9803029,-1.0423888,-2.2331951,-1.0169539,-0.7000763,-0.9126736,-0.2576397
0.6893158,0.1036316,0.6922233,-0.2686252,0.6197231,1.0701480,0.8267485,0.4390147
0.4336449,0.5052164,0.7532916,0.1861895,-0.6222393,0.6845299,-0.0175840,0.7466132
-1.2347648,-1.1461932,-1.1895485,-1.4271350,-2.8710075,-1.8164455,-2.4032867,-1.2460364
-0.0685740,-0.9824169,-0.8712856,-1.5214124,-0.9027007,-1.5651219,-1.3678170,-2.0848495
1.1126337,-0.5066278,-0.2389114,-1.1013038,0.6851328,-0.8749254,-0.0526709,-0.9040472
1.4872992,0.7703686,0.8071954,0.6812084,1.4682579,0.4041236,1.2000516,1.7021542
1.8213300,2.7776224,2.6176406,2.9127419,2.4870084,2.3616394,2.7234919,2.8512421
1.8950081,2.8494078,2.7592327,2.8735213,1.9854318,2.6951998,2.9638632,2.2913621
2.2125607,1.3948126,1.1398016,1.6269174,0.9698278,1.7063064,1.8882050,1.8594049
1.4521271,-0.3418103,-0.8408539,0.3008741,-0.1090243,-0.0241882,-0.2415153,0.1935438
0.7039750,-0.4964232,-0.9277533,0.1972000,0.2306106,-0.4423314,-0.8186588,0.4141637
1.8383548,1.4054015,1.0902266,1.6146715,2.0258486,1.0235723,0.4619874,2.5704795
2.0976036,2.0980948,1.8297969,2.0315649,1.7688258,1.2695253,0.6170104,1.4337823
1.4560332,1.6131740,1.4052787,1.7160587,1.0781789,0.9211951,0.5373472,0.5335541
1.7058499,1.6349369,1.5415936,1.9039013,1.7347451,1.3020471,1.0543774,1.2584874
1.9093054,1.6100940,1.5084779,2.0804439,1.7002851,1.6805279,1.6097358,1.3183790
2.0163015,1.4770000,0.9770255,1.8058645,0.5727935,1.4629508,1.9713057,1.3678709
1.7163778,0.7148362,-0.1051552,0.4665271,-0.7433652,-0.4484526,0.4463369,-0.6550465
0.5055077,-0.4799751,-1.0603487,-0.6428047,-0.4220747,-1.6806034,-1.2873516,-2.4091108
-0.6291229,-0.7710744,-1.2115502,-0.5173328,0.6386078,-0.6583591,-0.6678189,-0.1615053
-1.3519064,-0.6989537,-1.2928893,-0.8576310,0.0074477,-0.3284327,-0.0532263,0.6468346
-1.9492729,-1.1114414,-1.6715080,-1.7075253,-1.0629745,-1.1820062,-1.1478708,-2.3765606
-1.6041083,-1.0993733,-1.4377447,-1.1917490,-1.5438143,-1.1620516,-1.3748281,-2.7963668
-0.9033990,-1.1231628,-0.8224722,-0.5124449,-2.2440650,-0.4772496,-0.5014653,-0.7059498
-1.6039672,-2.5003874,-1.6423594,-1.8846252,-2.6268117,-1.2678901,-1.7289554,-1.5629138
-1.7180135,-2.6816973,-1.9553039,-2.2701962,-1.2313408,-1.8541732,-2.6050357,-2.0827275
0.1144306,-0.5705720,0.0630322,-0.1721920,0.6971125,0.1309101,-0.3307376,1.1235768
1.1753675,0.5533358,0.9049847,0.6658489,0.8796472,1.3726431,1.2990591,1.6759234
0.4900719,0.8756146,0.4755227,0.6833940,1.2164263,1.2286025,1.6564525,-0.5166037
0.0129606,1.7060015,1.2334006,1.4927590,2.3848982,1.9227458,2.0749083,0.3998089
0.5197095,1.3416494,1.3862737,1.1988843,1.5177812,1.7256450,1.5173250,1.5629532
0.7504004,0.6743099,0.9005619,0.8642789,0.8132273,1.0121000,1.7356285,1.5423601
-0.0641198,0.5030291,0.7745639,1.0030431,2.0052303,1.0136474,2.1851452,1.5351793
-1.0625314,-0.0689920,0.1829950,-0.0538011,1.2006891,0.1558118,0.6192615,0.3061218
-1.8715871,-0.5513874,-0.4972404,-1.4344292,-1.9296360,-1.6222824,-1.5169038,-0.3215511
-2.1809503,-0.9024859,-0.7890989,-1.7019415,-3.2602478,-2.4568396,-2.6504012,-0.6785517
-0.9469785,0.1325742,0.0594168,0.1432369,-1.5443328,-1.2713761,-1.6783220,-0.6622565
0.8270842,1.3630580,0.8954072,1.2779191,-0.3897308,-0.3856668,-0.3875184,0.2955427
0.4152796,-0.7954028,-0.7907540,-1.2725381,-1.3754213,-1.7210631,-1.4951629,-1.1376627
-0.8477582,-2.0547140,-1.6304272,-1.9640880,-0.4029757,-1.4440255,-1.3736784,-1.0982221
-0.0370061,0.1924794,0.4498753,0.9185522,2.0801325,1.2083438,0.9202998,1.6480762
0.9400302,1.1392549,1.5789972,1.8894834,1.7682979,2.0307834,1.4784926,1.9364717
-0.7957717,-0.7243518,-0.1735135,-0.1712468,-0.3320004,0.4865596,0.1441672,0.8400504
-2.1096311,-2.3027578,-2.0231418,-1.8434105,-1.1824944,-0.7606690,-0.9354435,-1.0616511
0.4851108,-0.5372388,-0.3499474,0.2530625,0.9291437,0.8339887,0.5966870,-1.0237469
1.9891919,1.3498093,1.3415443,2.0708023,2.3867767,1.8503527,1.5331811,0.9006974
0.2644048,0.4132820,0.0337215,0.0528446,-0.3760459,-0.3749011,-0.6938438,-0.6613657
0.2551975,0.3058743,0.0596219,-0.6960507,-2.0731620,-0.8761896,-1.2428358,-1.7599466
1.0286676,0.9257921,0.8939936,-0.0677417,-1.0000093,-0.0511433,-0.4079039,-0.2339774
0.3274428,0.3207174,0.1243473,-0.8249212,-0.9845060,-0.6492105,-0.5521122,0.1581260
-0.3401490,-0.4431838,-0.7755788,-1.4250414,-1.6739051,-1.5375292,-1.4238581,-1.1831096
-1.2530130,-1.5887859,-1.9896137,-2.2424121,-2.4342026,-2.5796504,-2.9387829,-3.4880909
-1.2790531,-1.1193257,-1.5002414,-1.7334726,-1.7194429,-1.2918704,-1.4156672,-2.5305747
0.8709731,1.9501426,1.4374628,1.5828251,1.4931870,1.7372619,1.9479629,1.6824515
1.0278831,1.7547622,0.9816357,1.7858037,1.5749242,0.6463252,0.6512844,0.9111241
-0.8842624,-0.8913189,-1.2655242,-0.6665351,-0.6599850,-1.3621918,-1.2539757,-1.5418051
-0.5202046,-0.1704679,0.1063897,0.3921020,0.5597430,0.8336175,1.2536282,2.1588158
0.5764692,0.7309194,1.0967017,1.3927585,1.2609085,1.9646460,2.3769948,3.5492966
0.3224740,-0.5043734,-0.2148478,-0.2762269,-0.0658640,0.0746584,0.5812917,0.0859151
-0.0087234,-0.8721898,-0.6320960,-0.9524762,-0.0741943,-0.6365396,-0.1202780,-0.1497106
0.0903732,-0.4661858,-0.4623654,-0.6748756,0.0753848,0.0053770,0.2120650,0.8422893
0.0847596,-0.4363544,-0.4986104,-0.5112626,0.1324251,0.5197958,0.4221827,0.9730834
0.4591582,0.2793804,0.5193541,0.5259348,0.8559587,1.3211070,0.9328546,1.8325764
2.1801213,2.3672912,2.7660427,2.7724267,2.3412181,3.1398955,2.8007844,2.5427797
3.4164844,3.6354113,3.8107100,3.7863550,3.3734784,3.9311785,3.7935243,3.2441733
1.6552834,2.1487113,2.1327615,1.4938826,1.6010992,1.6107494,1.1993929,1.7563979
-0.6690176,0.3113709,0.2610563,-0.6815820,-0.6263521,-0.6339677,-0.9825843,-1.8480965
-0.3806260,0.0757884,-0.0064687,-0.5268814,-0.6750962,-0.4120224,-0.0093760,-2.1318266
0.6639056,0.2769135,0.2802839,0.1691801,0.3122670,0.8536823,1.4122696,0.1745999
1.1084180,0.7322330,0.7615440,0.9817296,1.4165244,1.7537955,1.8967877,1.4562434
1.7897333,1.3258280,1.2418884,1.4152359,1.7491837,1.1125096,1.3464145,1.5402804
0.2313587,-0.7950283,-0.6873577,-0.7025809,-0.5720159,-2.0321903,-1.6939257,-1.3278231
-1.9197747,-3.5971764,-3.1274474,-2.7844079,-2.9025664,-4.4293772,-4.2805068,-3.8931378
0.2779637,-1.9781338,-1.3410541,-0.5911109,-0.8839827,-1.8960569,-1.4963740,-1.0473787
1.9575969,-0.1877264,0.4682875,1.0416192,0.8752759,0.1719072,0.6274547,0.3905910
0.6024029,-1.1183764,-0.4772247,-0.2760948,-0.4649296,-1.5842735,-1.4602136,-2.2789083
1.9698408,0.2649099,0.8325849,1.0945135,0.9283842,-0.5281260,-0.3829768,-1.2004998
3.5275316,2.1613174,2.3651873,3.3763716,3.4096951,2.0727484,1.9960738,1.5354962
2.0500991,0.8480666,0.4561548,2.1580759,1.9380160,1.2037467,0.7219865,0.3392977
0.6487937,-0.0363472,-1.1490490,0.7511387,0.2298238,0.1767843,-0.3058245,-0.3291533
-0.2120984,0.9356550,-0.7283400,1.5188691,0.4881697,0.5378857,0.2457535,1.0910400
-1.5564334,0.2508489,-1.2930340,0.7510172,-0.5651526,-0.7942685,-0.8774864,-0.7651365
-3.3080384,-1.7421125,-2.8412316,-1.6828311,-2.3333712,-2.7889021,-2.9996381,-3.8432538
-4.2825814,-2.2706176,-3.1047912,-2.4670738,-2.6623237,-2.9727673,-3.2181373,-2.7740714
-3.0924544,-0.9795078,-1.6932463,-1.4823060,-1.3478749,-1.4822952,-1.4543634,0.6130065
-1.6975625,0.6367986,0.4337298,0.0086304,0.3009023,0.7493293,0.7221663,2.9369507
-2.5603909,0.0513577,0.9386671,-0.5695770,-0.8298833,0.9490361,0.9697609,1.9656844
-4.1992696,-1.9763519,-0.5299790,-3.3724332,-3.2310823,-1.2239572,-1.0497443,-0.8803520
-3.6875192,-1.4545086,-0.2748727,-3.3007034,-2.2123906,-1.1884675,-1.2305462,-0.8315544
-1.8378635,0.1463352,1.1237193,-0.7925683,-0.0054186,0.6887735,0.4987422,0.7521327
-1.4812139,-1.0144012,-0.1316873,-1.2006974,-0.8495207,0.2076922,0.2123978,0.1040515
-3.3517155,-3.8795767,-3.2231943,-4.4167842,-4.0328968,-2.8051946,-2.7372599,-2.9902442
-3.7333229,-3.7686848,-3.4316942,-4.6565804,-4.6709069,-3.7189369,-3.9196851,-4.3889291
0.2648062,0.8038895,1.0442538,0.7015385,0.6354092,1.1284767,1.1025205,0.7825300
3.1793580,3.1886888,3.7009549,4.0505041,4.7690201,4.8039884,5.3237560,5.0437522
2.2551509,1.9766556,2.2813387,2.5042054,3.3621369,2.9604291,3.3093531,2.5156027
1.6456611,1.8810006,1.6292398,1.6484683,2.0021636,1.6829786,1.3117440,0.6251870
0.9259722,1.0974515,0.8006709,0.8331320,0.5708989,1.1773319,0.5671553,0.0305906
0.0482104,-0.0804530,-0.5424266,-0.5409720,-1.3202191,-0.0273246,-0.5790994,-1.8189290
0.9722446,0.3869987,-0.3718053,-0.6550750,-0.9799019,0.1329942,-0.4816766,-0.7722859
1.4299255,0.5522419,-0.0458846,-0.2674875,-0.2420061,0.0979399,-0.1167827,1.3720338
0.4949481,-0.1141348,-0.5868266,-0.4802052,-0.7008302,-1.6105713,-1.3620551,-0.3940850
-0.6353194,-1.2678039,-1.6119780,-1.7557052,-1.8115857,-3.0380169,-2.8195627,-2.2537794
-0.3995722,-0.9837583,-1.1602194,-1.5134815,-1.0228900,-1.2391286,-0.7865141,-0.3484729
1.3492543,0.6309784,0.3859130,0.5343833,1.5566978,1.7811589,2.4478073,1.1145719
1.8443741,0.4028787,0.2121388,0.7170677,1.3946982,1.2048865,1.6025693,-0.4361888
1.4154954,-0.3822473,-0.3007730,-0.2468728,-0.5582141,-0.6345869,-0.3122067,-1.3848253
2.3153938,0.5972038,1.0659586,0.5685232,0.3461418,0.3331885,0.4484095,0.6948519
3.8662004,2.3975368,3.0688706,2.6897708,3.2316136,2.6206621,2.3974845,3.7015249
4.1115044,3.3164805,3.4905171,3.7461813,3.8108411,3.3704708,3.3177238,4.0238141
1.9970900,1.7221421,1.1368012,2.0365613,1.1030536,0.9232468,0.7371916,1.4440746
0.5951238,0.1049890,-0.4706840,0.7840899,-0.1697436,-0.8360791,-1.6125085,0.0735653
0.8262919,0.6598832,0.5886814,1.6798951,1.1397271,0.5268288,-0.1440093,0.4962001
-1.0600488,-0.2756229,-0.1734243,0.6710615,0.0961191,-0.3547741,-0.1219794,-0.7365182
-3.2918801,-2.7775208,-2.6436273,-1.6288343,-2.4233570,-3.4987110,-2.7337073,-3.8370237
-2.3525597,-2.6192480,-2.6860255,-1.8551706,-2.2711646,-3.8110329,-3.3972280,-5.0328587
-1.2261876,-1.0045360,-1.4963734,-1.1892917,-0.9052647,-2.1223441,-1.8690675,-2.7818132
-0.6263918,0.2584001,-0.2064055,0.0574449,0.4894160,-0.0783765,0.3637274,-0.1581421
0.6867111,1.3178172,1.1027979,1.6046128,1.7569011,1.8844636,1.8195814,0.9728215
0.3120092,0.6624854,0.5121872,0.9497693,0.9803745,1.7916832,1.3059316,0.9373577
-0.6393180,-0.2997937,-0.2438975,-0.4864219,-0.2485728,1.0514624,1.1023619,1.1517344
-0.6981750,-0.4661332,-0.0158149,-0.8179833,-0.2739093,0.8280958,0.9573396,1.2413166
-2.0742570,-1.7325844,-1.1708066,-1.7989001,-1.2506413,-0.6879475,-1.2063500,-0.5096788
-3.0545871,-2.3825891,-1.9208520,-2.8201884,-2.5045782,-1.5676745,-2.0952853,-1.5832320
-1.3930760,-0.6592021,-0.0517402,-1.7605462,-1.2947420,0.1409125,0.0220276,1.1088846
1.3482618,1.8847602,2.6085830,0.7660801,1.8668357,2.5719638,2.4963574,4.5423907
2.1416214,2.3307631,2.9103141,1.4901770,2.6113268,2.7930692,2.5434217,3.0177215
1.0377423,1.1862073,1.5916450,1.0722277,0.4996152,1.5862588,1.4069741,-0.0234960
0.4870376,1.2202294,1.4622424,1.7671561,0.2223807,1.2905551,1.3408953,0.5738629
0.7079516,1.4189576,1.4567564,1.3117845,1.2816252,0.7062727,0.8573435,0.9065639
0.8796987,0.9655938,0.8790572,0.1318665,0.6241258,-0.6110144,-0.2566854,-0.5005578
0.2379912,0.2822618,0.2408050,-0.0292058,-0.7349573,-1.6398957,-1.3357103,-1.7080361
-1.0033266,-0.9517304,-1.2179471,-0.8426226,-1.7257122,-2.5221262,-2.4803435,-2.7127167
-1.4146967,-1.6653773,-2.4127908,-1.9128572,-2.1868790,-2.9717777,-2.8927057,-3.1810546
-1.6923749,-1.9105457,-2.6082412,-2.1094104,-2.3673300,-2.6740309,-2.8397765,-2.7442178
-0.7612734,-0.8078329,-0.9862962,-0.1917400,-0.8320079,-0.2535571,-0.6485432,1.2752717
1.6381796,1.4667391,1.3019945,2.5414710,2.3176080,2.2621372,2.4400386,4.9252091
0.8789671,0.4176705,-0.1834236,1.0719524,1.5093338,0.1630335,0.9006261,0.8880979
-1.7258612,-2.3959414,-2.8570270,-1.9883700,-1.7684627,-2.6486569,-2.0585323,-2.6922621
-1.5003063,-2.0053457,-2.2015934,-1.0876502,-1.0670994,-1.6194022,-1.1718022,-0.9542075
-1.0150473,-1.1610183,-1.7240397,0.0481066,0.2310849,-0.9471206,-0.3499701,-1.0655852
-1.4273726,-1.3604684,-2.0111994,-0.8251150,-0.4248164,-1.2444055,-1.0141661,-1.6334063
-0.6363088,-0.6653496,-0.7577602,-0.7966028,-0.7373063,-0.1953798,-0.5818662,-0.7720268
-0.6473745,-1.1870716,-0.8953642,-1.3647301,-2.0250873,-0.7426229,-1.0435448,-1.8019792
-0.3908007,-0.9822741,-0.6020099,-0.9683738,-1.1191819,-0.6771959,-0.5511202,-0.9951942
1.3688586,1.5785039,1.9707940,1.6974057,2.2612233,1.9801485,2.1026086,2.6929557
1.4157215,2.1069516,2.4088548,1.8049097,2.1074746,2.2171932,2.0919905,3.2370690
0.7722434,1.1524373,1.4227378,0.6977252,0.9659964,0.7980429,0.5052315,0.1321164
0.7976085,1.0316270,1.3811279,1.1187992,1.0601927,0.8145002,0.2311677,-1.9683725
1.2745585,1.7031017,2.2899131,2.0186747,1.1765707,2.2046135,1.6468113,0.1894095
1.9302601,1.5940776,2.3390873,1.4396876,1.2695797,2.3377639,2.1373771,1.5929636
-0.0703291,-1.4504371,-0.9582682,-2.0388819,-1.1637266,-1.0035374,-1.1330358,-1.6842208
-1.0514115,-2.2695222,-2.0823372,-2.7448444,-2.2086429,-1.8229062,-1.7967802,-2.3957880
0.9682525,0.0279159,-0.0178142,-0.7862915,-0.5831348,0.0155098,0.0870804,0.3056215
1.1129705,0.1226779,-0.0716676,-1.1512348,-0.7108941,-0.4019565,-0.4730712,0.6573369
1.0542264,0.4634403,0.6991112,0.0621409,0.3561376,0.7047151,0.9155464,1.4296119
1.4176233,2.1574103,2.6954357,2.5974732,1.9161730,2.6954842,2.8314502,3.6185033
0.1432885,3.1416516,3.0892102,3.1137493,2.3842285,2.8080174,2.2448513,3.7085548
0.8272814,4.2803974,3.8586388,3.6307993,4.3574171,3.9000292,3.2752100,3.2994726
1.2057130,2.3425680,2.0512574,1.7541049,2.7609153,2.6361508,2.7812066,1.8008740
-0.8154139,-1.4995572,-1.7181562,-1.8259872,-1.6072272,-1.2290460,-0.8570339,-1.2171399
-1.6671871,-2.4810426,-2.5346111,-2.8103332,-2.9007449,-2.9652021,-3.1060623,-2.0867432
-1.3242959,-2.1305709,-2.1811248,-2.3108291,-2.8193650,-3.0021826,-3.1283419,-1.6936417
-1.2808059,-2.0192528,-2.3007039,-1.8571730,-2.5892351,-2.2319981,-1.7820380,-1.2734325
-1.4715156,-1.9139275,-2.2024811,-1.6154215,-1.2755223,-1.1202620,-0.4844899,-0.3607718
-0.8714767,-1.8207247,-1.9098649,-1.2612176,0.0736381,-0.3776369,-0.2970736,0.6551732
1.6395391,-0.0433666,-0.1765155,0.6804890,1.0052545,0.6555431,0.3615539,1.7093933
3.8221601,2.1284304,1.7274959,2.4564367,2.0083780,1.1421311,1.1014247,1.9074544
3.5051063,1.9317868,1.3513379,1.8658390,1.6275201,0.3599451,0.1716791,0.6754166
2.0782113,0.6451608,0.0360492,0.8064368,-0.6471334,-0.6647454,-1.1895721,-1.6433367
1.3993481,-0.0309456,-0.5281204,0.9640038,-1.1777143,-0.7740369,-1.2260877,-2.5044106
1.0618130,-0.3788738,-0.9161637,1.0112219,0.3702023,-0.6894552,-0.8102268,-1.6433664
0.7272162,-0.0664447,-0.7328810,0.8479863,1.5844660,-0.9064850,-0.5211152,-1.6283638
1.0217402,1.1172104,0.6173896,1.7975051,2.4992186,-0.0960227,0.2727178,-0.4092921
1.2230171,1.9174149,1.4643408,2.1341475,1.5767596,0.7808537,0.9776081,1.9560689
-0.1008813,0.6252603,-0.0475398,0.5498960,-0.5549011,-0.3896432,0.1761385,0.7207356
-1.7278650,-1.7641587,-2.3033980,-0.4717852,-1.0080955,-1.8442409,-1.3611930,-2.6211933
-2.1507147,-2.8005240,-2.6671249,-0.6286831,-1.4622316,-1.4244943,-1.5462750,-3.1930776
-2.1734421,-1.9672276,-0.8613902,-0.5074769,-1.3785564,0.1722442,-0.2871122,-1.2585210
-2.5091099,-0.5765137,1.1843089,-0.0768341,-0.1822254,1.3246942,0.6631747,0.6620838
-3.6454114,-0.6490791,1.0091831,-1.1253141,-0.9814547,0.8214376,0.4716338,0.3967872
-3.6851574,-0.5418958,0.6698077,-1.6371685,-0.7896592,0.5029469,1.0455844,-0.0816826
-2.1786408,0.4333575,1.1814294,-1.1156671,0.6115809,0.9018256,1.5942130,1.1293662
-2.1840810,-0.2069251,0.1223205,-2.1504092,-0.8721659,0.0530613,0.1327507,0.1464905
-2.5833298,-0.9810317,-0.7116574,-2.6445788,-1.8064627,-0.4598621,-0.7208505,-1.1997100
-2.2230188,-1.1523837,-0.5254224,-2.5303423,-1.8843910,-0.2663873,-0.6137035,-0.6422488
-1.6959582,-0.7504193,0.0886338,-1.7748436,-2.1486190,-0.0937122,-0.6152643,-0.7555377
0.1018903,1.2042361,1.9737226,1.1822294,1.0194062,1.3218408,0.8825377,0.5355037
1.2789987,1.7674286,2.5265745,2.4452216,3.3252753,2.0003800,2.2890442,2.4961614
0.3168850,0.4174025,0.8750488,0.7854341,1.1757961,0.5576269,1.3794837,1.3777337
-0.9291029,-0.5028047,-0.8418570,-0.9032765,-1.0969586,-1.2971995,-0.7753279,-0.7895530
0.0406971,0.0187175,-1.0605740,-0.7342923,-1.3892471,-1.7480327,-1.5835663,0.0905835
1.1337513,-0.0993444,-1.4892013,-0.7698391,-1.9106066,-2.1101907,-1.9241440,0.4985078
-0.0796252,-1.7267282,-2.9912731,-2.1894447,-2.5813940,-2.8756130,-2.8860989,-2.4450884
-0.7292597,-1.4379378,-2.3499213,-1.7556116,-1.3656992,-1.4711600,-2.0372552,-2.4392650
-0.7016921,-0.6358627,-1.1966141,-0.9970764,-0.4741977,-0.3764486,-0.8998458,-0.6761702
0.3752688,0.0447364,-0.1407509,-0.0439916,0.7641313,0.2399060,0.2874973,0.4024021
3.4822902,2.5603713,2.5004103,2.7170410,3.2166239,2.6081268,2.6786544,2.5984144
4.0900780,3.0414361,2.6933105,2.9025188,2.8976239,2.6095922,2.7591344,2.6501761
3.1579523,2.0557390,1.7388667,1.7613121,2.2556270,1.2949677,1.9089472,2.0240964
2.8822897,1.4607756,1.3654503,1.2028951,1.7346612,0.6954026,1.4544582,1.8707317
1.4857784,0.0574759,-0.1046457,-0.0078237,0.0180181,-0.3898746,0.4823152,1.2479049
0.1497149,-0.8450471,-0.6696405,-0.3140268,-0.1388107,-0.3650032,-0.0095777,0.9283859
0.6024830,-0.4826238,0.1879740,0.4935938,0.2802324,0.6990864,-0.1950168,-0.4059303
1.7875233,0.4970299,1.0391723,1.4121691,0.8044610,1.1878729,-0.0054561,-0.6720656
1.6686640,0.5887276,0.6937065,1.1530237,0.9916385,0.5141965,-0.1365384,0.0127011
0.4240432,-0.5305276,-0.6971756,0.1310265,0.0105123,-0.3593618,-0.9765863,-0.1507373
0.7220669,0.1261756,0.1319864,1.2277297,0.7527546,0.9215547,0.0794262,0.8031660
-0.1134320,0.0279931,0.2962075,0.9003493,0.4249163,1.0910776,0.5892710,0.6218196
-2.4785953,-1.9148428,-1.8949712,-1.8957727,-2.3531089,-1.1408021,-1.2721231,-1.9427119
-2.3192416,-1.1204515,-1.3857003,-1.5677646,-2.0125711,-0.8464033,-0.6492085,-1.6717869
-0.1098486,1.3627088,1.2218532,1.1540403,1.1777444,1.4131031,2.0679710,1.4589331
0.7863191,1.4192781,1.5651468,1.2219565,1.8059019,0.9337798,1.2425354,1.6390042
0.5675753,0.9437765,1.4077242,0.2840523,1.2361390,0.0899616,-0.0572193,-0.4455301
0.5277830,1.2282692,1.7209077,0.5912927,1.4088395,0.7897439,0.8075874,-0.4171413
0.1234175,0.7378804,0.8811811,0.3844750,0.0587494,0.2905133,0.3045422,0.0709856
-0.7535054,-0.2180727,-0.3643587,-0.9036344,-2.0037487,-0.9764026,-0.8402645,-1.0975429
-1.2228319,-0.6890272,-0.7826898,-1.5938415,-2.0289331,-1.1380876,-0.8488103,-1.1846171
-2.5411147,-1.6885305,-1.7318842,-2.0562081,-1.3920769,-1.8125377,-1.6481834,-1.1860820
-3.1854906,-2.0463621,-2.4699097,-1.7582760,-1.2847184,-2.3835716,-1.8961005,-2.3730798
-2.1282501,-1.2095102,-1.7750965,-0.3673390,-1.1730851,-1.5555433,-1.0075987,-1.1302673
-1.2333174,-0.8322431,-1.0311524,0.0321800,-0.9676432,-0.8029669,-0.6955983,0.0641203
-0.2984387,-0.2711025,-0.4127716,0.0546616,-0.1011610,-0.3061626,-0.0013555,-1.0677481
-0.5708905,-0.4606265,-0.8976941,-0.3246906,-0.5224894,-0.8316921,-0.5951970,-2.1418361
-1.5987091,-1.3259107,-1.8350991,-1.2424652,-1.7200465,-1.5328735,-1.9051160,-2.5058111
-0.2689979,0.0686823,-0.1798319,-0.0988037,0.0099152,0.3747477,-0.0690806,-0.1620173
1.7511171,1.2837255,1.3421991,0.9327671,0.8473915,1.7210481,1.3824496,1.7529650
1.8273802,0.2848284,0.4291608,0.0272246,-0.7501974,0.5516113,0.8382877,1.4824674
1.4969372,0.2842737,0.3384060,0.5297756,0.3729816,0.5247146,1.5458224,2.5873674
0.1706896,-0.5531911,-0.3588144,0.0077448,0.4318128,-0.0969788,0.2726846,1.3284281
-1.2287775,-1.6854162,-1.3110217,-1.1922759,-1.3444267,-0.8773414,-1.3355763,-1.1240887
-0.7288497,-0.4254267,-0.2322956,0.2971099,0.5108045,0.4529127,0.0693049,0.0585846
0.5391632,0.5211039,0.5613450,1.1577618,2.6957190,1.0077165,0.7849387,1.2045635
0.1688699,-0.3597029,-0.4213059,-0.7888565,0.6045215,-0.5930614,-0.4744494,0.0186411
-1.3761329,-1.3574047,-1.3878936,-2.4583602,-2.4607414,-2.2271491,-1.7105416,-2.1019301
-1.3658145,-1.2171277,-0.8640704,-1.5284259,-1.9747485,-1.3781715,-1.2251288,-1.8519866
0.3979960,0.3714700,0.8393963,0.9348584,0.9950852,1.1200371,0.9517943,0.1194751
0.5742310,0.6568214,0.8989548,1.0216750,1.4342705,0.6160864,0.8960156,-0.5521134
1.0398899,1.1552628,1.2107897,0.8794176,1.4086587,0.0734499,0.6373607,-0.6277585
2.0923044,2.5904619,2.3612144,2.0107911,1.9216025,1.3567134,1.5617488,1.2261236
1.7047083,2.1562874,1.9138054,1.7898149,0.5696810,1.5031051,1.1895124,1.6535701
1.3055318,1.0834927,1.2549318,1.2950852,-0.0023644,1.7823978,1.3932357,1.3156224
1.3455195,0.9750881,1.0167673,1.4433488,1.0891205,1.9572762,1.6096264,1.0366230
0.8609046,0.7997822,0.4320245,0.6925036,1.4017218,0.6301178,-0.1534846,1.1326871
-0.2210574,-0.0129987,-0.0882913,-0.9033316,-0.1153749,-0.8942699,-1.7478456,0.7753715
-1.0583986,-1.1372168,-0.9692041,-2.2149619,-2.4335442,-2.3958488,-2.9064069,-1.1381563
-0.3991848,-0.7056550,-0.6775616,-1.2304601,-2.1667126,-1.6003937,-2.2965674,-1.0719402
0.8253713,0.8809070,0.9564688,0.7512020,0.0491773,1.6060838,1.2919127,2.2646628
1.3763764,1.3323158,1.3728450,0.5964311,1.1430091,2.6469335,3.2225968,3.0482988
0.8838013,0.5641588,0.4314574,-0.1287122,1.3265305,1.5006160,1.6420124,0.8207765
0.0338972,-0.2208517,-0.4797684,0.2346628,1.1201597,0.7526504,0.4454321,1.2206901
-0.6654994,-0.6049046,-0.8197596,-0.1012391,0.1846770,0.0024199,0.1203552,0.9500962
-1.1486304,-0.3876453,-0.1176856,-0.4334489,-0.1885790,0.0478009,0.0416983,-1.2939829
-0.1340426,0.7622672,1.2968045,0.7890919,0.7660026,1.1283609,0.9990461,-0.1204604
0.2375663,0.3365576,0.4991642,0.6302218,0.0930152,0.1757835,0.6227784,0.4219178
-1.5513169,-1.9476649,-1.9206230,-1.2975521,-1.4857912,-1.7393382,-1.0688108,-0.7541975
-0.7413547,-1.3269313,-1.0023255,-1.0443238,-0.1464954,-0.9713880,-0.7477176,-0.3028873
0.7623772,-0.4790215,-0.1385202,-0.8493736,-0.8667577,-1.1249380,-1.1611403,-2.0680481
0.5004087,-0.9906871,-1.0011845,-1.2005830,-2.8318694,-2.0745278,-2.3428600,-3.1428711
1.4011882,0.5738280,0.5319960,0.6672013,0.5162090,-0.0033607,-0.4442249,0.3195268
1.7064361,1.0201308,1.3602715,1.2766033,2.3245277,0.8761675,0.9059457,1.3268689
0.9449366,0.1677602,0.5151242,0.6933363,0.3556057,-0.0726827,0.0711019,0.0596874
1.4005228,1.1648517,1.0948627,2.1560516,1.5393732,0.9663064,0.6188279,1.4949276
1.1115782,0.4355927,0.0472919,1.6163131,1.5989167,0.8422997,0.4880060,0.7299248
1.1013640,-0.5022681,-1.0862310,0.4970697,0.7094745,0.2458521,0.2073786,-0.7609413
1.3167525,0.4707693,-0.4085164,1.7418756,2.5671609,1.1013352,1.0679678,0.9928097
1.2128674,1.0497669,0.0394416,2.3007984,2.4634924,1.2920003,1.1726978,0.7390312
0.3708938,0.2452909,-0.3546911,0.9211548,0.0287808,0.0405974,-0.0247215,-0.4510837
-0.1677486,-0.1118558,-0.2678279,0.5825031,-0.3734777,-0.5257985,-0.1794060,-0.5339529
-0.2066214,-0.4374086,-0.3789667,0.6159030,-0.0679535,-0.4459220,0.6576816,-1.5142356
-1.4927766,-1.5730358,-1.2547022,-1.0828139,-1.0535657,-1.2055142,-0.1770729,-2.3438302
-2.9358664,-2.5103807,-2.0122206,-2.9238360,-2.9560893,-2.4902059,-2.2439252,-2.7927231
-3.0181225,-2.0103293,-1.6274017,-2.6481600,-3.1325164,-2.2729072,-2.3255337,-1.8086529
-2.5437288,-0.7982676,-0.5109195,-1.6975543,-1.1044901,-0.9034215,-0.8933254,0.9037363
-1.6609477,-0.3123617,0.3682889,-1.2058813,-0.2830089,-0.1075746,0.3805289,1.9844718
-1.1049640,-0.0406094,0.9783489,-0.2801908,-0.6722351,0.3182657,1.1222019,0.6752662
-2.2339983,0.0108647,0.6306503,-0.3003126,-0.6316354,0.3098009,0.4251005,-0.0419442
-2.9647363,0.6186513,0.2703307,-0.9018146,-0.8727009,0.1052484,-0.3701892,0.1944198
-2.6151086,0.7486099,-0.2087824,-1.6178976,-2.2733413,-0.8096811,-1.3233187,-0.5589746
-2.2142128,-0.7296954,-1.3663844,-2.5328267,-2.6549114,-1.6435897,-2.1864585,-1.1044114
-2.8045499,-2.2641504,-2.5484425,-3.2275225,-2.2984893,-2.4655482,-2.4133205,-1.3651963
-1.7456667,-1.0747914,-1.2588510,-1.8436184,-1.4595301,-1.9775154,-1.2071954,-1.8119982
0.6733632,1.5354327,1.5492929,1.0079934,0.7958131,0.8108442,1.1988763,0.0915427
1.8927070,3.4042940,3.3891280,3.1299007,2.7877397,3.1012026,3.1494888,1.9293933
0.8738548,2.2053190,2.2643508,2.2556586,2.1418099,2.1597504,2.2910921,1.3157482
1.5099805,1.2942906,1.8370627,1.8955544,2.7606820,2.3056125,1.9469558,1.7045307
1.9300748,1.0776721,1.7634424,1.6920602,2.9536138,2.6379277,1.9606276,2.3127790
1.6038974,0.5956064,0.8699724,0.5933025,1.4325870,1.9657447,1.3605658,0.9354222
0.6024467,-0.6339487,-0.8038470,-0.7947425,-0.0889280,0.5630728,0.2613427,-0.3395566
0.4667555,-0.6210020,-1.1993348,-1.0855080,-1.2415589,-0.6964423,-0.2945549,-0.6168422
1.9210642,0.0637564,-0.6084856,-0.8586888,-2.3983120,-1.4904052,-1.1016827,-1.5333409
2.9258139,-0.2932486,-0.3938450,-0.5276881,-2.3993986,-1.9904635,-2.4951990,-2.1187706
2.6430737,-0.6926336,-0.4263951,-0.4300777,-1.1517784,-2.0534580,-2.9140713,-1.1830798
1.4747852,-0.9336147,-0.8419008,-0.9638978,-0.7448088,-2.0250499,-2.3745429,-1.1661337
-0.6627167,-1.6414804,-1.6431994,-1.0095632,-0.9802795,-2.0128613,-2.0472631,-1.6326146
-0.4843176,-0.2080231,-0.2081983,1.5513648,1.2804190,0.0581461,-0.4055025,-0.5707932
-0.0713343,0.9095181,0.7351330,2.4896779,2.3076494,1.1919402,0.4205565,0.1062299
-1.6093802,-0.4513179,-0.8622835,-0.1585756,0.1747370,-0.4449270,-0.8361005,-0.6486705
-0.4544214,-0.3257933,-0.5814980,-0.3957836,0.3061740,-0.0736592,-0.1708565,0.3175604
1.9776833,1.0598398,1.0873842,1.6324212,2.0382001,2.2062342,2.0069486,3.3100108
2.5541273,1.6394930,1.8914322,2.2098381,2.0821488,3.0345608,2.9160069,3.1298028
1.3673283,0.4246338,0.9814376,0.8851754,0.6797394,1.4291047,1.6723902,0.6899767
-0.2707306,-1.2408722,-0.7962312,-0.6722501,-0.7469645,-0.7321446,0.0245856,-0.7517637
-0.9305787,-1.4607174,-1.2915524,-0.9939495,-1.5531028,-1.1209610,-0.1086031,-0.7324598
-0.4090506,-0.4687484,-0.3738567,-0.2128639,-0.8686835,0.1667796,0.9719642,1.2431994
0.8265960,0.9937914,1.1867838,0.7861093,1.4784940,1.7536454,2.4741075,2.2395079
0.6627571,0.8947567,1.3102205,0.5546617,2.1127717,1.8474080,2.4363421,1.7372834
-1.1623629,-0.6865758,-0.4124284,-0.6163296,-0.1740234,-0.3562795,-0.0638560,0.4717556
-0.1598212,0.5186145,0.5074193,0.5453099,-0.1991089,-0.5135517,-0.4833052,-0.7492400
1.1935952,2.2913767,2.2625680,1.6460666,1.3015356,1.5805896,1.2401844,0.7660263
-1.1144087,0.8876348,0.9142681,0.4684217,0.2603043,1.0364345,0.8643809,1.8756167
-0.9696652,0.4947631,0.4576306,0.8747182,0.2573850,0.0861429,0.4329913,0.4141789
-1.1812764,-1.4389978,-1.6827286,-1.5914819,-1.0521630,-2.1992136,-1.9027155,-1.3073257
-2.5324893,-3.0127426,-3.4310916,-3.9459690,-2.9569717,-3.5852037,-3.5806886,-2.6313075
-3.0198087,-2.2119936,-2.4524097,-2.6611663,-2.5538189,-2.3271066,-2.2991160,-1.8186273
1.8072896,2.3049599,2.3923305,2.1027053,1.8792468,2.3388250,2.4496106,0.9836242
1.3704556,1.2746629,1.3722837,1.1767215,1.9990187,2.0408180,1.9603803,1.9861987
0.3289491,-0.1418044,0.1646395,0.0572857,1.2002597,1.3289757,0.9383031,1.0265955
1.8618950,1.1160136,1.7105524,1.1126089,1.7924276,2.2045675,1.6197543,0.1959731
-0.0628626,0.5661241,0.8828008,0.1679705,0.4316212,0.9692709,-0.0441460,0.3548628
-0.6761209,1.0198668,0.8600656,0.8682141,0.4831773,0.9628496,-0.2067964,0.9698411
0.5914116,1.0129724,0.5543992,1.0742603,1.0440102,0.8391375,0.5378116,0.5350415
0.7934615,-0.3196689,-0.9508274,-0.5665195,0.0072817,-0.6110649,-0.3574699,-0.7257291
-1.6119977,-2.4704748,-2.9581520,-2.4116172,-2.0429586,-2.4406719,-2.1823930,-0.7261914
-2.3340114,-2.5563020,-2.5690030,-1.9355394,-1.9569961,-1.8488398,-1.0972448,0.4689811
