2.1762990,1.0170568,1.4355398,0.7968161,0.8716592,0.4557290,1.3943155,-0.0257409
-2.4018735,-2.9012835,-2.6229748,-2.6465447,-2.6293134,-2.5715819,-1.6311325,0.7258933
-3.8848678,-3.3902040,-3.8821367,-3.1213350,-3.4676421,-3.1770829,-2.5642220,-2.5867048
-3.9220867,-3.3810242,-3.6746676,-3.2961048,-3.5604930,-3.3345456,-3.0300336,-2.5700096
-0.7741722,-0.5557163,-0.2763729,-0.3850671,-0.8284758,-0.3953659,-0.0778046,2.9013761
0.9478767,1.5768509,1.6331667,1.5025802,0.2292389,1.2966808,1.7798501,2.7474383
-1.2002369,0.1992919,0.2878257,0.3063486,-0.9210339,0.0258994,0.0119396,-0.9339809
-0.0904881,0.1942950,0.6364055,0.8364482,0.4549506,0.3359079,0.0761925,-0.6417852
1.4234192,0.0519713,-0.1271474,-0.2395130,-0.4149893,-0.7575245,-0.7895982,-0.6799442
-0.2568832,-0.5276958,-1.6583972,-1.8556305,-2.4213344,-2.2809971,-2.0476061,-1.9554566
-0.5577766,0.9403732,-0.2519859,0.1567815,-0.5317407,0.1888620,0.5966647,1.1586613
2.7005467,2.9073785,2.5930324,2.5467426,2.5232208,4.0735748,4.1541008,4.5801893
2.7285904,1.7716507,2.1232810,1.2661987,2.0209298,3.9827645,3.5622183,4.3897360
1.0595458,1.0947402,0.7358601,0.1014109,0.7024046,2.2364332,1.9643774,2.4296489
0.8882953,0.9416986,0.2963062,-0.4226271,-0.2392383,0.7158968,0.5137546,0.0232256
0.1967081,-0.5727165,-0.5751203,-1.7856704,-1.9401798,-1.4487865,-1.9356613,-1.3552539
0.1465031,-0.4430547,-0.3638314,-1.5941230,-2.0489109,-1.6884888,-2.6004555,-2.4556504
-0.3613981,-0.4869976,-0.1183169,-1.0195166,-0.9947389,-0.7081894,-2.0375743,-2.7753371
-1.2748940,-1.7541942,-1.0661634,-1.4452657,-0.9951187,-1.1128237,-1.7885548,-1.9156690
-1.5054725,-2.3206565,-1.5919764,-1.7030494,-1.5704203,-1.4414483,-1.4156165,-1.0679248
-1.1850377,-1.0429174,-0.1999387,-0.3095045,-0.2178254,-0.1674163,0.0602300,-0.2046944
-0.6780833,0.5167409,0.7570677,1.1250900,1.1659799,0.3940168,0.8613378,-0.4921697
-0.2208763,-0.2273940,-0.3885012,0.3532940,0.0157988,-0.6390155,-0.3201784,-2.6212792
-0.8389518,-1.8110923,-1.7766469,-1.0752971,-0.7658078,-1.7683619,-1.5932557,-3.7044737
-0.4792122,-0.4575244,-0.5139291,0.1451989,1.4472298,-0.8863578,-0.2895357,-1.5628836
0.1041104,-0.0319182,-0.3476076,0.4860025,1.4623872,-0.4044685,0.1877219,0.3135308
0.9163760,-0.3841719,-1.0964253,0.0641395,0.0887198,-0.6307264,-0.6958611,-0.2907579
0.1610880,-0.2208747,-0.8723972,0.1660756,-0.2350715,-0.4069248,-0.7363773,0.2872515
-1.4503752,-0.8335209,-0.8006581,-0.3604772,-0.3595305,-0.2770658,-0.3299327,-0.1487022
-2.7531051,-2.3737995,-2.1614473,-1.9138323,-1.0804216,-1.3096687,-1.2494735,-1.7480867
-2.5989891,-2.1810194,-2.1075135,-2.2757570,-1.1767566,-1.6663954,-1.1717754,-0.5146307
0.1661152,0.5731966,0.6609731,0.1020291,0.5109993,0.1565060,0.6286640,2.6220898
3.3149702,3.4620429,3.3547982,3.2622611,2.7941988,2.6676947,2.7961937,4.5202618
1.2753433,1.9084481,1.7010985,2.4290411,1.6081528,1.7352857,2.1854964,2.3753594
-1.1575133,-0.5254678,-0.2841684,0.8172590,-0.1255854,0.0642871,0.4589704,0.2430644
-0.4633727,-0.0360495,0.5228877,1.0673203,0.1991116,0.5673666,0.4880928,0.8225972
-0.3184807,0.6665294,0.8414701,0.8125371,0.3815396,0.8674862,0.7780811,-0.1854847
0.6288740,1.1501987,0.9763940,1.2047869,1.2419124,1.4527692,1.3785179,0.9121776
1.1892650,0.8009794,0.9350859,0.9595211,1.0047685,1.2792498,1.0501342,1.1585376
-0.7852461,-0.9254690,-0.4004154,-1.1787753,-1.4090887,-0.3853534,-0.6801931,-2.7446965
0.6449346,0.4735069,0.9488753,0.2342231,0.2460785,1.4727282,1.1113838,-0.7366545
2.7596877,2.1876958,2.2176088,2.0134164,2.6449890,3.1197144,2.9783201,2.3436781
0.2914208,-0.1842264,-0.5315750,-0.6806623,0.3687451,0.0525583,0.0788292,-0.4408827
-0.4702340,-1.6718987,-1.9552769,-2.1346305,-1.2371514,-1.8272405,-1.6278479,-1.4295766
0.7930353,-1.3421118,-1.6684727,-1.6916043,-1.3632234,-1.8149421,-0.8093546,-0.1471416
1.4928869,-0.3606721,-0.8015932,-0.9129468,-0.2582561,-1.0669606,-0.3938913,0.6705318
2.9487615,1.6682808,1.3766780,1.0365012,2.0572775,0.7249971,0.2070324,1.6359379
2.3913754,1.3690714,0.9891315,1.3631431,0.6878291,-0.0852574,-0.3739226,0.2508695
1.0222766,0.0319917,-0.4706453,0.3014882,-1.4304634,-1.3451680,-1.2674793,-0.2517085
1.5763667,0.3919645,0.2603254,0.2412624,-0.1238466,-0.8332738,-1.0358141,0.2780604
0.7219866,-0.6870197,-0.3572587,-0.0681543,-0.0407108,-2.1283289,-2.4618036,-1.9394205
0.6536255,-0.3311941,-0.1270174,0.9472349,0.3041247,-1.5072872,-1.6907452,-0.4301251
1.2882550,1.8692545,1.5660866,2.5772375,2.1777876,1.5502252,1.4367430,2.3088354
0.5426031,2.3034871,1.7610546,2.2555852,2.3186641,2.6444733,2.2299739,1.1280793
0.2140583,1.7276391,1.2334488,1.1052189,1.3302436,2.3593076,1.6560036,1.7969398
-0.7876732,-0.6166916,-0.6957495,-0.9363706,-1.1633611,0.4137808,-0.6122857,1.4611839
-3.2889326,-3.6133931,-3.1866391,-3.6395659,-3.9830524,-2.3508638,-3.4594615,-1.7880864
-3.9877275,-2.8301898,-2.4331206,-3.2135348,-2.6303751,-1.7401846,-2.1162496,-1.3779718
-2.6669552,-0.3862158,0.0372418,-0.6391392,-0.0642164,0.7305455,0.9266630,1.6416732
-2.0634138,0.1983707,1.0572381,0.1049684,-0.1959836,1.0625211,1.0878563,0.4707892
-1.6957268,-0.2227052,0.6669546,-0.3365128,-1.0200646,-0.1787738,-0.3610098,-2.7428351
-1.5378012,-1.0982444,-0.5936085,-1.2153520,-2.2350765,-1.5885120,-1.4574060,-2.7562751
-2.4910452,-1.1469915,-1.0496902,-2.0648723,-2.8640052,-1.8024964,-1.1922377,-1.1403744
-1.8461747,0.1445671,0.2835696,-0.7778446,-1.1720735,-0.4272827,0.1241230,0.6115003
-0.2483711,0.4218571,0.9059178,0.7251004,-0.0096097,0.2705119,0.5003704,1.8285096
0.3263410,0.9973022,1.1364008,0.8773761,0.8465506,0.7179766,0.7986199,0.9171718
-0.0428541,1.2208420,1.2172726,0.4308736,0.9900810,0.6035492,0.3836316,-1.8626396
0.0821272,0.2810594,0.5845545,0.3347310,-0.0712593,0.3036650,0.1988268,-2.0313141
1.4073028,0.8176891,0.6348803,0.8724888,0.8446511,1.5771328,2.0507927,0.5932172
1.1307912,1.0531398,0.4716322,0.4119656,1.1346814,1.5107947,1.7892988,-0.2865049
0.2983466,0.5491762,0.2765311,-0.0605943,0.2643847,0.1339338,-0.0534292,-1.7137829
1.4279112,1.3968970,1.2720909,1.1183324,1.6838242,0.7232044,0.9579904,0.6956769
1.9411698,2.2050701,1.9876429,1.9527514,2.5592831,1.6981462,2.5356236,2.4972831
1.0149092,1.5687351,1.1522306,0.7859869,1.0470313,0.6040999,1.5803610,1.0379607
0.5367101,0.7366753,-0.1395520,-0.0927782,0.5301464,-0.1251768,0.8706873,-0.2380577
0.9289620,1.1789530,0.0613602,1.1127748,2.0976166,1.1853069,1.7929320,0.7580760
0.7267798,0.2684808,-0.6050623,0.7492023,1.6652974,0.6004100,0.6306429,0.8796308
0.9602127,-1.0230703,-1.4729344,-0.2362934,0.1008310,-0.4907067,-0.5951323,0.2697236
1.7990662,-0.3635173,-0.1325680,0.6688523,0.3977927,0.4459163,0.0546767,0.7652643
0.1427208,-1.2415074,-0.6058212,-0.0722410,-0.0881816,-0.4098408,-0.8673069,-0.7281565
-2.7196241,-2.7462816,-2.3619177,-1.5047267,-1.2148858,-1.9379232,-1.6244565,-2.8492363
-2.8388287,-2.1520413,-1.7261246,-0.8470954,-0.6006228,-1.2072416,-0.6997279,-1.8573655
-1.3873862,-1.6517793,-1.1558185,-0.3664337,0.1441873,-0.3248044,-0.6342072,0.3053760
-0.4332395,-1.6924210,-1.6487056,-0.6010955,-0.9165162,-0.6861003,-1.0739068,0.8235258
-0.6408799,-2.3625665,-2.4881979,-1.3817192,-2.9142823,-2.4101213,-2.5017933,-1.6010148
-0.8761714,-2.0547189,-2.0376278,-1.8530802,-2.9220877,-2.6737171,-2.9898058,-3.2894666
-0.5719779,-0.5814780,-0.4896003,-1.4104213,-2.0336963,-1.2313397,-1.5349744,-1.8434680
-1.2412289,-0.7700566,-0.4969915,-1.3169695,-1.7515277,-0.7131443,-1.0525982,-0.9320443
-1.2120935,-0.6676820,-0.1634636,-0.6283952,-0.3920313,0.2829115,-0.2546791,0.7025858
0.5887923,0.1730491,0.8576020,0.0197347,0.2770741,0.6852391,0.0256604,2.0818701
0.7829437,-0.6554989,-0.0006398,-0.9700130,-1.3382047,-0.7518600,-1.2700582,0.7542708
0.4877255,0.0551784,0.4155190,-0.2729876,-0.9422560,-0.0767213,-0.2382031,1.4730082
1.8507592,2.5551670,2.7212808,1.6180775,1.8240429,1.7510150,1.1206605,2.5743445
1.2362247,1.9624254,1.8267500,0.6040709,1.7054727,0.4413047,-0.4422817,0.0246730
1.1561624,1.2418229,0.8880449,0.5543442,0.9133964,-0.1574607,-0.1439279,-0.7555853
4.1710219,3.0273935,2.7343784,2.7248241,2.1179913,1.8357960,2.1135627,1.6923803
4.1147150,2.8475410,2.0685110,1.9242130,1.5000186,1.6250087,1.5814796,2.1079596
1.4566732,1.4110844,0.2654608,0.4194875,-0.0534755,0.2144852,0.5713121,1.4409931
0.3666562,1.2414842,0.6042965,1.1656499,0.4716697,0.1967945,0.9292664,1.4029310
-0.8786869,-0.1294097,-0.0103799,0.1838630,0.4185558,-0.0412495,0.3145890,0.2778351
-1.8344367,-1.7166097,-1.4809227,-1.7893277,-1.0701783,-0.9048444,-0.8385665,-1.5911954
-2.3029035,-1.6717480,-2.2688930,-1.8613772,-1.8855214,-2.0388332,-1.7598052,-3.0642574
-2.2351025,-0.9078846,-1.6454015,-0.6320414,-1.1140202,-1.5334150,-1.0772794,-2.4202171
-0.7319085,0.2716692,0.2760795,1.2298630,1.1328628,1.0922170,1.5826603,0.9981474
-0.1886401,0.9877756,1.0659950,2.0505440,2.6750783,2.8002290,3.4075433,3.4072470
-1.1963652,0.1385142,0.1708218,1.0607937,1.8359297,2.4910802,2.5881989,1.9566993
-0.8914668,-0.6415813,-0.2590675,-0.2477326,0.3174349,1.1610071,0.5253833,-0.0223071
-0.1964622,-0.5829112,-0.2072119,-1.1433128,-0.8577085,-0.4831840,-0.9273082,-0.3083780
-0.7779369,-0.7631904,-0.6377848,-0.9898578,-1.1190887,-1.1234884,-1.1983930,-1.2029837
-2.0757544,-1.7183872,-1.6471452,-1.2950563,-1.2935177,-1.4324834,-1.3330871,-2.8217003
-3.7294965,-2.7989852,-2.5088434,-2.3017301,-2.1116903,-1.9798255,-1.5189170,-3.3104499
-3.0854049,-2.0632471,-1.4051264,-1.3576091,-1.1416997,-0.7102090,-0.3964509,-1.1325605
0.6520309,0.3659059,1.1660445,0.5207588,0.6506416,1.1635886,0.7454957,1.0914451
2.5372454,1.6525946,2.6115160,1.3095429,0.7897636,1.2996711,0.6614309,1.3134390
3.0276783,2.5990016,3.4746764,2.2734092,1.8836254,1.6929666,1.6428324,2.3608174
3.7911606,2.9634959,3.2193741,2.4894126,2.7472033,1.8535979,2.5063294,2.6479445
1.2766417,0.1215301,-0.0024893,0.0070484,-0.0994985,-0.4798060,0.1578566,-0.2740203
-1.6377652,-1.9018581,-2.2006412,-1.8867820,-1.7517244,-1.6827848,-1.9001389,-2.5348945
0.0101797,0.1542186,-0.0693949,0.1294684,1.2574873,0.8926416,0.1379954,-0.3903719
1.6427029,1.3188561,1.1372083,1.6349144,2.2176650,1.6421710,1.5001099,1.2298115
0.6484425,0.1452508,-0.3844260,0.4722506,-0.1121052,-0.3728326,0.3897712,-0.3805028
0.1090166,-0.4702774,-0.8548529,-0.2013387,-0.6523189,-0.5998404,-0.2571299,0.8019514
0.2000887,-0.7652151,-0.8189467,-0.9260475,-0.7823286,-0.7639319,-1.1161373,1.3401087
0.6044803,-0.8986393,-0.7528342,-1.1084944,-1.0412568,-1.3294213,-1.1942326,-1.4383971
0.6216647,-0.1312184,0.1619397,0.2242667,0.0611543,-0.3260763,-0.2545137,-0.5510645
-1.0065858,0.0233880,-0.3310118,-0.4416602,-0.4421033,-0.2915707,-0.6805565,0.2054055
-1.9950614,-1.3729126,-2.0834434,-2.6145851,-2.6013634,-1.9852835,-1.8625841,-2.5220787
0.0795905,-0.6990831,-1.0719344,-1.7308154,-2.1543396,-1.5563250,-1.3291299,-0.6686862
2.2333770,2.2997639,1.3188118,0.6209827,-0.0147033,1.0794354,0.3390589,3.5231404
1.4180019,2.6156187,1.5590755,0.8931828,0.6432059,1.7215987,0.6081560,2.0888234
-0.1774662,0.9144269,1.0438447,0.4410090,0.3940518,0.7596564,0.5382533,-0.8260632
0.1049981,0.6008630,0.8955180,0.5805221,0.2634270,0.8797436,1.2875521,-0.7694175
0.9472844,0.4776526,0.4326088,0.1201578,-0.0515322,0.3548399,0.7134630,-0.5635737
-0.7608410,-0.5242590,-0.3518706,-0.6888622,-0.7572025,-1.3390973,-0.7752017,-0.7274978
-2.3168169,-0.5527719,-0.2674153,0.3968299,-0.0000890,-1.2705847,-0.3653497,0.3427890
-1.1577982,-0.2440683,-0.1147205,1.2844983,0.9626249,-0.6841819,0.2405610,0.0892734
-1.1970314,-1.1888912,-1.1247284,-0.3607871,-0.9805631,-1.6800219,-1.1280682,-1.6830918
-1.1431149,-1.6161075,-1.3882336,-1.2885521,-2.4383538,-2.0279476,-2.0178992,-1.9596173
0.8438705,-0.5838686,-0.5485096,-0.2628761,-0.8359301,-0.5834673,-0.6198880,-1.1506387
1.3358527,0.3767375,-0.0480934,0.6312570,0.6586939,0.5002190,0.6392028,-0.3281203
0.3593863,-1.0478586,-0.8463288,-0.0330183,0.0854782,-0.5833791,-0.8818220,-0.2728546
-0.7141350,-3.0386208,-2.0263547,-1.2977227,-0.6461318,-1.5001196,-1.9836739,-0.1898550
-1.7148639,-2.6624852,-2.5279522,-1.6645066,-0.8015452,-1.4528959,-1.7597466,-0.2716844
-1.1852827,-1.6685895,-2.3069205,-1.1128310,-0.4767133,-1.5984429,-2.1015546,-1.5080917
1.0886367,-0.6733509,-0.9595262,-0.0713331,1.0416491,-0.2123663,-0.3135887,-1.1628676
2.3978341,0.2537452,0.3505147,0.8650687,2.1742618,1.5412710,1.9820304,0.0552564
2.1479303,0.8446507,1.5203843,2.5031232,3.0766182,2.4024979,2.3104708,0.6925491
2.4821222,2.2460245,2.8745084,4.3080349,4.7983413,3.4597408,3.2585702,2.2856653
1.4006997,2.0045129,1.7256888,2.6228467,3.9541597,2.4164846,2.4666309,1.7642725
-0.2535681,1.4011058,0.8691706,1.1603720,1.9244420,1.0866684,0.2876608,0.4702372
1.9325087,4.9565349,4.9094172,4.7886149,3.7776294,4.2046314,3.1233794,3.6322954
3.1807664,6.2311213,6.8529003,5.3330141,4.5283687,6.2061386,5.5137632,4.9527511
-1.0577059,0.9210903,1.8364371,-0.2691119,-0.3675098,1.9059186,1.0300283,0.8319040
-3.6761255,-1.5266967,-1.2144080,-2.3897028,-3.0975194,-1.0616500,-1.6979490,-0.6694431
-1.4804325,0.5494961,0.2391660,-0.4436421,-0.8749157,0.4950530,0.1418320,2.1979062
-0.3233170,0.0423300,-0.2042752,-0.8281215,-0.9811806,-0.2571104,-0.3898112,1.8766739
-1.4930399,-2.1484911,-1.9516585,-3.2737275,-3.7315921,-2.8418129,-2.6167279,-1.4487212
-1.1826716,-2.2338419,-1.6117403,-3.7471492,-3.4434747,-1.8433077,-1.8372817,-0.6697884
0.6020880,-0.8165361,-0.3523597,-1.8207026,-1.4726038,-0.0253466,0.1076782,0.7825929
0.1877631,-0.1899718,-0.2083873,-0.8682662,-1.7230312,-1.1833515,-0.6360516,-1.7658298
-1.9421401,-0.6537330,-0.7864548,-1.3991881,-2.3239941,-2.4087270,-1.9760030,-3.0646826
-1.6364593,-0.6518149,-0.6163930,-1.1991664,-1.6184642,-1.3547731,-1.0952494,-1.8943034
-0.9148310,-1.2001436,-0.9489162,-1.6082359,-1.7544551,-0.6896562,-0.6945909,-1.3396342
-1.2496773,-1.4473874,-1.4994251,-1.6517937,-1.4234192,-0.8412751,-0.9412549,-0.7739132
-0.1036999,0.2524745,-0.5741096,0.3241387,0.1639590,-0.2269714,0.3445157,-0.2435151
0.4790027,0.5758114,-0.4151101,-0.0839084,-0.3970661,-0.7720478,0.2496196,-1.1038010
-0.7719078,-1.0925878,-1.6519836,-2.0126369,-2.0089970,-2.2833375,-1.6126667,-2.1137626
-2.2908053,-2.2446934,-2.5094340,-1.7156027,-2.0449617,-2.6428767,-2.0984433,-1.5396299
-2.4995790,-1.6247199,-2.3665110,-0.7959902,-0.9600208,-2.0528620,-1.5846647,-0.9781841
-1.5676700,-0.3934571,-1.5268811,-0.3608723,0.1715053,-1.0434923,-1.0328991,-0.9237996
-1.7324036,-0.5460102,-0.8498694,-0.4414204,0.3139247,-0.2154296,-0.3144551,-0.5953656
-1.2415767,0.0162366,0.0385709,0.1460618,0.6656012,0.6188163,0.9670524,-0.4821686
0.4064180,1.1569908,0.8089194,1.5218899,1.9212265,1.5377238,2.1691298,0.5251055
1.2367381,1.2566699,1.2114379,2.2312484,2.6607474,2.1316647,2.5480828,2.0461820
2.3432599,1.5351505,1.7362787,2.4517034,2.6043569,2.1659123,2.3250723,2.1306143
2.8957171,1.1565745,1.4907530,1.8451464,2.0367362,1.3205549,0.9288765,0.5803747
2.2819192,0.6283467,1.3935731,1.0198159,1.4073075,0.8734470,0.1925346,0.3557424
2.3997840,0.9548674,2.0063815,1.2335496,1.2635043,1.2829391,0.9810138,1.4658077
2.4017295,0.6712291,1.5338970,1.1660076,0.9907539,1.1881825,0.7662699,-0.0090278
1.5978303,0.0835973,0.4016401,0.0245533,-0.0023396,0.4794282,-0.1610947,-0.4763809
1.5574413,0.3638244,0.2843781,-0.1957036,-0.3908356,-0.0502755,-0.4866472,1.6472454
1.0940462,0.6379832,0.4106873,0.3998959,-0.0628639,-0.2055865,-0.6314068,1.0441919
0.0976359,0.1183714,0.0000206,0.1059370,-0.3455726,-0.0399476,-0.7350237,-0.4971413
0.2788920,-0.2093556,-0.2033903,-0.5028103,-0.6526767,-0.1187654,-0.5015200,-0.0794479
-0.0446219,-0.0747673,-0.3800991,-0.8129963,-0.6322771,-0.7356610,-0.2660850,-0.4255825
0.0390023,0.0757054,-0.3264709,-0.7238682,-0.9568840,-0.8396300,-0.8056870,-0.6219962
1.7281488,0.4788043,0.3914920,-0.4847718,-1.1731109,-0.2006089,-0.8081290,0.7277817
0.8811551,-0.3287247,-0.4021659,-1.4910456,-1.2635669,-0.6966023,-0.6081176,0.2171022
-1.1396495,-1.6369638,-1.6558561,-1.8518760,-0.8697971,-1.4166809,-1.1397672,-0.9782860
-0.9668551,-1.2571510,-1.0946328,-0.1379789,-0.2758143,-0.6185189,-0.3867007,-0.1589734
-0.0491639,-0.6492347,-0.6320936,0.5714737,-0.4463698,-0.1449208,0.7630824,1.3291110
0.5827601,-0.3571299,-0.5516883,0.3797651,0.2039654,-0.2475208,0.6265958,1.4049422
-0.2538384,-0.1444407,-0.3791153,0.4920272,0.8897814,-0.0797373,0.2395521,-1.0647483
-1.3607828,-0.4161018,-0.5009820,0.2107085,0.2600230,0.3878424,0.4499644,-1.5510217
-1.0955371,-0.3239776,-0.2156861,0.2484086,0.2195322,0.9541211,0.7986723,0.0543697
-0.9779848,0.4799066,0.8765427,0.7963969,1.2551359,1.0896975,1.0204652,-0.1936590
-0.7089939,2.0310144,2.6365827,1.9524359,2.7456497,1.8290623,2.0024048,0.4277430
-0.8336298,2.1054543,2.3681164,1.8955324,1.8037463,1.4068798,1.6304672,1.4340343
-1.6248623,-0.1911559,-0.1000649,-0.1859102,-1.0942642,-0.7677692,-0.5891818,0.1550379
-2.3245889,-1.8090408,-1.6062110,-1.4891186,-1.8180377,-1.3603139,-1.4347340,-1.8235034
-2.8584312,-1.6907582,-1.6685160,-1.3973770,-1.3080014,-0.8188100,-0.9287213,-1.7510479
-0.4873391,0.2363246,0.4258451,0.2470216,0.4336217,0.3921287,0.2950481,0.7622897
1.6466800,1.6604540,1.8348105,1.2388587,1.8917683,1.3266864,1.0076059,1.7490360
-0.2345421,-0.1293319,-0.5481228,-0.9940578,-0.4755454,-0.4287007,-0.3493887,-0.2001193
-0.3232634,-0.3862313,-0.7307958,-0.9360210,-0.9702025,-0.4197329,-0.0277035,0.4267514
1.3982175,1.8920366,1.9106749,2.0064532,1.9912668,2.3440992,2.3601574,3.4688939
0.0544559,0.8893252,0.9829478,1.0974179,1.1500299,1.1797587,1.1402939,1.2492493
-1.9494144,-1.7206526,-1.6827043,-1.8916937,-1.7799970,-2.3847638,-2.5959646,-2.9225712
-1.5321086,-1.6964392,-2.0844745,-2.3529824,-1.9603179,-2.7922081,-3.1584612,-2.4546032
0.5874439,-0.0863452,-0.3562752,-0.4430394,-0.5920483,-0.8585954,-0.8769794,-0.2270058
1.6106474,0.5634252,0.9411668,1.0576745,-0.1128936,-0.2721458,-0.5608747,-0.1740590
0.2672726,-0.7048679,-0.6961413,0.0065075,-1.2590701,-1.8391450,-2.1456775,-2.0107809
-0.2760730,-1.3787224,-1.9281356,-0.8022377,-1.2675402,-2.0349964,-1.5857890,-1.1974271
0.0303426,-1.2545178,-1.3523997,-0.7249278,-0.5926964,-1.3023919,-1.0312010,0.0449209
-0.2509540,-1.4375530,-0.9528404,-1.0215180,-0.9408356,-1.3220222,-1.6346402,-1.6959519
-0.1696253,-0.6254554,0.0184392,-0.6962977,-0.6480571,-0.4225828,-0.4742583,-1.6027727
0.2919719,0.5923049,0.6163143,0.0672295,-0.1517392,0.8467741,1.3910177,0.1398514
1.5283886,1.8327463,0.8823168,1.6214651,1.0813050,2.5975867,3.0298632,1.3319979
1.4235443,1.7593654,0.9309667,1.8685341,2.2792606,3.2910911,2.7912564,2.6525433
0.3114578,0.3049549,0.4443289,0.7077463,2.1788264,2.4202037,1.5097732,3.3731075
0.5859142,-0.2829606,0.3965750,0.3392755,1.2529222,1.4647427,0.8784655,1.5945844
0.7505184,-0.3126486,-0.0579768,-0.8520826,-1.1287701,-0.7477126,-0.9795838,-1.4616939
1.1572991,0.9679648,0.7842862,-0.1675257,-0.9599986,-0.5214706,-0.4326642,-0.9927275
1.5985689,1.9785155,2.3869328,2.0699676,1.6515746,1.6567071,1.6393460,0.2729527
0.3976931,-0.0542361,0.8661418,0.8053766,1.0044847,0.1497905,-0.0784548,-1.2321939
-1.3717347,-2.1081642,-1.4890111,-1.2086130,-1.2814629,-2.1106583,-2.2076545,-1.9257847
-2.6255897,-2.0250569,-2.0408862,-1.9827486,-2.3117557,-2.2456448,-2.4043594,-0.8824096
-2.3670905,-0.8203306,-1.3316995,-2.2831872,-1.8594773,-1.1333424,-1.2411689,0.1535072
-0.1488964,0.4765351,0.2644902,-0.5925041,0.0011842,0.9216200,1.3062198,1.0798893
1.0256490,0.4303721,0.3948513,0.4271319,0.5392057,1.2003245,1.6869746,1.1021765
0.8516460,-0.1034082,-0.6300383,-0.4903569,-0.0856139,0.2797716,0.5529524,0.1894992
1.7899843,0.7464498,0.0564476,0.0000597,1.0533477,1.0830669,1.3767740,0.4063477
0.9853621,0.7288003,0.0079090,-0.2048386,0.7415964,0.2282306,0.5527004,0.5313840
-0.3735321,-0.3042878,-0.5177068,-1.2783991,-1.1747948,-1.4256982,-0.7515397,0.3589011
1.9342709,0.5639112,1.3970544,0.3453170,-0.0985664,-0.0452767,0.8155854,1.1344703
3.4567336,2.0390291,2.4943561,2.0842864,1.7103238,1.6570100,2.0565564,1.2395485
0.4161492,0.8999779,0.4089741,0.5886175,0.4240363,0.9306934,1.0113723,0.0953320
-2.3542005,-1.0483114,-1.2589212,-1.2885587,-1.3163273,-0.6545067,-1.0821553,-1.5036140
-1.6181331,-0.2480330,-0.0067605,0.1211763,0.3271026,0.5594873,-0.2814577,-0.1274631
-1.2493273,0.6638254,0.9279726,2.0524854,2.3851548,2.1291892,1.8598422,1.7490761
-1.8744026,0.6649472,0.5605809,2.6007220,2.4883113,1.0755494,1.6441454,0.0283503
-1.0292350,1.4343994,0.8773647,2.6121145,2.0638310,0.2097182,0.8446361,-0.2120591
0.5219243,1.4703567,1.0139653,1.4888139,0.8270037,0.1946827,-0.1620774,0.8680920
1.0709322,0.5304593,0.1759288,0.1616660,-0.4140323,-0.1127946,-1.3208638,-0.1919405
0.2091647,-0.5169415,-0.5507657,-0.4401219,-0.7748145,-0.5190296,-1.6137348,-0.6880557
0.8941910,-0.0169256,0.4298496,0.4600869,-0.1357679,0.3280543,-0.4696945,0.6755912
2.7088231,1.2539973,1.3155330,1.5403129,0.9094511,1.4329707,0.6204459,1.1045701
2.7823752,0.6654633,0.3473043,0.7375456,0.7927853,0.2929990,-0.4439448,-0.5552533
2.3124653,-0.8722368,-0.7767610,-0.6884198,-0.5368479,-2.2148566,-2.7001996,-2.0005585
2.1147680,-1.4928925,-0.8245161,-1.1347267,-1.2076745,-2.8774891,-3.2685922,-1.9439234
1.6410354,-1.8638591,-1.1410185,-1.2807284,-1.5422662,-2.3897527,-2.3903546,-2.4100155
0.5044879,-2.7954951,-2.6809171,-2.2982635,-2.5743516,-3.2259283,-2.6927893,-3.9560864
0.2047234,-1.2782863,-1.6668086,-1.7412731,-0.9822250,-1.6938200,-1.0858243,-1.2381586
0.9946330,1.9680462,1.4243171,1.1820369,2.0443441,1.8419561,2.2479612,3.8977634
0.5577387,2.5079877,2.0434010,2.5866111,2.1803243,2.2377615,2.3687259,3.4604361
-1.4316272,1.1366014,1.0036789,1.5254909,1.2190303,1.0678935,1.3614145,1.5951201
-3.4675565,-0.0963908,-0.3751789,0.0060845,0.3468879,0.4638378,1.3209093,1.9332331
-4.1188521,-0.8246645,-1.4051756,-1.1311942,-1.0149694,-0.0763643,0.8589526,0.3902026
-4.0062137,-0.9751782,-0.9350457,-1.6207453,-1.5222497,-0.2239556,0.0917970,-0.6797865
-3.8587365,-1.2887886,-0.4975559,-2.0356490,-1.8721158,-0.5218792,-0.6091359,0.3890434
-4.3213028,-2.5087974,-1.6930824,-3.1847296,-3.4151957,-1.8314334,-1.8758374,-1.0322317
-3.3600107,-2.1704469,-1.4350220,-2.7364687,-2.9335366,-1.2279488,-1.4925458,-1.6534843
0.3305383,0.5506212,1.0854185,-0.1523242,0.0834197,1.7403335,1.4824317,2.0843056
0.2411833,-0.0400335,0.3083595,-0.3865938,-0.4579806,0.6297038,0.7291846,1.5754220
-2.2926641,-2.4312458,-2.0784184,-2.4522037,-3.0579748,-2.7515046,-2.3950914,-2.6209988
-1.2616237,-1.2056966,-0.9552765,-1.3800627,-1.5112529,-1.7309478,-1.0318427,-2.3913185
0.1070551,-0.0133465,0.4637847,0.0973320,0.8289328,0.3862094,1.1545677,-1.5101419
0.7229257,0.0334352,0.0213987,0.2228512,0.9877457,0.6870694,1.1286249,-1.4506784
1.9244170,1.0555115,0.4046788,1.3326502,1.5681932,1.1918442,1.2059410,0.3853896
2.0200804,1.2876090,1.2765934,1.3953890,1.3041324,1.0505514,0.9531683,0.9423461
1.1103529,1.0652372,0.9121598,0.4621405,0.2100200,0.1570289,0.3723804,0.1971774
-0.0253239,0.5726963,-0.0173170,0.5008264,0.5424672,-0.1432942,0.1989140,-0.5669852
-0.2007583,-0.1143301,-0.0938254,0.1069413,1.0677449,0.3573113,0.7600404,-0.2167157
1.8288313,1.2516846,1.6573532,1.0651719,1.8412046,2.0290964,2.1629155,1.7950360
2.2331967,1.9908377,2.3068210,2.4701502,1.8976152,2.4301610,1.4252892,0.5227618
0.0897216,1.0277547,0.9844186,1.6663462,0.8807677,1.6708665,0.0187988,-0.5444190
0.3589894,1.4037024,0.9823067,1.8811217,1.6553467,2.2571590,1.5107060,2.0529471
0.8589996,0.4335979,-0.5051742,1.4009687,1.3957687,0.4307785,0.7046433,0.6537256
-0.3676747,-1.2855244,-2.2123185,-0.1544074,0.1568156,-2.0952243,-1.6135251,-0.7927241
0.6741417,0.2346332,0.4391217,1.7358815,1.9433425,-0.2401343,0.3465993,2.5524279
0.3333689,-0.2820407,0.2002597,1.1682611,0.7836600,-0.5537909,-0.4661195,0.9022820
-3.1140296,-4.0208626,-4.1187854,-3.4579259,-3.9803510,-4.6164096,-5.1285259,-5.1167161
-1.3365018,-2.5022183,-2.6262337,-2.2165956,-2.4611475,-3.1393483,-2.8410373,-3.7728777
4.1142806,2.5073553,2.2718330,2.1779530,2.5249898,1.8358002,2.7442101,2.8246919
3.7346712,2.0144087,1.7663728,0.8797995,1.3944971,0.9424199,1.4667795,2.3532385
-0.5567780,-1.5867854,-1.5422623,-2.4432681,-2.7370284,-2.7568142,-2.5357587,-2.9865791
-0.7356557,-0.6314754,-0.4612477,-1.1570312,-1.8856992,-1.0801766,-1.3186395,-1.2122498
1.7707750,2.1360074,2.7950291,1.6873024,1.1625452,2.4294196,1.8814446,2.5467785
0.8999522,1.9515296,1.9400337,0.3151822,0.0528785,1.8326106,0.7528130,1.1842133
-1.1932109,1.3990920,-0.2916494,-1.7242133,-1.6803746,0.6679847,-1.1781610,0.1645039
0.5268797,1.9348402,0.9508926,-0.1791263,0.0638044,1.8670417,0.7279056,0.3335298
2.4573190,1.3833549,2.0201685,0.8342284,1.2002814,2.1430260,2.1047352,-0.0251026
-0.2840056,-1.1441804,-0.2076811,-0.9158910,-0.7825951,-0.0091805,0.0790783,-1.0749533
-1.6581293,-1.4631192,-0.6687507,-0.8755696,-1.2526223,-0.2386409,-0.1541472,-0.1772554
0.8172951,0.6184549,0.8887208,0.5450867,0.1795304,0.7826876,0.6503806,1.8590627
0.6982361,-0.2308944,-0.1735917,-0.5281271,-0.3334617,-0.6802914,-1.1162991,-0.0744176
-1.1923307,-2.2138059,-1.8330898,-1.5863488,-1.3451717,-1.7003063,-1.7643904,-1.8431268
-1.2341365,-1.9890009,-1.6979958,-0.9092662,-0.9006022,-0.9376940,-0.4870255,-0.6356696
-0.1870695,-0.2064791,-0.1507319,0.5705703,1.1170463,0.6512028,1.5051951,1.2395900
0.3151802,1.0421011,1.3436381,1.8468509,2.7165317,1.8792800,2.9170437,2.5516502
-0.3978271,-0.0367392,0.5371538,0.8589287,1.6231975,0.6522685,1.0285622,2.1976974
-1.6517654,-1.6817609,-1.7075021,-1.4388774,-0.7293248,-1.9623247,-2.0616520,0.9593849
-2.1980522,-1.7977607,-2.2369235,-1.9590121,-1.8303957,-2.6718486,-2.3950511,-0.7602334
-1.8358082,-1.0556457,-1.1674514,-0.8933737,-1.2236567,-1.3307618,-0.7874790,-2.1663170
-1.7655442,-0.9977301,-1.6312116,-1.1628594,-1.5426869,-1.7147089,-0.9493883,-2.9311844
-1.2651465,-1.2238920,-2.3932547,-1.8481349,-2.6222594,-3.3694806,-2.6659981,-3.1934783
-0.3943802,-0.6700823,-1.3127768,-1.0420735,-1.9686002,-2.9663405,-3.1667287,-1.9443454
0.8132761,1.5089078,1.1596545,0.8818659,0.9608245,0.2975012,0.0050396,0.6675352
2.1141145,3.5613071,3.2230074,3.0359061,3.6408371,3.2469910,3.8970803,1.8709540
0.8335689,1.4257430,1.6563772,2.3041884,1.5094516,1.3955311,2.2168576,-0.7680354
0.6333833,-0.9909224,0.0250700,0.7921884,-0.6057153,-0.2883840,0.1838098,-1.9434603
2.5286749,0.2622329,1.4477720,1.9254670,1.8666833,1.9054628,1.8401918,1.0681738
1.6242991,0.6732921,1.3152834,1.7831864,2.0824295,2.0004629,1.0633599,2.1785458
1.1148607,0.7679258,0.9181788,0.9579491,0.5665334,1.1344071,0.2714262,1.7959274
1.4345475,1.3277327,1.5710983,0.9584021,0.5697453,1.2749069,1.1768450,1.3214841
-0.6098213,-0.3667097,-0.0087500,-0.6477762,-0.7857079,-0.3739835,-0.4250273,-0.6470398
-0.9905853,-0.2273183,-0.1062247,-0.5173007,-0.1873714,0.1866042,0.0659220,0.8924761
1.0730840,2.0464584,2.3096670,1.5721918,2.5007043,2.9976998,2.6338038,4.3181688
1.1102495,1.3267118,1.7051243,1.0783003,1.6642070,2.3248765,1.3109301,2.9916726
-1.2663072,-0.8522061,-1.0759716,-0.5317125,-0.8291169,-0.2078883,-1.1865931,0.1565416
-2.3614779,-2.0548494,-2.5202760,-1.7606071,-2.0572881,-1.7270512,-2.3330870,-1.5137938
-1.0827767,-2.4732395,-2.7922833,-2.5933770,-2.3452348,-2.4834447,-2.7225339,-2.7385117
0.5705416,-0.7574807,-1.2611539,-0.6930917,-0.7522265,-1.0366693,-1.0490649,-1.7623044
1.2841977,1.4409397,0.9035892,1.3313464,1.0188478,1.1150266,0.6641328,-0.7642550
0.3529813,1.0697745,0.5321032,0.1948223,0.4104890,0.6632890,-0.2287443,-0.5516885
-1.0038017,-0.2693787,-0.8147790,-1.0297326,-1.0938847,-0.9197566,-1.6223883,-0.6406236
-2.2209629,-1.8157493,-2.2024189,-1.7493989,-2.3078674,-2.3359799,-2.4115616,-3.2981014
-2.2428419,-2.2525713,-2.8117828,-2.0990541,-1.7299363,-2.3726051,-1.6459179,-2.9401398
0.4480844,0.1743206,-0.2889392,-0.2745512,1.1249869,-0.1152301,1.2133704,0.9155992
1.6950933,1.9076167,2.0438940,1.5343585,2.8325345,1.8070975,2.6291197,1.8669446
-0.1025081,0.8870125,1.1068784,0.7769504,1.4480705,1.4858849,1.5179220,1.0487838
-0.8080441,-0.2462166,-0.3098532,-0.6656889,-0.4766087,0.1001905,0.1583324,-0.3076583
-0.5567488,0.4854994,0.2446751,0.0937615,0.1144793,-0.0445950,-0.0729069,-0.5500681
-2.4215663,0.2597316,-0.5014201,-0.0917336,-0.1520703,-0.7057626,-0.4809799,-1.0516668
-3.5884106,-1.3263325,-2.3833848,-1.9483091,-1.8226184,-1.7459227,-1.0883851,-2.3131077
-1.3016666,-1.3561736,-1.3421545,-1.4566980,-1.3540750,-1.1832199,-0.7209139,-0.5156389
0.3704043,-1.4086271,-0.5490462,-1.3088148,-1.9264189,-1.9000752,-1.4801151,0.3820201
0.3153644,-1.0303513,-0.7380628,-1.7687830,-2.5804286,-2.1549421,-1.9993183,-0.4963053
0.8863855,0.6046510,0.8092417,-0.0670843,-0.6174007,-0.0508249,-0.1290229,0.1689880
1.4273700,1.0467679,1.9932056,1.3909054,0.7741587,1.2640767,1.8218713,1.2403037
1.7061531,1.3913946,2.5629299,2.2548569,1.7717031,2.3502849,3.2835274,3.1631251
2.1761754,2.4579135,3.0541321,2.6044162,2.4082011,3.0885592,3.5989334,4.2940438
2.2546369,2.6704179,2.8385218,2.1319755,2.2053476,2.3682992,2.7108292,2.6880518
1.8548495,1.9105601,2.3855826,2.0637040,2.3901149,1.8336075,2.0028032,1.0744620
0.9993872,0.1785491,0.7106799,1.0833504,1.4263740,1.2059149,0.8422914,0.0761750
-0.3676570,-1.5758366,-1.3516585,-0.6029768,-0.4593179,0.0497263,-0.1946134,-0.7731054
-0.6413006,-0.9486233,-0.8839992,-0.7369710,-0.7951149,0.0370447,-0.3760028,0.4479167
0.4525686,0.5728269,0.1702274,-0.2525398,-0.3561877,0.3586439,-0.6316974,1.6024888
1.2716229,0.6550360,-0.0634460,0.2634152,-0.3664242,-0.3039431,-0.6592975,-0.0251227
1.8509928,1.0241114,0.7919910,1.6296328,0.5420280,0.2619677,0.1284356,-0.3565797
0.7159935,0.4662967,0.7105191,1.1062124,0.4407795,0.5072188,-0.0753613,0.2435428
-1.5991126,-1.9848872,-1.8338366,-1.7570049,-2.1434055,-1.8380506,-1.8424444,-1.6925975
-0.4982334,-1.8433380,-1.7425501,-2.0022517,-1.8977324,-1.8809191,-1.8039077,-1.9338600
1.8334909,0.4594076,0.6452027,0.6020173,1.5720270,0.7641743,0.6297594,-0.0920953
0.8097815,0.3426164,0.4178887,1.5129065,2.6091492,0.9552578,1.0665091,-0.2619042
-0.7367742,-1.1836215,-0.8401005,0.4815915,0.9672583,-0.7931631,-1.3020485,-1.5417261
0.0708594,-0.8184628,-0.5098127,0.4923030,0.0188272,-1.3222245,-1.9874133,-2.5559801
-0.0929509,-1.0542716,-1.8124570,-0.3995584,-0.4184068,-1.6817118,-1.7395251,-2.7883349
-0.9318893,-2.4493162,-3.6762730,-2.0592968,-0.4521766,-1.9691471,-1.7882734,-1.8319855
1.3788513,-0.3819831,-1.3052093,0.4692085,1.5802176,0.1178312,0.7601204,-0.1976766
2.5925444,1.9466086,1.1638327,2.9842668,2.8278488,1.3809508,1.9118122,1.1359311
1.1062163,1.4974113,1.0766376,2.0333914,2.1062905,0.8968784,0.6764392,2.5266726
0.3495396,1.0599753,1.0499605,1.2001981,1.3443979,1.2531960,1.2140404,3.6170211
-1.1956777,-0.6025253,-0.1892992,-0.8683436,-0.7791881,-0.0970325,0.2782097,1.2091411
-2.8107585,-2.0710281,-1.2296417,-2.7936493,-2.7627776,-2.2406775,-2.0734247,-1.9826265
-3.8008181,-1.3526093,-1.0307113,-2.0503373,-2.5318775,-2.1361755,-2.1570875,-2.0197850
-3.8137529,-1.0836496,-0.4995254,-1.2587257,-1.2194039,-0.5930997,-0.5610434,-0.0541506
-1.9092074,-0.9585240,0.7526107,-0.9545929,-0.9209122,0.2654126,0.2857346,1.2175945
-2.2852626,-0.9746359,0.1488453,-1.8313297,-3.0100231,-1.4710700,-1.4736417,-1.7222659
-2.5901791,-0.5907362,0.0953116,-2.1260422,-2.6953099,-1.5068426,-1.3072743,-3.2515685
0.9157046,2.3642801,2.1816340,0.2318576,0.4224625,2.2730217,1.4868413,1.3976787
3.1031869,4.4878551,2.5051290,1.6040349,0.9567149,4.0628541,1.8817670,4.5466549
2.1383679,2.8742314,1.6803038,0.7493014,-0.2426279,1.9802800,0.6636306,2.6140590
0.4834670,-0.0807420,0.0437445,-1.1176944,-1.7933894,-0.8400363,-0.9416239,-0.1805697
-0.3964630,-1.6523360,-1.4036988,-2.1137283,-2.2199227,-1.4941139,-1.0930743,-0.3802784
-0.7349493,-0.9111878,-0.7356308,-1.1170508,-0.4796328,-0.5219707,0.1548685,0.1092441
-1.0273091,0.2852047,0.0426153,-0.2768468,0.4695284,-0.0780410,-0.2247296,-0.5605810
-0.0694565,0.6946213,0.7158964,0.6712602,0.8964248,0.9555258,0.7341304,0.4157165
0.1937737,0.3464476,0.5150423,0.9903223,1.1427555,1.5130037,2.1488762,0.6077272
-0.6393575,-0.6523508,-0.8534468,-0.2727781,-0.0897823,-0.1860771,0.7598117,-1.1154348
0.4214981,-0.3837763,-0.4883670,-0.1914768,-0.8671854,-1.0948752,0.1805631,-0.7008918
0.7997793,0.0765288,-0.5789545,-0.2258362,-0.8527578,-1.0296833,-0.1622470,-0.5296942
-0.1273022,0.0474841,-1.0365913,-0.2104723,0.2021431,-0.1319998,-0.2475966,-0.6972500
0.7103576,1.5272987,1.4102045,2.6882784,3.0346031,3.1757138,3.0513589,1.9216936
1.3396301,1.3376086,1.7902401,2.7039332,3.0652341,3.2944394,3.4685430,2.1024858
1.0572374,-0.4071089,-0.5434761,-0.1710227,0.1077383,-0.4914028,-0.2041917,-1.3610205
0.8349300,-0.6403210,-1.2106031,-0.2534684,-1.2149689,-2.2203583,-1.8388718,-3.4242586
-0.7627109,-2.5330878,-2.8432847,-1.5349334,-2.5879076,-4.1259604,-4.0783592,-5.8026355
-2.0621082,-4.0486512,-3.8096998,-2.9428859,-2.8453726,-4.6862876,-5.0546058,-5.2447699
-1.0750161,-1.6340918,-0.8516808,-0.2297842,0.5153994,-0.3298912,-0.3932071,0.7598007
-0.3540965,0.0505792,0.7700433,1.4278625,2.4837500,2.1627522,2.8250274,3.0628799
-0.1234997,0.3209363,0.4849385,1.2642542,2.1761870,1.6298028,2.1113773,3.2795159
0.2044349,0.5025153,0.4176661,1.1868413,1.2691047,0.7055637,0.5569873,3.6303874
0.2407787,0.1363858,-0.0658120,0.4066707,0.2597952,-0.5360904,-0.9421859,0.3034974
1.1526801,0.9836148,0.6498568,0.3247355,0.4904439,0.2263482,-0.2908508,-1.0529806
0.7758844,0.8624989,0.7038585,-0.3896750,-0.4620859,0.3627160,0.4169770,0.0219179
-1.0694438,-0.7197189,-0.6178346,-1.8539274,-2.0652388,-1.3053268,-1.2068228,-0.7770679
-0.9129874,-0.2053132,-0.1649950,-1.2938354,-1.1356880,-0.9090841,-1.8193134,-1.8697362
0.0456309,0.5267536,1.0132216,-0.2088566,0.3372612,0.0997636,-0.5950560,-1.7498593
0.3157356,0.2052329,1.5529454,0.3711477,0.5032257,0.2341442,0.2048545,-0.6884718
1.4250036,1.0446946,1.9992003,1.3666824,0.5519892,1.3741862,0.8181192,0.9636354
1.4570141,1.0889777,0.9813387,0.9773698,0.1011013,1.2811560,0.9067913,0.5713767
0.3795354,0.4289968,-0.1678195,0.4661805,0.1179910,0.0352685,0.4955886,-0.4213360
2.1658779,2.6250624,1.8532723,2.9397407,2.3763412,1.6956420,1.7585266,3.2268153
2.7460839,3.3941691,3.0846723,3.7241359,2.6611319,2.5437043,2.1385392,4.4256132
-0.3118963,0.5268664,1.2425799,1.2231037,0.9002868,0.3009495,0.1485130,0.6965263
-0.6213873,0.4634451,1.1789591,1.2246167,1.5911218,0.5157342,0.5252114,1.0947001
0.2682512,0.2936644,0.3820273,0.4308700,0.5643830,0.7450041,0.8736182,0.7135678
-1.7707622,-3.3523975,-3.1814085,-3.2853015,-2.7802952,-2.1661764,-1.9675891,-2.2773980
-2.6729502,-3.1883254,-2.9793280,-3.0864853,-2.4589188,-2.2298228,-2.1632368,-0.1211512
-1.2377657,-0.7107061,-0.2721341,-0.7849387,-0.3360069,-0.1661166,0.1253241,1.5241201
-0.0806687,-0.3711336,0.1812030,-0.4478900,0.1963541,-0.1941384,0.6297975,-0.2413110
0.2985279,0.0733048,-0.5786848,-1.2843137,-1.1310725,-0.7821624,-0.0394448,-0.0543809
-0.5279767,-0.9639548,-2.4044097,-3.2369126,-3.2313315,-1.6707020,-1.4848220,-0.9601645
-0.6893728,-1.9578531,-2.7570598,-2.5638985,-1.7877519,-1.2442118,-1.1465016,-2.1078803
1.9104084,0.9802970,0.6959493,1.2989049,2.3569086,1.9734094,2.3320430,0.8934749
4.3416208,4.3821091,3.8778205,4.0347782,4.3025501,4.7218288,4.5663274,3.8595700
3.0928325,3.2403697,3.1637796,3.5927556,3.0906767,3.8226130,3.0074891,3.4276160
0.4064719,0.0892874,0.5294602,0.9146578,0.6953967,1.0903935,0.8013166,0.9871915
-0.1719056,0.2595967,-0.3415560,-0.0954792,-0.0809774,0.5868166,0.6889094,-0.0117948
0.0800518,0.6985711,-0.2361667,-0.0723595,0.0812138,0.6366893,0.4570219,0.1504480
-0.3164492,-0.5058808,-0.7514317,-1.0182706,-0.2909130,-0.5032192,-0.5643756,-0.8904406
-0.1196988,0.0265192,-0.3629345,-0.5658373,-0.2940266,-0.6644448,-0.9785914,-0.3726677
-0.4123828,-0.7101804,-0.6470906,-0.7778520,-1.8516167,-1.9224103,-2.5100992,-1.8133623
-2.0423403,-3.2813186,-2.9352522,-3.0307375,-4.1707450,-4.6001886,-4.2573837,-5.9695312
-2.3162412,-2.2917360,-2.7491017,-2.3869237,-2.6559865,-3.5960394,-2.6676011,-3.9061893
-1.7321215,-0.5763298,-0.4835688,-0.0725571,-0.3362836,-1.0464296,-0.4581122,-0.6647778
-1.6095467,-1.6961327,-0.3279591,-0.1726893,-0.5932250,-1.2326484,-1.1417899,-1.9677052
-0.9869121,-1.4103839,-0.5830367,0.0735592,-0.1771969,-0.7640739,-1.4884847,-1.1233582
-1.8653703,-0.2895466,-0.6171305,0.5480670,0.5010985,0.0913779,-0.9454699,-0.3347959
-3.0460641,-0.7572290,-0.7478857,-0.4196527,-0.0230631,-0.4630736,-0.9749138,-1.7425287
-2.0387172,-0.7387046,-0.1836414,-0.7057987,-0.4576146,-0.4799912,-0.3320764,-1.1587311
-1.5191479,-0.3588734,-0.0010099,-0.0354095,-0.1436683,-0.6753383,0.1774015,0.0873378
-2.2356065,-0.9291131,-0.7025782,-0.5872157,-0.7256287,-1.8795479,-1.0451208,-0.3782842
-3.1986781,-2.3871554,-2.9350488,-3.6954632,-4.3584859,-3.8128657,-4.0885193,-3.7272530
-2.3763482,-2.3423424,-3.6299072,-4.3052153,-5.2595024,-3.2563552,-4.2637518,-3.1695472
1.9916883,1.3564915,1.1145936,0.8792953,0.8836179,2.2694447,1.5844734,4.8926707
4.8603112,4.5648593,5.3566150,4.7929623,5.7230544,6.2189752,6.1885173,7.5681160
4.6461177,4.3548846,4.8440611,4.5754413,5.1442439,5.4666830,5.7500698,3.9767673
4.4082799,3.4025805,3.6530121,3.6464620,3.7602820,4.0221666,4.1988598,3.0059469
2.8293597,2.7460553,2.7842906,2.4998820,2.5197970,2.5931375,2.4970036,2.3655640
1.4510919,2.1301004,2.0175166,1.9355125,1.6717455,2.2034712,1.8034947,2.1533904
1.8808816,1.5162367,2.1261581,2.0552940,1.6303825,2.7701552,2.5433482,3.4926556
1.3357773,0.6223883,1.2344279,0.6331199,0.0186732,1.0527111,1.0863704,2.6312755
-0.0201079,-0.7043859,-0.9529248,-1.7383278,-2.3913842,-1.6138635,-1.6927572,0.4951934
-0.0042811,-1.3499828,-1.3192504,-1.8010512,-2.2734581,-1.8905829,-1.7506414,-1.0266794
0.6931433,-0.1911651,-0.0626266,-0.2212990,-0.3310597,-0.3625622,-0.0388962,-1.8550738
0.2040266,-0.0222186,-0.6236511,-0.4219956,-0.0567139,0.0307179,0.2553540,-1.5988238
0.0768792,-1.4643316,-1.6925015,-1.4901574,-1.0905613,-1.4015960,-1.2331831,-2.0022078
0.8427264,-1.9828177,-1.6425123,-1.9701342,-1.2165638,-2.3190371,-2.1787329,-2.4302191
1.4103079,-0.9606545,-1.0120402,-1.2073105,-0.1393119,-1.3578243,-1.2165473,-0.7782807
2.9841437,0.8491553,0.8407550,1.6629988,2.1239914,0.5862910,0.6734903,1.0019743
3.0304258,0.1785042,0.9014191,2.6552158,3.0251776,0.9226438,1.5799043,0.2779423
0.7336639,-1.3231435,-0.9687595,0.9538177,1.8978596,-0.3053627,0.7145812,-1.9608879
-0.6775971,-0.7268032,-1.2652608,0.2050403,1.2870624,-1.1308417,-0.5043193,-3.3266755
-1.5341051,-0.8465667,-0.8300929,0.5740091,1.3496044,-1.2519096,-0.3915000,-1.7923575
-2.0679493,-0.6748892,-0.5386164,1.0755682,1.0720080,-0.6516029,-0.0401346,0.9177110
-1.5642991,0.0069334,-0.0394357,0.8516965,0.4733501,-0.1067997,-0.0763907,0.4448960
-1.1869030,-1.1294775,0.4390914,0.5834338,0.5204158,0.1038503,0.7772126,-0.6294507
-1.7465321,-1.5116842,-0.1536829,0.5965556,0.2531270,0.0794235,0.5339205,-0.5827461
-2.5362193,-1.2963205,-1.5455171,-0.6819070,-1.0199834,-0.8388302,-1.5060726,-1.5138163
-2.3721848,-2.2259157,-1.2466486,-1.8497712,-1.7668887,-2.0183570,-2.3113960,-1.1793747
-2.1030196,-2.2663541,-0.7142979,-2.1918701,-2.9802092,-2.6229359,-2.4153225,-0.7149323
-2.3305009,-0.2375853,-1.4355443,-2.4978196,-4.3965203,-1.7879107,-2.8798647,-0.9769306
-2.1567841,3.0629571,-1.2424810,-2.1972419,-3.8361102,-0.1597614,-3.0854062,-0.6665107
-2.1521002,2.5597638,-0.1627458,-1.7303648,-2.0630765,-0.1422857,-2.1770223,-1.0057707
-2.8399692,-2.5506687,-0.0868774,-1.7519123,-1.1575523,-1.5023203,-0.7642548,-0.8601665
-1.0367789,-0.2679223,0.2139086,-0.8800221,-0.7455832,0.1266419,0.0728303,1.4461233
1.9259443,3.5114360,0.8865257,-0.2868474,-0.1784214,2.1433650,1.0472885,3.2379562
0.6984192,-2.4029910,0.1963949,-1.1352163,-0.1517274,-0.1666241,1.5862000,2.0022920
-0.6793523,-1.3592938,-0.3543509,-0.2972080,-0.3757830,-0.0541395,1.0280398,0.9937595
-0.0732601,2.9806902,-1.1251964,-0.1461745,-1.4543274,0.8917996,-0.7679298,-0.3980689
-1.5539504,-3.8102366,-2.3953857,-2.3281210,-2.3043677,-2.6391050,-2.0469585,-2.7535426
-0.7960476,-2.5111943,-0.7254273,-1.0045155,-0.4355081,-0.7241699,0.4021781,-0.4418947
2.5480829,5.6943707,1.9505518,1.8914450,1.4802038,4.1814683,2.9969545,2.3048140
2.0885552,1.8304442,2.2890706,2.1621924,1.9742683,2.1229709,2.5881854,1.4781444
0.7016967,-0.7587680,1.7332516,2.0344810,2.3166340,1.0975200,2.2679461,1.3974591
1.8233012,5.1618311,1.3917446,2.0734811,2.0776292,3.9435105,2.4542520,2.3546451
2.1728102,6.7270574,1.5183331,1.7751549,1.7042355,3.8550589,1.7690922,2.4531062
1.6383731,5.7152889,1.7980176,1.4213639,1.3057887,2.8567622,0.6858335,1.8194289
1.4187077,4.6323914,1.7611404,1.4908012,1.2758036,2.4864011,0.4893377,2.0669422
0.5172911,-0.4324784,0.8994288,1.3810514,1.6190698,0.1828067,0.6921099,1.5333638
0.8796010,-3.0965128,-0.0781414,0.8241924,1.4247078,-1.6128978,0.5088339,-0.5094128
1.3490239,-2.1896794,0.2937512,0.5898429,0.9764163,-1.7005051,0.8027781,-1.4934131
0.1834123,-2.1438156,0.8782288,0.1986965,0.5294119,-1.2728214,0.7061953,-1.1005164
0.1879495,-1.9395373,1.0015074,-0.0523734,0.7652729,-0.6601725,0.0142795,-0.4907336
-0.5181450,-3.5844406,-0.1964787,-0.9624862,0.3041576,-2.2162806,-1.1703130,-1.6681364
-2.4505885,-5.6088217,-2.5942990,-2.7152437,-1.8872446,-4.1328150,-2.9578864,-3.3907586
-2.4417290,-4.6827344,-2.6357790,-2.8001742,-2.3234727,-3.7483169,-2.6268669,-3.3451100
-1.1100349,-2.2867437,-0.9279033,-1.2507776,-1.0118621,-1.6585203,-1.0542992,-2.2399965
1.8120191,3.0181659,0.2422058,0.9327331,-0.2853111,3.4855023,-0.3024294,-0.1095798
3.4637529,5.6736163,1.1167609,2.2324643,0.5890151,5.6018157,0.5695170,1.3382767
0.5375028,0.2518170,0.1601351,0.8196530,0.4649538,0.8897698,0.1921691,0.3744804
-1.0925713,-2.8941139,-1.3162380,-0.5583154,-0.5329815,-1.5747190,-0.7012592,-0.3339492
0.6654784,-0.1505288,0.1815146,0.4816596,-0.0966453,-0.1151003,0.3161247,0.9286958
0.6657041,0.3247965,1.4352464,0.9116050,0.1017526,-0.1402028,0.6069090,1.3939307
-1.8168647,-2.3200753,-1.1954731,-1.1572640,-1.4585017,-2.4561472,-1.7323676,-1.2228513
-3.5951636,-3.0509078,-3.5059689,-2.8248863,-2.4767004,-4.1667488,-3.4837328,-3.6514299
-2.0628672,-1.0539812,-1.6560413,-1.8528154,-0.8876471,-2.0221610,-1.6045550,-2.0703905
0.3189556,-0.0421460,0.5012751,-0.1359461,0.8088617,0.6528075,1.0984250,-0.4079039
-0.0705442,-0.5291693,-0.3633377,-0.1568636,-0.2138462,-0.2289045,0.3448358,-1.6369092
-0.2449145,0.0960114,-0.8695101,-0.2478617,-0.6620165,-0.8909867,-0.3034132,-0.8023273
2.2590568,2.5118089,1.9908447,2.4113393,2.2793549,1.9836950,3.0883761,2.9553894
3.2390288,4.0002786,3.9925416,3.9149194,3.9708992,3.8684221,4.3720950,4.2578973
1.7619625,2.2459971,2.3378185,1.8142276,2.1557905,2.1681706,1.8566373,2.8905235
0.6909308,0.2720517,0.8181275,0.0708218,0.5047783,0.4364175,0.8664448,1.9145279
0.5316017,1.4138616,1.0808729,0.2653931,0.6928154,0.6796043,1.1115577,1.7388079
0.5447193,1.6420918,0.7116288,0.1895098,0.4628458,0.4401121,0.4752544,0.3532266
0.5258164,-0.5495360,-0.1641680,-1.0031312,-0.9843394,-0.7510223,-0.5551365,-0.5878501
1.2008333,-0.2255864,0.0130223,-1.1589561,-1.2223881,-0.5895562,-1.1539385,0.4883488
0.4926568,0.3204815,-1.1863215,-1.1633267,-1.6347501,-1.1195839,-1.9591903,-0.9744074
-2.4902998,-2.4397787,-3.8020049,-2.7524120,-3.7982716,-3.1965299,-3.2076723,-2.6628785
-2.1743829,-2.6029447,-2.4613897,-2.1106203,-3.2276458,-2.1788867,-1.8889606,-1.0214512
0.3845535,0.1227305,0.4239637,0.1083388,-0.7855362,0.4693353,0.2503228,-0.7414995
0.5240411,0.3713526,0.5682106,0.7072958,0.3929151,1.1502992,0.2969407,-0.4435767
0.1593314,-0.0599081,0.4571067,1.2173818,1.8675162,1.4344875,0.9502968,1.4382649
0.2791162,0.7805827,0.6522831,1.7040499,2.6086819,2.1311582,2.4780646,2.6461384
-1.2306860,-0.7307398,-0.3727432,0.4868178,1.2573464,1.4157058,1.6309718,2.8324301
-2.8620024,-2.9482943,-1.9125109,-1.6119413,-0.9921333,-0.9991327,-1.2614779,0.1030669
-2.5640165,-2.1682812,-2.6487120,-2.5042252,-2.4085000,-2.4422965,-2.6272019,-2.8412516
-1.2750274,-0.6092827,-1.5244063,-0.8435699,-0.6256962,-0.9089427,-0.8448398,-1.8171642
-0.2930810,0.4452393,0.0936725,1.3298811,1.6878553,1.0600752,1.0620786,-0.3841701
-1.2336688,0.4565024,-0.2915113,0.4387162,0.5573128,0.5788287,0.2707486,-0.1198820
-2.1353052,-0.1964941,-0.8372795,-1.0595193,-0.8032182,-0.3580271,-0.8082069,0.6297630
0.1855196,1.2727866,1.3914501,0.8038460,0.5522870,1.0574406,0.5768962,1.6557800
2.2367664,3.4979405,3.6010140,2.7555970,1.5402566,2.9084901,2.0102965,2.0442788
0.9822393,2.2813913,1.8074869,1.1657246,-0.0253478,1.1651063,0.3066456,-0.5179112
-0.2600375,-0.6839040,-0.7725961,-1.0887309,-1.6884479,-2.1904793,-2.3212170,-3.5615056
-0.5294095,-0.8470834,-0.4172563,-1.1311388,-1.2212004,-2.1473028,-2.2949753,-3.4167991
-0.0761590,0.6506112,1.1607963,0.1660771,0.9019384,0.4560099,0.1404386,-0.5554677
0.9450243,0.4927455,1.0152853,0.3203095,1.2108272,0.6454240,0.9026198,1.8895252
0.8762289,0.5998723,0.2561867,0.0491141,-0.0988217,-0.2912291,0.2511400,1.5279499
0.8604772,1.0428439,0.5673639,0.5927571,-0.4089038,-0.0613942,0.5457583,-0.2207610
0.6388159,-0.8178895,-0.3866694,-0.5927829,-1.0519788,-1.4363733,-0.5838753,-2.4249724
0.5636869,-0.5865573,-0.3522680,-0.6413362,0.3780472,-0.9311262,-0.2499488,-1.3079382
2.2340282,2.4986300,2.2435937,2.5715757,3.5260883,2.9115761,3.3076026,3.4647452
1.9668331,2.1499120,2.1257736,2.9014634,2.9706362,3.2854324,3.8545697,4.9098303
0.2976819,0.1182163,0.2569491,0.6245509,0.8658801,1.0567471,1.6659279,2.9936201
-0.7698126,-1.2117764,-0.9524967,-1.2000571,-1.1379018,-0.8627992,-0.8716907,0.1632982
-1.2149243,-1.3196306,-0.8905800,-1.4401403,-1.5171666,-1.3630606,-1.8623051,-1.1297090
-1.1086543,-0.7262615,-0.8146535,-0.9208678,-0.6528076,-0.8829550,-1.2176797,-1.2772097
-2.0394345,-2.3711781,-2.9046866,-2.1394585,-2.5939796,-2.1176514,-2.3403186,-3.5513080
-1.9843775,-2.6693886,-2.6423867,-1.6918913,-2.8356762,-2.2191965,-2.1637326,-4.0433748
-0.2484363,0.0248348,0.0234067,0.7047011,-0.0384880,-0.0159269,0.5065368,-0.2163494
0.0806496,1.0054403,0.0093153,0.5882091,0.0971450,0.1522033,0.3717362,0.4783681
-0.8983058,-0.4357378,-1.5337257,-1.1638796,-1.3334769,-1.9825066,-2.1381508,-4.3088841
0.4760692,-1.0031443,-0.9686802,-0.8424841,-0.7502897,-1.9460028,-2.0497962,-4.3736867
4.0338536,0.6584976,1.6361858,1.2881731,0.7507224,0.4550226,0.5963336,0.7341148
3.4244932,0.1038343,1.0203013,0.2342217,-0.4835458,-0.5825166,-0.1209793,0.7951275
1.4953320,-1.7506644,-1.2944075,-1.1521563,-1.4575092,-2.3664308,-1.9523693,-1.1618861
3.1486998,-0.2407162,-0.3691192,0.8708671,1.0508047,-0.3589379,-0.1903375,0.4190378
3.1236016,0.5756239,0.3461655,1.1082118,2.2532387,1.0318551,0.6526335,1.8409547
2.0829799,0.4778663,1.3165389,1.4898113,2.9780005,2.3111186,1.9759109,2.8723751
2.8382156,2.5032485,3.7041060,4.1951033,5.0239535,4.4020724,4.6177696,4.7467025
1.9709018,3.2902808,3.8784630,4.4025627,4.8774853,4.0613128,3.7756593,5.5647586
0.0442881,2.2178919,2.5791320,2.5076731,3.3027148,2.8993709,2.2721930,3.4963907
-0.8356475,0.8491355,0.7138434,0.3828570,1.5876644,1.9448635,1.2101339,0.3734929
-2.0338765,-0.5584017,-0.7757834,-1.3169898,-0.2942437,0.5628083,-0.4424741,0.2757123
-3.6129494,-0.9163311,-0.6788640,-1.6240665,-1.6925237,-0.7036895,-1.0505132,0.4252400
-3.0492252,0.1046189,-0.2323927,-1.0543425,-1.4922835,-0.2157392,-0.3237602,0.6808322
-2.6059288,-0.5428658,-1.4880240,-2.1576397,-2.1852078,-0.0097784,-0.6932435,0.8180956
-4.6708224,-3.1840062,-3.6101685,-4.1950627,-4.7074419,-2.5566025,-3.0977872,-2.2748537
-4.3316002,-2.3567552,-1.9470668,-2.3974454,-2.9292299,-2.2663539,-2.2429621,-1.4687483
-0.9641906,0.8405527,1.2809498,0.6856799,0.4829303,0.8670264,0.8088239,2.2066546
-0.5730746,0.5470512,0.4453701,0.1874670,-0.5308519,0.5881186,0.1025708,0.7151827
-2.1773712,-1.4191023,-1.3266681,-0.9969978,-1.5031572,-0.9274327,-1.0810136,-1.9618678
-3.0182631,-2.6232855,-2.5208834,-2.3184572,-1.7204571,-2.5474594,-2.0462856,-4.2738010
-2.6566440,-1.6489647,-2.2841368,-2.6492563,-1.7536222,-3.1453191,-2.7743351,-5.1612536
-1.5603544,0.1725033,-0.4389662,-0.6630874,-0.5455330,-1.7490007,-1.6777687,-3.6460130
-1.0389924,0.1018031,-0.5377370,-0.0221430,-0.6902941,-1.1406035,-1.0901093,-2.8430700
0.8492105,1.2306757,0.5705782,0.8985095,0.0111895,0.5891862,0.7558448,-0.2836448
3.1955469,2.4106738,2.5179860,2.0761021,1.4448028,1.5527212,2.2104694,1.4517813
2.6729945,0.1346900,0.2926359,-0.3173893,-0.4378078,-1.4170886,-0.4432111,-1.6869645
2.9010977,0.1141733,-0.3686278,-0.6564097,-0.7295467,-1.3131077,-0.5101229,-1.7534376
3.2058937,2.1032006,1.4451996,1.0581526,0.7546992,1.0616747,1.2421842,0.9344877
1.3863015,1.0845451,0.7905133,-0.2815531,-0.2687518,0.4594919,0.2758327,0.8702240
2.1001503,1.1432209,0.9058898,0.2186168,-0.0410596,1.0544957,1.7490853,3.2938528
1.1156459,0.6788496,0.4980301,0.9131989,-0.1384738,0.6166697,1.7359881,3.2775330
-2.9163162,-2.5534191,-2.0557762,-1.2661354,-1.8739747,-1.9889126,-1.6065275,-2.0389363
-1.9943451,-2.2301293,-1.9848284,-0.9911305,-0.5176903,-0.5309627,-0.7061451,-1.1697103
1.1116981,0.6906343,0.4636580,1.1454407,2.1689968,2.8544063,2.5957873,3.0221506
1.6287320,1.3043141,1.7126053,1.6810490,2.4393202,3.3250925,3.5369324,2.8468527
1.5407814,0.3852754,0.8639590,0.8615657,0.8355225,1.6212293,1.6507308,0.8580627
0.8539130,-0.5920544,0.0936857,0.4008986,0.0075258,0.5101890,-0.1027350,0.5794327
1.1163808,0.3840824,1.6621955,2.0124659,1.7616145,2.0093568,1.7916233,3.1317155
0.5754036,0.9858534,1.7159926,1.9135138,1.9074313,1.9322522,1.7712076,2.5312705
-0.8815835,-0.0975195,0.3440665,0.2186667,0.0336347,0.2701902,-0.2748318,-0.9182290
-1.3132496,-1.3406191,-0.5043629,-0.4672145,-0.9351285,-0.9238389,-1.1141047,-2.1367878
0.2803083,0.2302931,0.5469246,0.7748981,1.0042414,-0.2822572,-0.4659575,0.5494004
2.0050632,2.2449620,1.6306589,1.9772199,2.7080839,0.5836715,0.3339432,2.0950341
0.1953516,-0.5060790,-0.9975827,-0.3285900,-0.1043320,-2.0315842,-1.6835082,-1.6165017
-1.5213922,-2.6954835,-2.5524869,-2.5369740,-2.4022465,-3.2390476,-3.0554240,-3.9358183
-0.9805500,-1.4755441,-1.5268409,-1.9766698,-1.9555148,-1.9008274,-2.0459176,-3.5363821
-2.1881035,-2.5267118,-2.4386342,-2.3562640,-2.8602282,-3.3866986,-3.2006935,-3.9710436
-1.6665451,-2.1221773,-1.8314690,-2.0931101,-2.3437260,-2.4763063,-3.0926170,-1.8093101
1.3025506,1.3402123,0.8356503,0.2895602,0.6635300,1.7054627,0.2610748,2.2420821
0.8157664,1.5950744,1.2744747,0.8987470,1.2972636,2.2674712,1.6855252,2.6875222
-1.3228439,0.2341281,0.2897020,-0.5188690,-0.1787108,0.3184860,0.5833431,0.5264736
-0.0456584,1.5117403,0.6093835,0.5328391,0.9938380,0.3209846,0.7971486,0.7153954
0.8435360,1.7101392,0.5560161,1.7056232,1.6041067,0.3422847,0.6835989,0.8539219
-0.0138290,0.2036510,-0.2216011,0.4547546,-0.1621607,-0.6320543,-1.0117580,0.4937674
2.4327230,2.2188550,2.1331561,1.8826794,1.6879963,1.7894632,1.0949851,2.0928967
3.4922251,2.8030053,2.8566392,2.3208313,2.4852241,3.3807920,3.5559120,2.0421723
1.4845852,0.1025151,0.2766983,0.0887419,0.1925028,1.5469546,2.1974997,1.1563532
0.0177473,-0.9720156,-0.9576265,-0.8481141,-0.5454516,-0.2788263,-0.3979085,-0.3691584
-1.3413106,-1.5361001,-1.8367818,-1.8856931,-1.2411432,-2.5350388,-2.4176082,-1.8599181
-0.4312462,-0.0869539,-0.5931954,-0.0454261,-0.0185125,-1.6277737,-0.5138217,0.5993576
0.4497054,1.4315462,1.2921016,2.4764135,1.8980866,1.1573639,2.1206831,2.4081464
-1.3754479,-1.2150216,-0.4493725,0.4714480,0.4240127,-0.0218324,0.7670395,0.2879562
-1.2622735,-2.3757492,-1.6619676,-0.5868411,-0.4222997,-1.0803847,-0.3890507,-0.8778145
0.3796589,-1.2319660,-1.4871039,-0.2443889,0.2578654,-0.6472192,-0.2376186,0.1595514
-0.1183254,-1.7707331,-2.2314198,-1.9499490,-0.7819804,-1.8151579,-1.3970281,-1.4119515
0.6293882,-1.3038623,-1.4585124,-1.8918648,-1.1925696,-1.4217502,-1.2072537,-1.5919571
1.4573344,-0.7578260,-0.7555810,-0.9439733,-1.0852874,-0.7880363,-0.3868585,0.5976340
1.2885725,0.2495209,0.1955082,-0.1686549,-0.6338462,-0.1808130,0.2209560,0.1311438
-0.4417659,-0.8387403,-0.3366511,-0.9653169,-1.1814505,-0.9449402,-1.3245870,-1.0014641
-1.8097765,-1.6936489,-0.7039895,-1.2206749,-1.4737361,-1.2543737,-1.6854717,-0.1873635
-1.7088823,-0.1612136,0.0608150,-0.2308498,-0.8714342,-0.4464879,-0.6435791,-0.7080858
-0.4851726,0.5762506,0.2691385,-0.5296739,-0.5919925,-0.1582206,-0.5794623,-0.4903459
-0.3007392,0.7616946,0.6067572,-0.7667290,-0.4581663,0.3724305,0.1576963,0.3247080
-0.8942315,1.1640253,0.6218003,0.5190244,0.0984265,1.1027637,0.7680372,-1.0461972
-2.5656674,-1.0764741,-1.6725115,-0.9478355,-1.3829909,-0.9622259,-1.8229502,-3.6252017
-4.0168497,-2.0645759,-1.9960165,-2.3736129,-2.5524163,-2.2412284,-3.0160204,-5.3378944
-1.3300208,1.9054487,1.8716997,1.1369489,0.7106335,1.6945923,1.3589086,-1.7633040
0.7521082,3.7799414,3.1162111,3.1491440,3.0201855,4.2129117,4.4093238,4.5203357
