26.5431659,25.8712498,26.3230997,17.8158710,15.3102834,21.5412069,22.9640017,31.5320073
-11.4652385,-8.2506214,-11.6540671,-13.9262728,-16.8154950,-9.0632081,-8.9814251,-13.0989671
-4.5770644,-3.2405450,-3.4217711,-4.9300138,-7.8890423,-2.0701150,-2.4076881,-1.3900665
-2.3912021,-1.3890084,-0.4517225,-4.0016740,-7.0181677,1.0366418,-0.6413153,0.6478777
-5.2736394,-3.9860704,-2.9135615,-6.9743663,-7.7477590,-2.7228741,-5.0161939,-6.1972215
0.1359892,-0.0384530,1.9430886,-2.3274621,-2.5627446,-0.5779455,-0.9768679,-0.1047200
-3.1265438,-3.5284195,-2.5008188,-5.3608977,-6.3292070,-3.6615073,-3.4803277,-4.4771192
-0.8341435,-0.9697861,0.6134396,-3.0534130,-4.7979586,-0.7712697,-2.2929942,-1.6798587
-3.6529632,-3.0343840,-1.0956633,-3.7386699,-6.9072860,-1.4557725,-4.1559944,-2.8504550
-1.3921822,-0.9110899,0.5580109,-0.4993720,-3.0928493,1.2021920,0.1392135,0.7051771
2.0244964,2.0234907,2.9589740,2.5540968,2.9144376,4.1825522,4.1995858,3.0880433
5.8569282,5.3789829,6.6033860,6.2135112,7.9007438,7.0301636,6.5086828,5.6437240
6.0701142,5.5247054,6.4501679,7.3141727,7.1422126,6.6033161,5.2997435,4.5189765
9.3799836,9.1030824,9.2914523,10.3182116,8.5149208,9.9174291,7.7311079,8.4878584
7.9213675,8.4925381,8.4476520,8.7703776,7.2937250,9.1784640,6.9524702,7.8972083
-1.2420152,-0.2613402,-0.1868731,0.7296321,-0.7841580,0.2130861,-1.1531235,-3.1154825
-0.1927526,-0.6050264,0.0952310,0.5300087,-0.4427389,-0.1479628,0.0010608,-2.7159810
-2.7654085,-3.8945551,-3.0666736,-2.0297159,-1.7847718,-1.8929980,-1.5874419,-4.2384239
-4.8078778,-5.8473689,-5.7936273,-3.8316331,-4.0373300,-4.6986508,-4.7863105,-4.8153433
-3.3637226,-4.5564631,-5.8540797,-3.2477747,-3.1742433,-5.9390730,-5.1556107,-3.2750394
-3.1794187,-2.9359664,-4.5727932,-2.3592417,-1.7710374,-5.0680780,-3.9106445,-0.9716236
-8.5145506,-5.8385962,-7.0753865,-5.5935507,-6.0170907,-6.9321123,-5.4984051,-5.2133293
-6.4910164,-4.8820579,-4.5670291,-4.7592796,-4.5033770,-4.5138560,-2.5013648,-4.1379664
-3.2736880,-2.9353454,-2.4708815,-3.6112310,-0.9824607,-2.8870477,-1.4724992,-2.0583355
0.6773823,1.4012741,0.4147086,-0.4800069,2.3656262,-1.1427259,0.4923962,1.8195965
-0.9801387,-0.0522171,-1.6881828,-0.2290707,0.6942542,-2.3890193,-0.6139081,0.5660542
3.1700169,3.1294678,2.3205568,4.3114793,3.2327919,1.2581068,2.0858024,4.4827335
-1.1253695,-2.2155376,-2.2837790,-0.1392590,-0.3895467,-2.7178118,-2.3193474,-3.1380532
-3.1236884,-4.4961096,-3.7529515,-3.1127314,-1.7062698,-2.9747267,-2.1597115,-3.5806183
-2.6806881,-2.7699238,-3.4827060,-2.9834188,-1.7280412,-2.2893493,-1.1516576,-3.0399596
1.4613128,0.3776155,-1.0825590,-0.3958446,0.7478254,-1.9263825,-0.0767606,-1.9692806
4.2558702,2.2484935,1.6873862,1.3207767,2.0576550,0.4253014,1.2226364,1.0407600
4.4986824,4.8565625,4.0064741,3.3928810,3.6785311,4.3383379,3.4465730,3.1353937
2.2683099,3.7125356,1.9918403,1.4113235,3.0351402,3.4510678,2.4952932,0.6299427
0.5591596,0.7335350,-0.0645475,-1.1938044,-0.2011881,1.5206996,0.5724398,-1.2597572
-1.7957962,-1.5670299,-0.6401358,-1.5748214,-3.0584632,0.3346573,-0.5720667,-1.5931421
0.5933597,0.9678147,1.8662323,0.6623183,0.7111266,2.0409708,1.7365733,2.4474701
0.5343334,0.4465594,0.3415989,0.7693889,1.6352754,1.1005239,1.1718735,-0.0895120
2.3814299,1.3900312,2.1060057,3.1043466,0.6663672,1.9995396,1.2747875,1.5452051
2.2949712,2.3574742,3.1024615,1.6109219,-0.1442901,2.6247963,0.1725129,3.7106569
-3.0696513,-0.7545643,-0.6470689,-2.8183005,-2.2383464,-0.2708677,-2.4725397,-2.1652955
-1.1962350,0.0886818,0.4126224,-0.3729274,-2.1710726,-0.0790430,-0.6271697,-0.6197284
0.2052179,0.0860725,-0.0061100,0.0410184,-2.3365992,-0.5151489,-0.5871771,0.6382278
-1.2531147,-2.2544446,-0.8939908,-1.6966373,-0.8926869,-0.9661300,-1.1876505,-0.7693028
-1.1196846,-2.8245058,-0.7255544,-1.4584734,-0.3469997,-0.9427124,-1.0617699,0.6779326
0.9728455,0.5648993,0.6187152,0.6694793,0.8028668,0.1587721,-0.1825302,2.7529455
-1.2430157,-1.1643676,-1.2671273,-1.3146069,-0.6589683,-1.0602747,-2.0599514,-0.9818699
-1.6359810,-2.0421692,-1.8144492,-1.6689537,-1.9892034,-1.1958252,-1.2938516,-1.1610101
1.6950978,1.5188487,0.5459864,1.6700033,1.2761774,0.4247091,1.9151436,2.0145645
1.8517313,1.1415758,0.4780703,1.8743507,1.8331556,-0.1780661,1.1586840,0.8975375
-0.6119934,-1.4060039,-0.8880267,-0.0749762,-0.9910005,-1.6130954,-1.3270991,-1.1398048
-0.1632869,-0.4528233,0.5666420,-0.1729376,0.3731273,-0.3983907,-0.4887610,0.8363631
-1.5457264,-1.3937716,-1.5838947,-0.7941141,0.5064079,-1.5044236,-1.1474554,-1.7445012
2.0489186,2.6617291,1.3864615,3.2844220,3.1338888,1.1764233,1.8992281,0.6133525
2.9600527,3.5457127,2.7242458,2.5261504,2.2604149,2.2769951,2.3408913,1.3484352
1.2983040,0.4646651,0.4032841,0.7101695,0.6000768,0.9663132,1.7182836,-0.3340540
1.8281639,0.5606368,1.3352020,2.6381658,2.5444380,1.8543545,3.0130388,1.6958573
-0.3873624,-0.0875897,0.7965007,0.1419882,1.3007419,0.3532506,0.0015456,1.7041792
-1.3878838,-0.4501176,-0.9580363,-1.7971450,-1.0589204,-2.3335927,-1.9829416,-0.4905772
0.2549916,1.0449129,0.0889151,0.4517964,-0.9750572,-0.9993663,0.2537467,-0.7875372
-0.4924467,0.4653070,0.6225883,0.5710322,-0.0804930,0.8857015,1.0694344,-0.1574835
-1.2926429,-0.6360222,-0.2112587,-1.3758691,-0.2837688,-0.0515696,0.6322151,-0.0071896
-1.4842517,-0.9631918,-1.3582431,-2.4731553,-0.3835906,-2.0516969,-0.6621238,-1.7697362
0.9510824,1.4176868,1.4388693,1.0775780,3.4700747,0.4033681,1.0037950,0.5684937
-0.7389086,-0.3110190,0.4790398,1.0355444,0.2385961,1.1762691,0.7708995,0.4976307
-2.1269309,-1.8155082,-1.3266305,-0.9784363,-3.2987833,0.8739509,-1.2662016,-0.6731124
1.5160649,1.6460741,1.5186233,0.0619398,1.4320365,2.5033545,0.3907821,1.6973849
0.9839456,0.9484111,0.3710545,-1.1171041,0.5309942,0.8342417,0.9136558,0.7680025
1.2685581,0.9826694,0.6316783,0.7469441,-1.4441184,1.1293967,1.1681973,0.6140029
4.0678033,3.8923356,3.7806679,4.5297492,2.7397712,3.6992232,2.9519124,1.6140834
0.0844009,0.0074824,-0.2406601,1.0888856,1.5843463,0.2061672,-0.6347573,-1.1869795
-3.7616237,-3.4679417,-3.5460413,-3.1742770,-2.4211170,-2.7318633,-3.3517721,-0.9214155
-1.9996737,-1.9008850,-2.0155525,-2.9454356,-2.0492585,-1.7238231,-1.3072215,-0.8311130
2.3021125,0.9151499,0.9957904,0.5337532,0.2524653,0.3146058,0.7231040,-0.5539016
-0.1081170,-1.2563412,-0.9685450,-0.5926602,-1.6948787,-0.6876349,-1.1889958,-1.2550090
-4.7796823,-5.4344138,-5.2593837,-4.0501126,-4.1923598,-3.4278176,-3.8695271,-3.3816385
-2.3863453,-4.0368763,-4.4717963,-2.7665361,-3.2244763,-3.4194354,-2.7188884,-2.8108530
3.2646577,1.9141586,0.2310722,0.7345594,0.7511038,0.1008677,1.1836896,1.6657613
3.4771409,3.4388916,1.7548852,1.1498095,2.8700353,0.7535270,0.9405129,2.6827758
1.1145864,1.0185014,1.6398575,0.9124180,0.3821191,-0.0635412,-0.6130686,-0.2350330
-0.3109990,-0.6674946,1.5030935,1.3786132,-2.0143214,1.3483905,-0.1386146,-1.4857400
-1.0298212,-0.4941429,0.9570984,1.7135991,0.4578516,1.3563042,0.3337583,0.2551705
-2.0376659,-0.7372885,-0.4190782,0.1915497,1.4931985,-1.3868806,-0.3999010,-0.3417927
-0.1992851,1.2067374,1.2058558,0.2426669,1.3929408,0.5286386,1.1880763,0.6421521
0.0891110,1.2966395,1.4652198,0.1233027,0.8296156,2.0527809,0.9575828,1.1551649
-0.3688866,0.1639777,0.5169320,0.7562199,0.2138612,0.5430185,0.5203640,0.1700189
0.0525367,0.3131628,0.8149373,1.8680461,0.2158778,-0.3092346,1.0300031,-0.5272849
0.3923490,-0.8510792,0.3295052,0.2609976,-0.7743103,-0.9176958,-0.9719543,-1.0936042
2.2132340,0.2799729,1.2536056,0.2562669,-0.3969429,0.3231905,-0.1549201,0.8816941
-0.5559074,0.5821584,-0.3090809,-1.9413673,-1.1682515,-0.3023999,-0.1719344,0.6777474
-5.4864313,-3.2177275,-4.9599312,-6.8686786,-5.0529075,-3.6550406,-3.8949959,-3.1473941
-3.0357193,-2.2132019,-3.0329397,-2.8159110,-3.7797823,-1.6025568,-1.6215436,-1.8297162
0.5330858,1.3623891,1.4199913,2.8868861,0.7209361,2.0260368,1.5068980,0.7391525
-0.7721366,0.4661388,0.1712525,0.6627268,0.5035169,-0.2426283,-1.8059888,-1.6046561
-0.4361101,0.6663467,-0.3259005,0.4995150,0.6617162,-0.9097116,-1.6664595,-0.7278055
0.9416464,1.4394797,0.8391590,1.8926126,1.7994719,1.7037938,1.6339603,1.3461441
0.2375439,0.2035488,-0.3552218,0.4367667,1.5441056,1.4371220,1.4253917,1.0165762
-0.2252298,-0.5189860,-1.3604855,0.4404229,1.1813750,0.7052425,1.2676344,1.0451543
3.5341310,1.7038508,2.6191166,3.3463498,2.6501045,4.0219707,4.4178789,3.0226053
3.4893807,1.3300973,2.8002414,2.1547612,3.2118677,2.3210368,2.5653045,1.2875071
-0.1824919,-0.7563965,-0.3893108,-0.8635556,1.8033882,-2.0570911,-1.1101977,-0.5052733
-0.4215923,-1.5170924,-0.4366301,-2.2330941,-0.0684945,-1.9937855,-1.3881653,-0.8777331
1.6326047,0.0216417,1.0883999,-1.1948159,0.2027216,-0.5605552,-0.5962539,-1.2779604
0.9660261,0.8784629,0.6175817,1.0502416,0.7385333,-0.0752819,0.1026213,-0.7736234
0.7010799,0.4394970,0.4182026,1.5614375,2.4164955,0.8379649,2.1783183,1.6595621
-0.1288547,-0.5471849,-0.7493320,-0.4976723,1.6993263,-0.5799049,2.4482788,2.1402885
-0.2274861,0.1642444,-0.9730237,-0.8872453,-0.6515315,-1.2707092,1.9888928,2.1630414
1.1948966,0.9183509,-0.3104237,-1.2706323,1.1299754,-1.5725401,0.6612538,0.5210365
2.8898675,1.9100666,1.6137455,1.2761093,5.2439768,-0.8657179,0.0375848,0.7917783
1.8540997,0.8611389,1.2466822,3.4684589,2.9799411,-0.0445973,-1.0055988,1.2123849
-0.1919649,-1.1789105,-1.9552312,0.0584021,-2.0433515,-1.2569958,-2.6635471,-0.3014150
-1.0544238,-1.1837341,-3.1796123,-2.1137307,-3.8804509,-1.4733505,-1.6226556,-0.5158332
-1.3728041,-0.5708568,-1.7663797,-1.6818199,-3.8161366,-0.3468435,0.0793694,0.3897034
-2.0305147,-1.3779195,-1.0320841,-3.3989445,-3.3437922,-0.6868785,-1.1257860,0.2362913
-1.1856986,-0.8007080,0.4925532,-1.6843226,-2.2741799,-0.1393100,-2.1123336,-0.2304297
-0.2676164,0.7432136,1.7264222,2.0406708,-0.8606586,-0.3257070,-2.1055908,-0.9486657
0.4186616,1.0691316,1.8351614,2.0383903,-0.3818456,0.3214734,0.2184117,0.6281331
0.3381245,0.0397848,1.7024039,0.3091064,-1.8051392,2.7733345,2.2758510,1.0652947
1.1076268,1.1645614,2.4114909,0.0509147,-0.7838427,2.9168348,1.6922191,-0.8015196
1.9746608,2.9284410,2.6180084,0.5689223,0.6402449,1.3565671,0.1988529,-1.1831487
-0.1029233,1.1815611,0.8686250,0.6020706,0.1419346,0.0987909,-1.8052465,-0.3865543
-1.3842474,-1.1363838,-1.0695692,-0.0705459,-0.7914739,-1.0913069,-2.2786939,-0.8613901
-0.8944694,-1.0267346,-1.1499577,-0.6473145,-2.8176321,-0.3562209,-0.7249823,-1.3600199
-0.2330428,0.2156521,0.5919430,0.5529242,-1.3643680,2.5061758,1.2988167,1.2044334
1.2155767,1.2572420,1.6603990,2.4947449,3.1251105,3.7268369,2.9951928,2.5509073
-0.3994858,0.2314021,-0.2133939,0.8990708,1.5715821,1.7024452,1.4861094,-1.1390913
-4.3042417,-2.8448886,-2.9651467,-2.7199315,-3.4967015,-1.8253330,-2.4574864,-4.3619231
-2.2076408,-1.5103941,-1.0111742,-0.7195134,-0.6566637,-1.6689879,-1.1635024,-1.8765674
1.6919461,1.6547042,1.5988669,2.9536613,4.0866293,1.3114113,2.7267004,1.8298340
0.0291467,-0.1848986,-0.7432911,0.5345946,0.6493349,0.8571098,1.3453390,0.8215098
-0.0677806,-0.2952376,-0.8491713,-1.1021656,-0.4608214,0.9473179,1.0964225,0.4808534
1.8051353,1.0983352,1.1200864,0.7759976,2.9976140,2.2328468,2.4761684,2.0864097
0.2403444,-0.2937835,0.0382941,0.6719678,1.4166575,-0.0520833,-0.1862026,0.0685572
-0.6802229,-0.0630996,-0.8757194,0.1347885,-1.0270921,-2.3399250,-1.4105912,-1.1277596
-1.7873386,-1.2408158,-2.4670505,-1.1490732,-2.2959210,-3.4571331,-1.7504396,-0.5685098
-3.2196473,-2.7056730,-3.1511210,-2.8224887,-3.1484010,-2.7232311,-2.4569002,0.2435247
-1.3483095,-0.2843112,-0.6848088,-1.9035423,-0.9538536,-0.6367608,-1.1201333,1.5071166
0.4257000,-0.4937680,-0.4779745,-2.1305162,0.5313878,-1.8046515,-1.5663085,-1.2323707
-0.3706573,-3.3947022,-2.6111802,-3.8056347,-0.8370719,-3.9872168,-2.9778661,-5.1821279
-0.9683669,-2.6733378,-2.1431275,-2.2027516,-2.0613546,-2.7936765,-1.5722746,-3.4685494
-0.9853161,-1.0527215,-0.9403573,-0.8446313,-2.1345637,-0.5649381,-0.1237294,-1.3104986
0.5632139,0.0305083,0.6196488,0.0441543,0.3809253,1.1482092,0.5925170,-0.6680893
2.3017561,1.2775964,1.9673071,1.7065218,2.3104958,1.5909813,0.8000361,2.2025533
0.5822951,0.7326447,0.2668114,-0.3609330,-0.0748631,0.0246436,-0.0598526,2.4502461
-1.8416223,-1.1781992,-1.6054170,-2.5459795,-1.6800484,-0.9699593,-0.8602979,-1.1518541
-0.1505919,0.1346822,0.1775685,0.9314012,0.8585611,0.9797998,-0.0493493,-0.8286354
1.9621641,3.5389519,2.6749134,4.2066451,2.3261764,2.8348557,1.4813138,1.5382410
2.6793395,4.6940836,4.2353534,4.1139132,2.8337574,3.4194632,3.1805049,2.6828015
0.5992831,2.0076997,2.4604746,2.0189600,2.5600447,1.6949600,1.8629188,0.1768082
-1.7478503,-0.0365166,0.6117899,0.9304684,1.1784559,-0.0730032,-0.2856423,-1.9601833
0.3995651,1.9819760,2.8062168,2.0426693,2.0133919,0.8899472,1.4437424,0.1905794
3.1145717,3.6565059,4.1152218,3.4307654,3.9930470,1.9509074,3.0653755,2.0607578
0.3918193,-0.2743359,-0.0039669,1.7098547,1.4306015,-0.4081921,-0.1083929,0.0834376
-2.1086714,-2.6835608,-3.1689584,-0.9332238,-1.5065757,-3.0347036,-1.8817741,-1.0223845
-0.0059916,-0.6998983,-2.3865356,-0.6400975,-1.7303740,-2.6868347,-0.5338265,0.8403237
1.3847946,-1.5164699,-2.2233531,-1.2562692,-4.0366842,-1.3286876,-0.8390366,0.3574639
0.0389585,-3.1478233,-2.8604935,-3.9772273,-4.4751618,-1.1003844,-1.9604678,-1.9428684
1.1801210,0.2612744,0.0385971,-1.2074000,1.4968652,-0.0310912,0.0482825,0.6425843
1.8347126,1.9404552,1.9895727,2.8230092,3.8383373,0.8464364,2.1303592,1.4815317
0.3838594,-0.0594172,0.5629880,1.7976586,1.5233271,1.2129999,1.3787112,-0.0774387
-0.9082137,-1.5959373,-0.9777182,-0.6229067,-0.9263081,1.6642923,-0.6202486,0.6272458
-0.3599121,-0.8297004,-0.2896941,-0.6522593,-1.7852985,1.9466423,-0.4903824,0.9322718
1.4129436,0.1673380,0.9502626,0.1476490,1.4386717,1.4836299,0.7843154,0.6774855
1.2733461,0.2032756,0.6522667,0.7528078,3.4287215,0.8739978,1.0487195,1.7291398
0.1941078,1.1837613,0.1466139,1.3094996,0.8414406,0.3121233,0.8435956,1.2840589
0.2546502,1.5549703,1.0650715,0.8381762,-1.0433137,0.3392955,0.8346996,0.0164980
-1.6978960,-0.3655440,0.0312525,-1.7042787,-2.1875881,-0.5016418,-0.6512061,-0.5505037
-4.3527594,-2.4475295,-3.2245684,-5.6477298,-4.6839875,-3.0158256,-3.2010853,-2.2924802
-2.5529745,-1.4382733,-2.0172303,-5.7697538,-4.0796952,-2.1151991,-2.8826230,-2.0255398
0.8824357,1.5059528,1.6308537,-0.9375349,-0.0666632,0.6570010,-1.0708240,1.4386843
0.3048636,0.5809011,0.5884202,0.5773084,0.6175985,-0.5104710,-1.2212712,1.0057182
-1.8341251,-1.6695884,-1.3301766,-0.6806306,-1.8625650,-1.6306579,-0.9252707,-1.5683213
-0.5477885,-0.4738586,0.0763575,1.1336163,-1.7878355,-0.3285405,0.6325761,-0.3747171
1.8919394,1.1117283,1.7233100,2.0862662,1.9085439,0.2389185,0.9715017,0.8312395
2.1561130,2.6567480,2.8400060,1.5927203,3.5333979,1.7175236,1.5405406,1.7767560
-0.1781651,2.3906216,1.6313617,1.6321112,0.4186550,1.7771308,1.2476295,1.3610154
-2.8864957,-0.8288733,-1.2561743,0.3136853,-1.5883856,-0.9072658,-0.8117065,-1.0930994
-1.4212575,-1.3953307,-0.3499581,0.3185891,-0.3422991,-0.3929060,0.0507457,-0.3292722
2.1677825,-0.1500647,1.2293208,1.8470314,2.2747454,0.7595776,1.4645001,0.8055562
1.9923604,-0.0969004,0.1530054,0.6963013,3.6431670,-0.1009007,0.3753870,0.2668513
1.2154437,0.3167320,0.5227450,-0.2312339,1.2611575,1.0090218,0.8950723,1.6471586
0.5610523,-1.2776954,-0.3526766,-1.3015329,-2.2664731,0.1576597,0.1780932,0.5518006
-2.1365391,-3.4168796,-3.3394329,-4.1238057,-3.1877162,-2.9556947,-2.6641509,-2.7788751
-1.9463930,-3.2535468,-3.4140430,-3.2952356,-3.2228311,-2.3232155,-2.3410427,-2.1857035
2.6530313,0.5107668,1.0504641,2.5526123,0.1150190,1.9101084,2.0846222,2.0754094
1.7943139,2.1366657,1.5202092,3.1054633,3.2746277,1.7773534,2.2832986,0.8139460
-1.5265722,-0.3631412,-1.8800056,-1.7489859,1.0208790,-1.5472477,-1.5488653,-3.4280166
0.6320166,0.8587515,-0.2942022,-1.2856608,0.0323333,-0.8724495,-0.9668997,-1.7138749
1.0568763,1.8101940,1.1912952,1.2358808,0.2815274,0.2812319,0.2946233,0.8247529
0.0263037,-0.2117659,0.4487686,1.4417713,0.2191497,0.4113715,0.2511015,0.4228572
1.4736624,0.5430645,1.2945625,1.6851214,0.6812916,1.5221499,1.1982809,0.0997553
0.1115107,0.6461524,-0.3068281,-0.4402966,-2.2713924,0.8112525,-0.3535058,-1.6023242
-2.0063362,-0.7188559,-2.2565845,-2.0493527,-2.1681839,-0.1671011,-1.4396986,-3.2200786
-2.7257379,-1.2223240,-1.6467345,-1.1949351,1.0547822,-0.0376049,-0.6547905,-2.8523788
-0.8410964,0.5239167,1.2441042,1.2120171,1.3347066,1.3150861,0.8267597,0.2004134
1.2115329,2.3870996,2.8788101,3.5849609,1.4005217,1.3099823,1.8881171,1.9483835
0.0544640,2.1084438,1.5930370,2.8545435,2.5217335,-0.2761169,1.1873862,0.3463777
0.5756588,2.2717120,1.2438952,1.5997796,3.6819522,0.4382337,1.5462733,0.4315617
1.6346797,1.7168098,0.7491827,1.8489437,2.9311389,1.5285748,2.2057159,2.0735370
-0.3649950,-0.5717963,-1.3077415,1.0298888,0.4625076,1.1528468,0.4977127,2.0180335
-0.8305184,-1.1607495,-1.6350953,-0.2250999,-1.4688700,0.5404842,-0.6962553,1.1703397
-0.3046893,-1.6960979,-1.7489188,-1.4425063,-3.9467798,-1.2756890,-0.8835573,0.0477158
-0.8607481,-2.6506165,-2.4779619,-2.3354464,-3.3185781,-2.9085610,-1.1136730,0.2554119
-1.8541893,-2.6006653,-2.3528742,-2.5361431,-1.1164308,-3.2792270,-1.8475068,-0.6391853
-1.6315746,-1.1188555,-0.9848791,-1.9883744,-0.7599696,-2.0220125,-1.5119775,-1.6300430
-0.0556945,0.3062052,-0.0808743,-1.1579007,0.2194882,-0.4030908,-0.6718717,1.3626999
-1.6276716,-2.5145497,-2.3476435,-2.5396741,-1.5826016,-1.6925408,-2.8293892,0.8494138
-4.1722832,-4.8728651,-3.5105846,-3.8697583,-4.7434214,-2.8326650,-3.4570216,-3.6487489
-0.2423254,0.8149864,1.8382936,0.4694008,-0.5562445,1.4533975,1.5245277,-0.7688834
3.5278782,5.1441228,5.8013299,4.5481605,4.3557937,4.7215092,4.8035057,3.4146561
1.1099632,1.7083476,3.0583335,2.3368375,1.5148586,1.7311762,2.2082656,0.9033626
0.3449382,0.0651495,1.0467853,0.3422081,0.1947853,-0.6984660,-0.6781316,-0.3922918
1.8296880,1.5758679,1.5362903,0.7626041,1.4687831,0.1183706,-0.2295770,1.1343563
1.7167693,0.9510179,1.2202355,-0.2135989,-0.7713556,1.4666290,0.8125436,0.9279736
1.6954783,-0.7026711,1.1073035,-1.0909433,-0.4172611,1.8617418,0.3756393,0.3058595
0.3926182,-1.1777695,0.6248743,-1.1271187,0.6968664,-0.0544620,-1.4377609,-1.0766287
0.1978379,0.5061575,0.3243960,-0.7649990,-0.6129458,-1.2950497,-2.1956050,-2.1880241
3.8672812,3.5094900,2.2607183,1.2768157,2.0617006,0.1755046,0.1079918,0.3912757
5.3792497,4.0513966,2.7854187,2.1549924,4.5922598,1.1003619,2.2312812,2.9529135
2.9837801,0.4627025,-0.1783808,0.4435834,1.5506379,0.0203736,1.8248660,1.7909277
0.0133431,-2.7711407,-3.0432203,-1.4164413,-1.6731099,-1.9259895,-0.3147467,-0.8992461
-1.8435951,-2.5592403,-3.4242715,-2.1369751,-1.6405978,-2.5074184,-1.5834420,-0.9866369
-2.3076809,-1.5674663,-2.5762783,-1.3525479,-0.4405412,-1.8838220,-0.8010518,0.5541034
-2.7785590,-1.6004731,-2.1901387,-0.8333463,0.1862626,-1.5933225,-0.1979090,0.0986313
-4.1187194,-3.4292197,-3.5619547,-2.2722020,-0.5510516,-2.0943200,-2.0108354,-2.2139219
-3.3256183,-3.2562682,-3.8930859,-2.0016323,-1.2702858,-2.1685400,-3.5069325,-2.8729570
0.2010500,1.0768554,-0.2929322,1.0137484,-0.3729552,0.2682717,-0.8226964,-0.1024915
1.9266312,2.9567579,2.6796066,2.0371715,1.4102757,2.4213727,1.8209369,2.4007433
1.3162502,1.5959594,2.2016268,1.4450752,1.3577836,1.9479118,1.5643695,1.8656046
1.5761094,1.7511245,2.0386130,2.4741150,-0.4881657,2.0367363,2.2352534,1.2235204
2.1958617,2.1997089,2.8273062,2.9859491,0.4734088,2.7829487,3.0124396,1.9350249
2.7741064,2.4562763,3.5033946,2.4197685,2.6686239,2.6055576,2.5276322,1.4990845
1.7304308,1.9963715,2.4083422,1.2106608,-0.3025818,0.7641084,0.3440264,-2.0072082
0.0417041,1.5167267,0.7070289,0.1495498,-2.9713109,-0.7038735,-1.8510664,-2.9863170
0.0110480,1.2531909,0.1896166,0.1397571,-2.0360995,-0.2498595,-1.3852844,-0.3970228
-0.8519763,-1.7179950,-1.3520459,-0.5936007,-2.1947645,-0.3207020,-0.7967836,0.1955258
-3.3146988,-4.4238046,-3.5817381,-2.6636655,-2.0088123,-2.0243014,-2.0781231,-1.2899836
-3.1959649,-1.8074640,-2.3364649,-2.6126319,0.0323281,-1.3238241,-0.9429948,-0.8078946
-0.7807348,1.9650839,1.2076676,0.5575230,1.6482257,2.2706026,2.5996588,1.1013752
-0.4657333,1.2318457,1.8552537,2.3744907,1.2525810,2.8883086,3.1299835,1.4517251
-2.3732167,-2.3771121,-0.7782666,0.2353676,-1.5552803,-0.5858421,0.1994703,-0.4430678
-1.0304217,-1.4844202,-0.2500169,-0.4466062,-1.7460459,-1.3766119,-0.9120911,-0.8112977
1.6111829,2.0261441,1.7752634,0.6264603,0.7980874,0.6992905,0.0309053,0.3800433
1.3770405,1.8770826,1.0258794,0.2532478,2.2627152,1.5642823,0.9481064,0.8559349
0.2603102,0.7646088,0.5102306,0.3450804,1.9226735,1.6478292,2.2486149,1.5617029
-3.0774388,-0.8342098,-1.1460916,-0.8779562,-0.9675844,-0.3838377,0.3611532,-0.0813749
-6.2850088,-2.4604606,-2.9922021,-2.6522268,-2.1150099,-2.3095672,-3.2834314,-3.3380640
-4.6845088,-1.9446468,-1.7108315,-1.4100662,-0.8736015,-0.9741001,-2.7132733,-2.8086991
-2.1761054,-2.5738809,-1.8007123,-0.4830113,-1.8507649,-1.4413433,-1.1310706,-1.1111828
-0.2644773,-2.3530056,-2.5624722,-0.6923988,-1.9284032,-2.4828695,-0.8397557,-0.5765741
0.8388736,-0.3644177,-1.5170561,-1.0088665,0.2871734,-1.0670706,-1.2753800,-0.2171147
1.0484687,0.4294424,-0.0559710,-1.1409341,1.1190137,0.1508781,-1.0365734,-0.0649220
1.6258302,0.2866204,1.4426140,0.0897657,-0.4790086,1.2829264,0.8577432,0.4058706
1.8441144,-0.0684993,1.8786343,0.9703068,-0.0408200,1.5785442,1.0447314,0.7602122
2.3100487,0.4780949,1.1245547,0.3363878,2.2644571,0.0806469,0.3448679,0.0170784
2.0497281,0.3785452,0.2296583,-0.2854770,-0.0444233,-0.7599794,0.1401049,-0.1709251
1.2884889,0.2939954,0.9403687,0.6868547,-0.2888312,0.6476721,-0.1499367,1.4668226
3.2346834,3.4942156,3.8207522,3.2790166,4.9768389,3.9344272,1.8443984,2.6474110
3.5103562,3.7050798,3.0756981,3.3917013,3.4065334,3.3104624,2.0723694,0.5828828
-0.3332913,-1.4201987,-2.1517188,0.0463052,-2.3008520,-2.5169471,-1.3521921,-2.0327647
-2.0745032,-3.4210149,-3.9946801,-2.0849285,-2.2397323,-4.5835042,-2.0035457,-2.1580062
-1.6167978,-1.8987284,-2.0559659,-1.6268098,-0.2254433,-3.0104432,-1.2027175,-1.2690997
-0.2305638,0.7550553,0.1867170,0.7564446,1.1378218,-1.1969111,-0.2682548,0.6962129
3.5635111,4.3757439,2.9869794,3.6685511,3.4690525,2.4034558,2.6227247,2.8538740
4.0983625,3.3244174,3.1686117,3.0498018,3.0081796,3.0482045,2.3825418,2.1742232
0.0636447,-1.1823006,-0.2664469,-0.5744471,-1.1281798,0.1287844,-0.4962401,-1.0254856
-0.6497729,-1.3985867,-1.2854948,-1.7994573,-1.5992028,-0.8205658,-0.8665147,-1.5356440
0.5607865,0.6944297,0.2151932,-0.9415498,-0.0132745,-0.3502062,-0.5864490,0.8355555
-2.6682250,-1.0853356,-1.4045143,-2.6402469,-4.3615047,-1.9915106,-2.5667106,-0.7079127
-4.5749981,-3.5925742,-3.2112566,-4.4248980,-7.0180403,-3.6799438,-4.1269174,-2.4660917
-0.9973753,-1.4941910,-0.7401461,-1.4898474,-1.2432437,-0.6455573,-0.8287452,0.0312249
0.7699913,1.3321038,1.3633922,0.8592592,1.8259746,2.5960565,2.7818528,0.2936817
0.9503671,1.8770586,1.9756784,0.3028128,0.6632690,2.4885805,2.4134142,0.5892851
3.3092579,2.7996056,3.5518389,2.0328165,3.0998827,2.9110261,2.4905233,2.9438455
4.0658349,3.9948498,3.8192188,3.6984911,4.4760047,2.8932787,3.3369497,2.6316655
0.9965882,1.4468331,0.4067042,0.9395361,0.9663694,-0.3012442,0.7993981,1.1186892
-1.7221026,-2.0015471,-2.6025786,-1.9092074,-1.8798723,-2.5971000,-1.6494775,-0.3680118
-2.6413253,-2.4327005,-2.7538277,-1.9950143,-2.7878696,-2.3604666,-1.5280922,-2.5674578
-2.9992385,-2.4155637,-2.7723655,-1.3376805,-1.9229071,-1.9395960,-1.9342769,-2.4171400
-0.9052923,-1.3874156,-2.0173038,-0.4912922,0.3636569,-0.9961536,-1.2259099,0.1124012
1.1859451,-0.5349362,-1.2416612,-0.6936049,0.2219809,-1.1528672,0.1027764,0.6895149
-1.0687538,-2.6300810,-2.9902987,-2.5843843,-0.7129583,-2.4229328,-1.6366042,-0.4093002
-2.6542305,-2.6432430,-2.9757439,-2.7520344,-0.5488473,-0.7875632,-1.6024836,1.5622294
-1.5388455,-0.9841515,-0.8202778,-1.1786652,-2.0576953,1.0161945,1.4156443,2.4030004
-0.6483630,-0.1004363,1.2880615,1.3168365,-0.2332551,2.0003503,2.4059868,0.4282276
0.8966532,2.0128680,4.0792184,4.3915590,5.9631145,4.6859064,2.8449100,1.0832245
0.7223887,1.6914326,3.2121346,3.1830869,5.7754993,4.5783218,3.2852881,0.7294490
-2.0054685,-0.9720993,-0.4690712,-0.7993935,0.2339639,0.9391907,1.2095164,-1.4484810
-1.0880435,-0.1720577,0.4801684,-0.5991293,-1.2691971,-0.6787818,-0.5489231,-0.3605515
1.2794767,1.0161615,1.5488795,0.0513423,-1.9118285,-0.9004087,-1.3786935,-0.9143060
0.7188362,0.1780377,-0.7590781,-1.1853041,-3.2622288,-1.6505019,-2.0863579,-3.3444141
-1.5996114,-1.7078619,-2.8517285,-1.5179043,-3.3779064,-3.5265871,-3.1515918,-3.7063507
-2.1535231,-2.0860670,-2.5723615,-1.0854986,-2.4306500,-3.7436319,-3.5372666,-2.7239645
1.2480187,1.2206536,0.6311567,0.5805017,0.6954961,-0.3313103,-0.8689148,-0.1843440
2.2089866,1.5103315,1.6559510,0.9630949,1.2991983,1.0561621,0.6219950,1.2842971
-0.7639362,-1.7658342,-0.9081926,-1.2953014,-2.0820530,-0.6024925,-0.4439771,0.1973209
2.1502335,1.4100094,1.3781391,0.9392076,-0.1583677,1.4435264,2.2010370,1.4636236
8.5053097,8.0411255,7.4371518,6.9204434,6.8475096,6.1944255,6.4752055,4.3851948
7.5591297,7.2432087,7.1580773,6.8765669,7.8699530,5.7541806,5.4734703,4.0549046
1.5704939,1.1685874,1.8334935,1.9041563,2.9894189,1.4754610,1.0397286,1.1097349
-1.8219132,-1.8486830,-1.0323081,-1.4521243,-1.0279119,-0.3011550,-0.6582357,-1.0268686
-1.8698783,-1.3653810,-1.5065561,-2.1761175,-2.5101100,-0.7139650,-0.0959932,-0.7430538
-0.7315986,-0.4761018,-1.2925588,-0.8069529,-0.7627865,-1.3681305,-1.0585105,1.3101941
0.0601816,-0.2080918,-0.5727225,0.4589681,1.0914522,-1.3307068,-1.7960659,1.8135997
0.3502731,-0.5661460,0.0676933,0.7344303,0.6602873,-0.5529824,-1.2152721,0.3698844
0.0824431,-0.8678794,-0.1639014,0.0989272,-0.8180902,-0.2249288,-1.4701636,-0.5338898
-0.5737280,-0.4329249,-0.8773217,-0.8582898,-2.5683698,-0.9128866,-0.7237229,-0.6754929
-1.5859475,-1.0909088,-1.5035088,-1.0013214,-2.3775053,-1.6720126,-0.1864779,-0.7923203
-1.3599916,-1.4176812,-1.1636173,-0.8520680,0.9023542,-0.9815906,-0.9491288,0.4434445
0.4284137,-0.0583494,-0.3547790,-0.5010844,2.6955379,0.0605726,-0.5601525,1.1074380
0.4852254,0.4907551,-0.4606850,0.4951367,0.7176988,-0.0042512,-0.0076988,-0.7707667
-0.5356479,1.0922036,0.0302382,1.6185220,-0.1596909,1.0416032,0.6299982,-0.5105514
-1.0241039,0.5720382,-0.0904699,1.1990729,0.6402691,1.6335834,0.9771677,0.9627492
-2.4983073,-2.2453928,-2.2651962,-1.2693642,-1.2655777,-0.4721378,0.0690130,-0.0547687
-5.3737717,-4.6885760,-4.8764171,-5.0762576,-5.1426407,-3.7325344,-3.4467503,-2.7538897
-6.7943429,-5.4704198,-6.0723695,-7.4464090,-6.5380695,-6.3901475,-6.8709414,-5.7686607
-4.7849553,-3.9925210,-4.0307198,-5.3390916,-4.9632942,-5.2416906,-3.8190933,-4.9390512
-0.8439473,-0.1084777,0.4515718,-0.1750291,-1.4448907,-0.0901565,1.3699307,-0.2620417
1.2101205,2.2397622,2.8651277,2.7968508,0.8033460,2.7313403,1.9653242,1.1719273
0.7527972,1.4088831,1.8354330,2.0599687,1.1156379,1.0099453,0.6063873,-1.0734309
1.4339969,1.3875863,1.3323245,1.6702613,2.6404600,0.3193486,0.7330558,-0.7378808
2.0634807,1.4245994,1.3543606,1.1349038,1.2227983,1.1991366,1.1441293,1.1416589
2.5168995,2.2469323,1.8043645,0.4973209,-0.0528895,1.9035207,1.5262043,1.3723921
4.1711929,4.2173132,3.6991229,2.2030228,2.6684871,3.0571724,2.5841848,2.1646925
2.2743961,1.1181165,1.9065609,1.6681118,0.4695623,1.0962164,1.2670014,0.7994490
-0.3018773,-1.7158292,-0.9482716,-0.1243604,-1.9272762,-0.5059490,-0.3521219,0.0321710
-2.6176274,-2.4732627,-2.7391631,-2.3447461,-1.4154288,-0.7622139,-1.9529731,0.2727459
-3.5933543,-2.9721279,-3.0278414,-3.4164262,-1.9923526,-1.5785697,-2.3052826,-1.2873964
1.1698068,0.8039418,1.2413208,0.5759676,0.5373796,1.4328354,1.7050863,1.2664257
2.8253994,2.3267335,2.6797638,1.3734007,1.8432517,2.7299180,2.1799528,2.8367893
-0.3203793,-0.6237709,-0.2302402,-1.3982053,-0.2750600,-0.1249540,-0.2491615,-0.3923338
-0.3351597,-1.0636332,-0.2766837,-0.1724989,-0.2562487,0.2701066,1.3040105,-0.3345563
0.3701178,-0.1668776,0.6309201,0.8585138,0.4410874,1.5279101,1.5619506,1.1013822
1.0491652,0.1991561,1.1353255,0.4685152,1.9377693,1.4363389,0.7870557,1.6366752
0.8678923,-0.3928801,0.5542828,-0.7050415,2.2596811,-0.1632684,-0.1021646,0.5403514
-0.0231208,-0.5204941,-0.6059306,-1.9232071,-0.3254010,-2.4934350,-2.4721214,0.0175907
1.9070348,1.5688121,0.1728744,0.5102100,-1.1974142,-1.0794854,-0.8910734,2.0991861
2.8596477,1.7503219,0.4133252,2.2060837,0.3116193,0.0033176,1.6478845,0.2243522
0.0416047,-0.8153337,-1.4080570,-0.0272298,1.2831785,-3.0328442,-0.3796600,-4.3162094
-1.2297108,-1.3866620,-2.1734962,-0.7317509,2.3731731,-3.9322402,-1.6887939,-4.2026208
1.2336501,0.0319529,-0.1444887,1.1383484,3.9896543,-1.0841272,-0.9164732,-1.1244264
3.7087870,2.3870124,2.7430214,3.3310779,5.0567373,1.9242188,0.9262522,1.8290416
1.9290180,2.3294583,1.3155294,2.5798506,3.7252659,0.6967809,1.8265313,1.2562626
-0.6362975,-0.2112141,-1.9034423,-0.3794085,0.5931298,-2.2590599,-0.2903083,-1.3211912
-1.5502836,-1.5295799,-2.5308104,-2.0344061,-2.1748313,-2.1516175,-1.6437766,-1.3546688
-2.7224435,-1.3092931,-1.6875363,-1.4414278,-2.0429660,-1.8595565,-1.5123190,-0.7736013
-2.5233118,0.1296687,-0.3824975,0.6169679,-0.1940665,-1.2763733,-1.4964750,-0.7619217
-1.1877796,0.2026874,-0.0432875,1.0176490,-1.4317532,1.1021973,-0.8008659,0.1908188
-1.1849364,-1.1714639,-0.4978601,-0.4413636,-2.9801903,1.7284061,-0.5122839,0.7662912
-0.5797145,0.0938007,0.5460053,-0.2231879,-2.0264083,2.2611512,1.0267273,1.5996229
2.3561654,2.8773712,3.2508936,2.0481811,-0.2222547,5.0845274,4.1556869,3.7211005
2.6681885,2.5739419,3.9563732,2.0747925,1.7774048,4.9212425,3.4370898,3.9398659
0.2094672,0.0691053,1.4708516,0.2281257,1.5583459,2.0235080,0.9519904,1.9001579
0.7206829,0.0559265,0.5815554,0.6068560,0.2972194,1.6344602,1.3413897,2.1336349
0.8702000,0.7672110,1.2311802,0.6771504,0.3927224,1.9961970,1.1267934,2.8006819
0.4729313,0.4635426,1.6988298,0.4150960,0.5848054,2.3186350,1.1861847,0.9350060
2.2644511,1.0062768,2.2512733,1.2557472,-1.1317901,2.6758934,3.0877722,0.0194202
0.7927807,0.0580474,0.3095604,-0.6364443,-3.2186811,0.2621768,1.3254768,-1.0734412
-3.4745287,-2.5554809,-2.8806333,-4.2733276,-3.2721177,-3.6943415,-3.8752576,-3.8657474
-4.8142981,-2.5256481,-3.0747305,-3.9378573,-1.9602678,-4.4317334,-4.9006998,-4.0645985
-2.9943704,-0.2734060,-0.8922984,-0.2573003,-0.8307538,-1.4001148,-1.0234163,-2.2986705
-1.5674815,-0.1802426,-0.5677241,0.7634734,-1.4661775,-0.3011655,-0.3304798,-1.9244863
-2.4027825,-2.5643982,-2.7738673,-1.4068212,-1.6766421,-3.0363999,-3.1428515,-2.6285604
-3.7578574,-3.7738537,-4.1954184,-2.7826557,-0.9329649,-4.6836509,-3.5663152,-3.3792843
-2.3699321,-1.5097067,-2.1428843,-1.1460041,-0.1512224,-1.8232587,-1.1441623,-1.5209147
1.0962098,1.5623089,1.0826256,1.5599564,1.6048550,1.5454311,1.6281023,1.4328987
2.9672598,3.0262804,1.9076673,2.7747393,2.0343805,2.4730337,3.3260683,2.3716489
0.4711775,0.9946793,-0.3780281,1.1674689,-0.7257598,0.8310576,1.6907946,0.6963003
-1.8625839,-1.5970086,-1.4963237,-0.3729265,-1.2666495,-0.9205005,-1.0606047,-0.2356289
-0.5662823,-0.9300689,-0.2311999,-0.0621136,0.5564760,0.1175625,-1.3269245,0.3382585
1.0853342,0.2196980,0.6702434,0.2147987,0.1494720,1.0355846,-0.4649666,0.5804859
0.4783235,-0.1584933,0.4129415,-0.7767158,-0.5969309,-0.0945361,-0.3497587,0.9898561
-0.8295706,-0.3368265,-0.3789735,-2.2240836,-0.7583570,-0.5751374,-0.3460343,0.8432493
0.7444700,0.7122994,0.4435537,-0.5757573,-1.1839018,1.0080417,0.3757283,0.3646339
4.4633552,2.7319390,3.7241399,3.7768565,1.2024147,3.3166853,2.1627434,1.9222046
3.4496303,2.0982669,3.4965776,3.3283329,3.5734348,1.7569560,1.2816519,1.2385514
0.5853236,0.0463206,0.8274014,-0.1817734,2.2227122,-0.9155242,-0.8135756,-1.0802352
-1.0314170,-1.6153983,-0.7032310,-2.2997721,-0.8849964,-2.1457892,-1.3823351,-1.7049212
-2.0901729,-1.9055696,-0.8940976,-2.4043293,-1.0310794,-2.8968806,-1.6542517,-1.1051070
0.4811266,0.4408591,0.7933698,-0.0451635,0.3661189,-1.2320610,-0.1722944,0.5949639
4.2372471,2.8157873,2.7001028,2.4418901,0.8003833,1.6017101,2.5656417,2.8669760
2.7274372,1.6631889,1.3140839,1.5578489,0.3264201,1.0117653,1.3698014,1.3621841
-1.2364208,-1.3080960,-2.0573990,-1.3612305,-2.0488141,-1.9815070,-1.8510871,-2.5850390
-1.2048171,-1.1603304,-2.3817549,-1.3335492,-1.0871716,-2.2126514,-1.8011068,-3.0276355
2.0343274,1.8056847,0.7160769,1.6725730,3.2477404,0.6988455,0.5881035,-0.0142298
2.2583787,1.6398891,1.4264476,1.8005791,3.0656990,1.3873882,1.1479220,0.6726189
0.9329163,-0.1692473,0.6995912,0.6759998,1.5532713,0.8044139,1.2290077,0.5255638
-0.7322044,-1.5491249,-0.5515895,-0.1368233,-2.1083718,0.9387077,0.7905305,0.7074380
-2.3957382,-2.0635913,-2.1981347,-0.9013944,-3.3493693,0.4954467,-0.5282849,-0.2320437
-1.2557967,-0.7674626,-1.4209021,-0.3142060,2.9840974,-0.1754437,0.3225323,0.0555966
-0.0393283,-0.3573068,-0.3821336,-0.5052044,3.7256502,-0.0556639,1.2173962,1.0446123
-1.1713624,-1.8772429,-1.2926615,-1.5626455,-1.0746955,-0.0472088,-1.0263055,0.4342635
-1.4726766,-1.3310412,-1.0657756,-0.7366055,-1.1548209,-0.1045858,-1.8492280,0.0566096
-0.7444756,0.8322596,0.3524479,0.7918555,0.5319003,0.4664552,0.1379134,0.1230867
0.1679670,1.0473920,1.0081734,1.0282794,0.3534930,1.1480848,1.2524055,0.6072695
1.0205836,0.8817132,0.8241527,0.5048150,-0.7105082,0.7503250,1.1401308,0.8532437
-0.4428655,-0.0280027,-0.8999038,-0.5629338,-1.8954141,-1.0336734,-0.0203315,-0.2919764
-2.0432318,-2.0923743,-2.3928660,-2.4407916,-2.6342803,-1.7817509,-1.4441476,-0.7671547
-1.1833617,-1.7084412,-1.7044691,-3.1641004,-2.6670387,-1.2883172,-1.7711916,-1.3491445
1.2995559,1.8960047,1.0018120,0.3825808,0.7904234,0.0657687,-0.0170158,-0.2000282
1.9973673,3.9658464,2.9420568,3.3389792,4.8282462,1.9488438,1.9388545,3.1066399
0.4832068,1.8188673,2.2017332,1.3602188,2.3065130,1.6960910,1.5160969,2.2766139
1.5046224,0.8274228,2.2173395,0.9158022,-0.6922161,0.5412677,1.3363299,-0.0739641
2.0347592,1.6553473,1.9387372,1.7860009,-0.4447969,-0.3411865,0.8720415,-1.0410202
0.7054602,1.7650951,0.7477741,0.5829000,-1.1029639,-0.5613030,-0.2590504,-2.2641919
2.2135227,3.5768537,2.7328549,1.2986334,0.6758956,2.0936063,1.6681786,1.0236827
0.7806186,1.7358547,1.3454190,0.4677775,1.3399715,1.4479931,0.9468863,2.2613319
-2.9485908,-3.2881713,-3.4764493,-2.8936552,-2.2694495,-2.4768773,-2.9978627,-1.4800116
-3.1697121,-4.0723517,-4.2473563,-3.7747109,-3.6598396,-2.8226183,-3.6688010,-2.4554924
-1.7223288,-1.7732706,-1.9477674,-2.1407471,-1.3411051,-1.3063806,-0.9786123,-1.5864471
-3.1806064,-2.0532524,-2.2661837,-2.3149688,-1.3687715,-1.8461884,-0.0782695,-2.5453244
-4.3820790,-3.1924178,-3.5626954,-3.1318305,-1.5499166,-2.3219949,-1.7790514,-2.3173117
-2.3276144,-2.7764124,-2.9582888,-2.9697903,-0.3627900,-1.6953361,-2.4482071,-0.9983028
-1.5971868,-3.0669828,-2.7370048,-2.9487070,-2.0954879,-1.0086085,-1.2564838,-0.5387249
-1.6804950,-2.8390409,-1.9926819,-1.8669226,-2.5764321,-0.1976166,-0.2489591,-0.6088732
2.3003473,1.3702364,1.9841841,1.3268415,2.1113619,2.5137891,1.7673833,1.1217116
3.6718023,2.2277181,2.3132998,4.8179843,4.9170235,2.8852186,2.3882660,1.1499132
2.3815142,-0.0148146,0.8074219,8.1244298,3.6079861,0.9640810,1.3396067,1.4337737
3.3461462,1.9185119,2.5341172,6.4981075,1.2400588,0.8113752,0.5499623,2.6653070
3.8690538,3.9130494,3.4097664,2.5540146,1.9565443,0.4424322,-0.2423779,0.5395670
2.9922167,2.7138751,2.5356656,2.2330918,3.1201977,0.4772757,0.7181086,-0.0321082
1.6819454,2.1191864,2.1227787,1.1517040,1.0039185,1.4555743,2.6641079,2.8208453
-2.5015662,-0.4691858,-0.9954518,-2.4036465,-1.9263982,-1.7786322,-0.5209855,0.4548868
-4.1517650,-2.5122467,-2.5948127,-2.5888512,-2.4238341,-2.0911063,-2.9655090,-1.7150400
-0.7260173,-0.1277683,0.4177610,0.3832558,0.5187555,2.4008467,0.5137167,1.3959562
0.4382269,1.1220327,1.2283082,1.7950690,1.6229348,1.5214393,1.8009423,1.7319223
-1.4763233,0.0325688,-0.6373358,0.6484130,-2.0592269,-0.9755476,-0.5672961,-0.9864783
-1.0155963,0.1691924,-0.3695129,-0.5483633,-2.7017119,0.2167819,-0.8433737,0.0458400
-2.2905582,-2.4476526,-2.2421908,-3.9298467,-1.4453857,-1.8910986,-2.0992160,-1.3291527
-2.2585438,-2.8090150,-1.9310216,-4.1784509,-0.2573470,-2.2321081,-2.2319939,-3.4278488
3.1450066,1.9708097,3.6239087,1.2100920,1.5675886,3.0867553,2.1593330,0.0043667
5.0016109,3.0224940,4.5338031,2.5661648,0.1582989,4.3089142,4.0312124,1.7553343
3.3648890,1.7069367,1.7258123,0.1527743,-0.5256255,1.6236050,2.0276448,0.8666801
4.6273233,3.2053669,2.2882887,0.7099615,3.9220463,2.0538897,2.1325600,3.1194049
2.3950398,1.8848607,0.7658794,0.3638534,3.9754952,1.0916632,0.6588016,1.7887600
-2.9107685,-2.2567005,-2.9980292,-1.6756495,-1.2085986,-2.3346408,-2.3545147,-3.2094076
-3.0840649,-1.8685134,-1.9253280,0.1129839,-1.1812671,-0.9624032,-0.9704921,-2.5979174
-0.1335249,1.9603722,2.2007664,3.2456662,2.5288901,2.9568644,1.7387250,1.2960027
0.9609548,2.5862008,2.8605910,2.2173995,2.0764578,1.9048935,1.7349305,1.3737248
1.0151962,1.2930700,1.2257003,0.0351683,-0.0915436,-0.2051516,1.7397240,1.1016791
0.4299217,0.6072854,0.5259556,-0.2820683,-0.5221356,0.4997396,2.2089920,2.2846455
-1.9626914,-1.6112106,-1.7542741,-1.2405932,-2.5488884,-0.8256692,-0.4738068,-0.5515832
-4.3137740,-3.4459155,-4.5035637,-2.9501693,-3.3323069,-3.5240074,-3.5419709,-4.0416219
-4.8073204,-3.3345476,-4.4645432,-3.1105581,-2.3274242,-4.0661414,-3.8657142,-3.4555258
-3.5099090,-3.0525745,-3.2522174,-2.6633745,-3.6092449,-3.2919683,-3.6702124,-2.1420660
-0.8382396,-1.7551692,-1.1161203,-2.2298398,-2.1777586,-1.4548513,-1.9848809,-1.1091330
1.4036142,0.5049660,1.8373774,-0.0786742,1.1529742,0.7740689,0.9531572,1.4401751
-0.3129913,-0.2364198,0.5038117,-0.4340751,-0.5166729,-0.9037648,0.1604232,0.7556348
-1.3889866,-0.9632058,-0.6051333,-1.3808583,-1.4421871,-2.4643569,-0.9061364,-1.2339135
-0.1425289,0.1610709,1.1660303,0.8773866,0.3838097,-0.1667833,0.0141442,0.0861249
-0.6228547,-0.6485443,0.4237548,0.9982736,-0.1775499,0.7152979,0.0058901,0.6559729
-1.5593859,-3.1220018,-2.0286226,-2.1830790,-1.8269474,-1.1836891,-0.9221330,-1.3263617
0.9486897,-1.6767539,-1.2396380,-1.9210120,-0.1526441,-0.8804251,-0.3493043,0.6829526
0.3605341,-1.0274505,-1.9083302,-1.0843290,-0.7127413,-1.3168557,-1.2115541,0.0694964
-1.0375675,-0.7067806,-1.7228499,-0.0354182,-0.7435670,-0.7735866,-1.4301375,-1.5621811
0.7666111,0.7058824,0.2267022,0.4074023,1.7492118,0.9983725,-0.5531260,0.3105126
2.9575822,0.0372487,0.4551467,-0.5547035,1.1382685,0.8074798,0.3351993,1.2358304
3.6771427,0.3583419,-0.0803273,0.3969244,-0.2639234,0.0045053,1.4464320,0.9665096
3.1226961,2.4338850,0.1757281,1.4594450,1.9184356,-0.6959831,1.4227098,2.8567903
0.1818686,0.2233477,-1.3359831,0.0276810,2.7615647,-2.4857654,-1.0324907,1.9297883
-0.5919317,-0.7980893,-1.0655747,0.7991293,3.0039342,-1.0588591,-0.7768280,-0.1546118
-0.1567282,0.3750969,0.1844251,0.3571032,2.6272023,0.5493115,0.6308023,-1.2248136
1.0284260,1.6246412,1.4909791,-0.3132956,0.4611905,0.9657024,0.8848007,-0.4198352
0.5713977,0.3379891,-0.0947996,-0.9201871,-2.5443975,-0.1388400,-0.9529175,-1.4652711
0.1251073,-0.7672836,-1.4069565,-0.5806979,-2.1573247,-0.5164713,-1.6508733,-1.5824724
3.6748971,3.0522604,2.9687758,4.8781612,2.3324465,3.6698325,2.1511148,2.7739761
5.5633329,4.9400143,6.4202946,7.3271493,4.8441501,6.3704058,5.0788637,5.6685743
1.2707776,1.3536398,3.4235389,2.3913929,1.8508953,3.1632917,2.9363246,2.7948145
-1.6044574,0.3032259,0.9982588,-0.0664267,-0.4512835,1.4983519,1.2110233,-0.5220912
-0.3409838,1.4608116,1.6883366,-0.2659665,0.9205671,2.5848209,1.3506361,-1.1785065
1.4621235,3.0413463,3.3188581,1.6101223,3.2452079,3.2333990,2.4253976,1.0626799
0.2044656,3.3320216,2.7402935,4.2355655,0.8950098,2.2114463,2.3584978,1.3712101
-2.6557173,0.5670188,-0.0119718,1.0923436,-3.6221486,-0.0368468,-0.4706779,-1.2570024
-2.9999149,-1.6979395,-1.3618833,-2.3183998,-2.3705150,-1.2213614,-2.5054106,-1.9286273
-0.8669181,-0.9210171,-0.1573898,-0.8027359,0.4656840,0.0654837,-0.8295078,-0.5175164
-1.0377368,-0.1490839,-0.2910653,-0.5445209,-0.8425606,0.4275356,0.7388247,0.2286380
-2.4969204,-0.7426294,-1.9148225,-2.6308815,-1.3437569,-1.4787447,0.0910537,-0.4942600
-0.7726680,0.0956795,-0.8775651,-1.5911525,0.4400346,-1.9680734,-1.0261128,-1.9487720
0.2780707,1.2734491,0.3262496,0.8363583,-0.3941033,-1.2559506,-1.8802146,-2.1057017
-0.1545080,1.5839716,0.5114867,1.0522119,-2.0634175,-0.3099705,-0.6790920,-0.4814111
-0.7414614,-0.1800434,-0.2341700,-0.0039979,-1.4008658,-0.8606654,-0.6068560,-0.3601685
-1.4697170,-3.1138056,-1.6148632,-1.5823117,-0.2059692,-2.3159510,-1.2770684,-0.3301808
-1.6828719,-3.5992557,-2.2170017,-3.5665601,-1.6054999,-1.9961267,-0.2428354,-0.3212186
-2.0452682,-2.8285799,-2.7106981,-4.0371713,-3.9771228,-1.5480297,-1.0181476,-1.0686200
-1.4783196,-2.8883447,-2.0994392,-2.0723196,-3.6956451,-1.3111488,-1.8474818,-0.7934759
0.4385921,-1.7364439,0.0073892,1.0533414,-0.9808042,0.0171031,-0.6298191,-0.1944655
0.2987733,0.3149679,0.4553502,1.3656568,1.3744415,-0.0039135,-1.0202296,-0.1170753
0.2204602,1.3762348,0.6970649,0.2101065,2.4463890,0.2910163,-0.1821310,0.9443014
0.2695817,-1.1426857,-0.5091803,-0.6530113,0.1205156,0.2803007,0.8215054,-0.1741005
-1.5099000,-3.9030454,-3.5359164,-2.3897396,-3.5928919,-1.7001845,-1.4311254,-2.3949880
-1.4172461,-2.4772967,-3.2580484,-2.2177051,-3.7673880,-1.0865822,-1.7967228,-1.6611239
2.9352660,1.9068716,1.8471588,2.4229789,1.5420693,2.0680709,1.8654894,1.6479516
3.7239980,2.9373093,3.1955613,3.5890263,4.7933599,1.1559393,2.7150140,2.1565525
-0.4372057,-0.5276928,-1.1581910,-0.8386098,1.2122830,-1.4384125,0.2003220,-0.7777350
-2.2247296,-2.1541597,-2.9934723,-2.0236399,-0.4226678,-1.3254932,-1.6239219,-1.7483400
-2.1895818,-1.5910963,-1.8250016,-0.5542383,-0.1655407,-0.7735074,-2.0245826,0.0061847
-4.6732850,-3.5982813,-3.9815966,-2.7039702,-3.1732917,-3.1787788,-3.3821797,-2.2715741
-0.8413251,0.4254089,-1.4850488,-0.3191291,1.3504701,-1.1345372,-0.8349799,-0.2030813
3.9723189,5.7560681,2.7210039,3.2935934,3.8872597,3.2333968,2.5627241,3.9130222
0.6872171,2.3216522,0.6259805,0.9888810,-1.2337350,1.5091153,0.9128035,0.9243907
-0.8552599,-0.2679478,-0.0893784,0.1506422,1.9438259,-1.1236634,-0.0076850,-0.8075876
3.0438149,2.5968094,2.9165061,3.0805985,7.6118278,0.5030355,2.7904225,2.4423028
0.8975622,0.5283550,1.1378929,1.9487261,3.2878120,0.5973442,1.8656210,1.3419271
-1.4283511,-0.3356222,0.6841305,0.4821108,-1.0463923,0.7097846,-0.2588868,0.6243212
0.3372724,1.7155847,2.1163147,1.3798195,-1.5859255,0.6640651,-0.2822614,0.9626529
2.1299171,1.1256484,2.1811081,2.5720578,0.2976247,-0.0243215,1.0976823,0.8092412
2.5845605,0.7052045,1.7456375,1.0979630,1.1022879,0.0541171,0.4235314,0.4883275
3.7508846,2.5715661,3.2930718,-0.3596091,0.9159358,2.2846516,0.6394625,2.0152570
-0.5797762,-1.9425492,-0.4966696,-3.7789828,-2.1572344,-0.3783733,-1.1899216,-2.0870716
-2.0484124,-3.1918066,-2.0700106,-3.2858206,-2.6454712,-1.6229533,-1.0372447,-2.4431426
2.6969494,2.5216922,3.0708086,1.7254108,0.7578187,3.1772142,3.5218217,3.0326780
3.9278317,3.5769686,4.2414928,2.3190531,0.0940540,4.4047860,4.3461815,2.7258213
-1.2117786,-2.5868405,-2.2013682,-2.5879889,-4.9838887,-1.0227483,-1.7269609,-3.5181422
-0.8502687,-2.0889205,-1.9653321,-1.4819072,-1.2297681,-1.1681843,-2.5099953,-1.5448446
0.4674257,0.2761866,-0.0645741,-0.2562725,2.0343868,-0.0421022,-0.4157300,0.4535273
0.2432111,-0.3516623,-0.7790490,-1.1450393,-0.8181436,-0.2995674,0.7014347,-0.9194025
2.9784729,2.5559119,2.4446102,2.7316895,1.5720734,2.8526681,3.6746768,2.3251124
0.8719206,1.3724109,1.8450443,1.6396729,1.4274401,1.9879412,1.8486575,1.0033008
-5.2604350,-5.3906674,-4.2713468,-5.0120051,-4.6936195,-3.9349951,-4.4841180,-5.8831107
-2.1961014,-2.4899033,-1.0981910,-1.4632035,-1.4276757,-2.0118810,-2.6127172,-1.3197725
0.7346321,2.3229492,3.0063376,3.2385844,2.9900182,1.3800420,0.3796878,3.2557824
-1.6600458,0.6262740,-0.2564340,0.7017209,-0.0486905,-0.9924242,-2.3771517,-1.2294546
-0.2446908,-0.2021727,-1.2049874,-0.6740943,-1.9590833,-1.5352217,-2.7202926,-1.7381881
1.9769544,1.0637110,0.9652037,0.4824889,-0.4915372,0.8017245,0.9436124,1.2224649
0.7895185,1.2184595,0.8842918,0.2975291,0.0084224,1.0615995,2.4379069,0.6989279
-1.1617885,-0.9036479,-1.1568471,-1.3046129,-1.4658563,-1.0449177,-0.4084074,-0.8330322
1.3491205,0.4357221,1.5525185,1.4889375,1.7180313,1.2034985,0.3431759,3.4090825
-1.2749752,-0.7996460,-0.3796125,0.2282276,2.6029393,0.2104295,-0.7708527,0.8201390
-3.3494177,-1.4236714,-2.4250914,-1.6450421,2.0583667,-1.5383550,-0.4442714,-1.7239885
-0.2680230,0.4995197,0.0341705,0.2793802,1.1136513,0.6234861,2.8087729,1.4838344
-1.6042473,-1.5248840,-2.0236176,-1.3599710,-3.2544485,-0.3066897,0.4918933,-0.9813277
-5.0342510,-4.0592594,-5.3842748,-3.5796707,-4.4411879,-2.8964683,-3.1670882,-5.1162183
-0.7289063,-0.1456905,-0.9028811,0.1489845,0.4750960,-0.5369001,-1.0342750,0.1799190
0.3494659,-0.0984908,-0.8541030,-0.0147501,1.0516195,-1.6584812,-1.2917283,-0.7401538
1.2623229,0.7135375,-0.3173006,1.1731244,2.6007762,-0.6889768,1.0316930,-1.0861556
2.7708108,2.8043383,1.7510854,3.0226389,2.4256646,2.1699928,2.8409904,3.5974510
0.9831261,0.9028481,-0.0396350,0.5560974,-1.9604244,0.9957384,0.6904780,3.1542282
-2.6806836,-3.1511620,-3.5768420,-2.9093252,-3.4452671,-2.9704926,-2.6211556,-3.1951496
2.0155982,1.4349522,1.3745796,1.0077290,2.7564217,-0.5326232,-0.6691494,0.0010342
3.8487526,4.7191679,3.7886834,2.8066054,3.1365776,2.1999286,1.5650990,2.2324717
-1.4933211,0.4237337,-0.9079970,-0.3134776,-0.9105541,0.6538437,0.3066400,-1.1603613
0.2821161,0.5109228,0.2861280,1.6280449,1.5821634,1.6832737,1.2756777,2.1640072
2.3835773,1.4699523,2.2152187,2.7180508,1.8483414,1.8401144,1.9210463,3.7154215
-2.5340900,-2.8570883,-2.1523670,-2.2350953,-2.7918361,-2.2467353,-2.1168804,-2.5865337
-0.2680361,-0.4555331,0.0193305,-1.1907853,0.0430319,-0.2574468,0.1042613,-0.0202862
0.2456278,0.0594312,0.3191497,-0.5204026,1.0823649,-0.0814914,0.7973779,1.3727022
-4.0505212,-3.8124335,-3.8666716,-3.4651393,-2.9364310,-3.6854255,-3.6871090,-4.2262667
-0.5178625,0.1674394,0.3270818,0.6760278,1.1422890,0.0743107,-0.0985039,-2.0941021
2.1218777,2.9361073,4.1218921,4.3183891,4.5207274,3.0910063,2.6863737,1.7531847
-1.7180443,-1.4118943,-0.1115451,0.0418063,-2.3181684,-0.0156722,-1.5117258,-1.8285767
-1.0705639,-2.0033849,-1.1373494,-1.0556279,-3.2441980,0.1159109,-0.1236673,-2.2697399
1.1727888,0.3692441,1.5680691,1.0793248,1.5200306,1.1931302,2.5683038,1.3215528
-0.9130516,0.0029754,0.9842327,-0.0973873,0.3972264,-0.9564684,-0.4500279,-0.3153504
0.8090067,1.6569261,2.0067113,0.9103167,0.5684164,-0.0111941,-0.8279065,0.1710989
5.0319880,3.9901405,4.0163651,3.5991039,1.3056089,2.5960711,1.3116216,3.9171680
1.8268989,-0.2485008,-0.7299311,0.0370588,-2.7320596,-0.3954294,-1.5728532,-1.3327335
0.1637566,-1.0889146,-1.3034955,-2.2563175,-1.7167845,-0.8098420,-1.6632187,-1.6032833
0.1253304,0.8848618,0.9634676,-1.4497157,-0.7622252,1.4835573,0.6351258,2.5291490
-1.8762539,-0.6087555,-1.0084820,-1.6670703,-2.6810975,0.0873001,-0.6232366,0.0257769
-2.8312235,-2.1555013,-2.7832088,-2.5656772,-2.3989478,-1.9004047,-2.2071365,-2.4684093
0.1740918,0.2418415,0.9462670,-0.1985030,0.2905643,1.3935647,1.4690865,1.5018961
0.6115392,-0.0274940,0.9614762,0.3432067,0.7807443,0.9699043,1.1600992,1.0395964
0.1793825,0.4334769,-0.7063839,0.0096236,1.0786576,-1.2725933,-0.6719782,0.3941078
-0.4201793,0.7581072,-0.9000732,-0.2006742,0.0599551,-0.7588073,0.4612477,0.9131128
2.7054125,1.2093876,1.5533552,2.1751177,2.1565375,1.9716433,3.1118979,2.4224908
1.1670158,-1.0041844,-1.0705889,0.4723132,0.5505928,0.3351337,0.4835246,-1.2597281
-0.0764574,-0.1121269,-1.2891590,-0.9987865,-1.2914673,0.3330488,-0.0275180,0.0689877
-0.2145327,-0.5169889,-0.9263000,-1.8417320,0.2393032,-0.6957315,-0.1199446,1.3418053
0.5858291,-1.1500001,0.0224127,-1.4443826,3.0218294,-1.5039231,-0.1326278,0.2813958
0.7948993,-0.5834417,0.8368796,-0.9943517,1.2778347,-0.2061075,0.0019247,-0.7668478
0.1985046,0.0784132,0.0023972,-0.0868038,-1.6324929,0.7370995,0.1634316,-0.8348677
0.6757664,0.7057386,0.1394715,1.8248202,0.1887360,0.9524292,0.9428549,0.1479933
0.7034432,0.0937968,0.6487354,1.3271223,1.1523194,-0.1270651,0.0910303,-0.1810639
-0.7581190,-0.9768551,-0.3167648,-0.6054287,0.2652207,-1.8190100,-0.7454176,-1.1650481
0.4911963,0.1513301,0.3030374,0.3557376,3.1834264,-0.5665056,0.9101111,0.1136844
3.8040752,2.5211144,3.0162036,2.4603079,4.6133798,1.5461501,2.5941220,1.2548538
-0.1965482,-1.1209970,-0.7658464,-1.0241852,0.6908816,-2.0569114,-0.7458312,-3.4338942
-4.3729225,-4.9090508,-5.0294505,-3.4758582,-1.3787740,-4.3818417,-4.5145579,-4.3552421
-4.7708645,-4.2592365,-4.7892633,-2.1180922,-3.1996058,-3.5036294,-4.6893523,-2.5255400
-1.3000463,0.9454818,-0.3874797,1.4285648,-0.8076783,-0.7454788,0.0610135,1.4996848
-0.4792629,1.9313322,-0.6451426,0.3596190,-0.3873607,-0.9070009,0.1362344,0.7698863
4.1272242,4.8019056,3.6085865,2.3085466,2.5383930,3.4585671,3.1972611,5.0108332
-0.7613993,-0.7945742,-0.4652230,-1.8612699,-1.3554665,-0.0973635,-0.8435312,-0.1586474
1.2165365,0.8763883,1.6108542,0.2382999,-1.8714125,0.3408862,-0.7274576,1.2033313
2.2822277,3.2316680,3.5050316,2.2872317,0.1118986,2.2869259,0.6889709,1.8763383
-0.4893844,1.4974643,1.7290384,1.5171502,0.7570111,1.4861656,0.4228513,0.1971342
-3.3241793,-2.0284121,-1.2720096,-0.7853430,-3.2918881,-1.2606180,-1.2992558,-1.6986603
-0.1457493,-0.6712609,1.1260106,0.5365289,-2.0221636,0.2101103,0.2999472,1.5399789
-2.0077880,-2.6753464,-2.1081278,-2.1715771,-3.1555457,-1.3441196,-2.7097911,-3.5507369
1.7171603,2.6180223,1.8480444,1.3935541,0.9208637,3.3250061,1.4632032,0.8244270
4.1029985,6.1112203,5.5352499,4.9966790,4.2656711,5.7486293,5.5329301,6.2964487
-1.3563259,0.2913663,-0.3456577,0.4248852,-0.7012186,0.5781064,1.1674762,-0.2395581
-5.3775057,-5.2961798,-5.5925475,-4.0174916,-2.8585106,-3.2303712,-3.8807879,-6.4467202
2.7881942,0.8056200,2.3330394,2.6737898,3.9637541,2.4328934,1.6043521,3.2162349
-1.4811960,-1.8809007,-1.7333254,-0.7938464,-2.2327454,-1.2691572,-0.5391735,-0.6194744
-7.7213566,-6.4978642,-8.1578253,-6.4742024,-7.2695190,-5.8054466,-5.0897201,-7.5624307
3.6448656,3.2175005,3.0795595,2.3783811,2.1353041,3.5063479,2.8640135,3.5402695
2.4582499,2.1280139,1.8732250,1.4585487,1.5936180,1.9228208,2.0507876,0.1075382
-3.6198473,-3.2227566,-4.3385034,-3.4136493,-1.3430635,-3.2760599,-2.4793399,-6.1607727
2.5090335,2.4486919,2.3161480,1.3968794,2.0905007,2.1401046,1.5074644,1.9679703
2.2063167,1.5643039,1.7348868,0.1565496,-1.6452136,0.1936200,-0.1055568,1.1065159
-6.2951161,-6.8831720,-7.7546991,-7.3908637,-9.6702018,-8.1502410,-7.1912532,-9.2889497
1.5949323,1.5655405,1.5753514,0.7457014,-0.3713638,0.3918230,1.0894925,1.0587499
4.2303284,4.6263938,5.4791664,5.1953272,7.1139221,4.8061898,5.3137843,6.1765624
-7.4077874,-7.2244690,-7.3111538,-3.7482995,-1.9597075,-4.7024214,-4.0191228,-6.9669641
0.5956768,-0.0320903,0.0753695,1.0452422,0.1633841,0.1251269,0.9343739,1.7043183
6.2182111,6.4338940,5.9887184,4.4488995,4.3363299,4.4433927,4.5612826,8.9647307
-7.3496052,-6.9917805,-8.2078025,-6.5961072,-6.0790161,-5.5363363,-6.9289001,-7.4642536
0.4526126,-2.5603460,-1.1266639,-1.0327107,-1.8370668,-0.1677339,-1.1240107,-1.3032882
10.6892373,7.0149522,10.1877551,7.6529629,7.6369593,7.7876146,8.1269684,10.4530666
-9.8367759,-10.3297981,-9.5872905,-9.2615063,-7.5675457,-8.3609660,-9.0091761,-13.4323168
0.1804741,-0.5641978,0.4436363,-0.6116357,0.5990600,-0.8138185,-2.0317727,-2.9399446
8.8249668,8.2260321,10.0646548,8.2743658,8.0453274,7.2279829,7.0654310,9.9775474
-4.7804739,-4.0394634,-3.1734997,-4.2560979,-3.9471101,-2.6506810,-1.6687891,-2.0872620
-11.3574809,-10.0836991,-10.5505737,-9.3799530,-7.5404076,-7.4028385,-6.8519784,-10.5723072
18.6335220,17.7693814,19.4551893,17.6587980,17.8162428,17.6535472,17.3004071,22.7548793
0.1828825,1.2478084,0.2228340,1.1800624,0.6455718,2.4064836,0.4841501,-0.8813897
-1.6701056,-0.8332689,-2.4599494,-2.0606659,-1.5697290,-1.5837487,-1.6887785,-4.8094759
17.5296004,16.6853268,17.4138806,13.9092345,14.0926854,12.8684195,15.1294304,18.6793234
3.6226519,4.2730032,4.2891435,3.9227912,2.1243543,3.0129593,3.3983032,5.1921598
-0.5620799,0.1106154,-0.0533460,1.2308405,-0.8569507,0.3346759,-0.9368324,1.1374444
4.8609995,4.7817876,5.8614044,5.2327269,4.8646214,4.6405800,4.0589405,7.6636528
17.7242322,17.4956736,20.6665083,16.9933679,16.9153780,15.8903149,15.7972498,23.5479449
-3.2867088,-0.9824925,-0.3380004,-0.3053902,-0.0753836,-0.6754098,-1.5974842,-1.5036290
-40.0384713,-36.0444977,-39.1251043,-33.4492461,-33.2731376,-32.3513248,-33.2652754,-44.2670336
