-4.9212754,-8.9521483,-7.1446238,-9.8353423,-9.4478177,-1.0118693,-6.0649301,-13.1694591
12.7299664,6.1471862,11.4504557,1.8929311,1.8457302,13.0637247,7.4929343,8.2243191
4.4466658,0.7765042,4.1388111,0.5308135,2.3381496,5.6255200,3.1918845,0.9815725
6.1819400,3.8850383,6.9085859,4.4248881,6.6186672,6.5191396,4.9579260,1.9751779
8.0333011,7.1374483,9.2483187,6.4883993,6.6998725,8.5049701,6.7941017,6.2001256
8.0310503,5.7686002,7.4343158,5.2612891,3.8585643,8.0497692,5.9236914,5.3536004
6.6375071,5.6428331,7.1322824,2.5942097,1.4275228,7.4498781,4.9083847,4.3957261
2.5775156,3.0123463,3.5707361,-0.4863304,-0.5583840,5.6525988,2.8310182,1.2821861
4.8601290,0.9417934,2.3792048,1.1187153,0.5524993,4.8484130,1.6361917,1.2730190
1.1738572,-3.3314900,-2.6491824,-2.4814855,-4.1158345,-0.5962857,-4.4232632,-3.0675579
-1.7582341,-2.5644728,-3.5852059,-4.3827345,-6.1231451,-2.2434425,-5.0017497,-3.5034379
-1.7641094,-1.6570951,-2.3223321,-3.2532945,-4.2680011,-2.1957551,-2.9285178,-2.4947488
0.0266089,-1.2598177,-1.3855623,-1.4607578,-2.6167733,-2.5731927,-2.0351184,-0.1613150
1.6519924,0.3339991,-0.7732233,0.0386587,-2.0928823,-1.8481669,-0.3058980,1.2440669
1.8565941,1.4391837,0.7154473,0.4915496,-0.4877361,-0.9448438,1.1330524,2.4011611
-0.1338219,-0.1802613,0.2739635,-0.1792785,1.8114670,-1.7060610,0.6851710,2.8770587
-1.9204856,-1.2029083,-1.5778065,-0.7142025,1.6688183,-2.2890909,-0.6512500,-0.4839130
0.9505347,2.2963021,2.2277647,1.8054754,2.6313440,0.0493650,0.7907343,1.4063584
0.5370464,1.4610061,2.9801628,1.6242773,1.7467162,-0.0948069,1.2075925,3.1029163
0.7371546,0.6311753,1.9244810,1.2364436,-0.3754188,-0.6825189,0.5776028,3.0081997
0.4588323,-0.1192993,-0.6771969,0.0991594,-2.1625216,-2.6955504,-1.4149891,0.7357283
1.9727357,1.5117042,0.5786962,1.3510477,0.2947762,-1.3296652,1.1774845,3.5241918
1.7849088,1.3553223,1.8414065,1.2793116,0.2409261,0.4928455,2.3506049,3.7583408
-0.9816237,-0.1720564,0.1226171,-0.6460579,-1.4844185,-0.7204519,-0.0562805,0.9212193
-0.9602272,-0.0572435,-0.6213233,-0.0333814,0.2216901,-0.6821146,0.3850364,0.5312057
2.5036004,1.3707342,2.0676917,1.8462187,1.8912141,1.3493121,4.5092912,2.9572674
-1.0127494,-1.1365423,-0.9684219,-1.8819808,-2.0998248,-1.0490341,2.5588149,-1.6819567
-0.6834117,0.4656759,-0.3538620,-0.2303196,0.5182744,0.4564561,2.4155379,-0.5204080
-1.6243483,-1.5395334,-2.2946331,-1.2980417,-0.0206419,0.0150890,1.2218506,-2.0911826
-1.6353415,-2.3493690,-2.7369376,-3.9956415,-3.4914322,-1.2787887,-0.2018792,-3.6011895
-1.0239814,-2.5572462,-2.1398627,-3.8844928,-2.6709250,-1.1830508,-1.1528625,-3.9613624
1.7039199,-1.0131700,0.2743573,-1.3958147,0.6663611,2.9677673,1.6592056,0.0003647
3.8445896,0.3178474,1.7152627,-1.2259505,0.2697917,6.0345738,3.8376598,3.1334548
3.2373818,-0.5424591,0.1540346,-3.5622032,-1.6276361,3.7312595,2.3385477,0.7222047
1.7755439,-0.7135716,-0.9911494,-4.6265742,-2.5503899,1.6192713,1.2711598,-1.5709543
2.1567286,-0.0510996,-0.0741598,-2.0396905,-1.5728782,2.4586411,3.0795290,0.0166153
3.2632775,0.0917274,-0.2679738,-0.1902244,-0.6273618,2.4801162,3.8070337,-0.6123283
5.3612105,1.6546959,0.9523592,0.9481199,1.2077283,3.2048279,3.6239954,-0.6876889
2.4006651,-1.5669417,-1.6898785,-0.7669936,-0.5155302,0.1258467,0.8126212,-3.6540630
-1.4860838,-3.9271606,-4.5280333,-1.8053688,-3.8236728,-2.3300917,-1.6356762,-5.8185760
-0.3239802,-0.6458870,-2.8720914,1.7812529,-0.8769642,-0.1868315,-2.1957606,-4.0245479
2.3075670,3.0697789,-1.6125314,5.4753736,2.9082567,-0.4867835,-2.0668572,-4.7016642
1.9753348,3.9941845,-2.1522787,6.3518035,2.9164099,-2.1754510,-1.4529397,-3.3347192
-4.6990587,-1.7500046,-6.6823319,2.9450804,2.4124612,-5.8721558,-6.6727433,-1.2239326
-11.1115237,-7.4413843,-8.9862404,0.6955291,2.2357862,-11.9266346,-12.7190980,-1.9896045
-11.0922140,-6.2695133,-3.6294675,4.8070948,3.2158408,-13.0053490,-12.0309143,-1.8627012
-7.7736677,-0.7768163,3.5510940,9.4870745,7.7894482,-9.6780673,-8.2957329,1.0591279
-9.2079484,0.0220260,2.7835743,4.9467673,7.7599052,-9.8549477,-10.8532715,2.0252628
-9.5212482,-1.1443830,0.2628172,-0.5276328,3.4645039,-5.4612755,-19.4310288,1.4941799
-3.9563377,1.5067855,2.2299828,0.2053493,2.2526397,3.9532432,-22.0761154,0.4593447
-1.3031115,2.2689247,2.4868140,0.1242546,2.4765736,5.4621576,-18.2007594,0.5500591
-1.9410377,1.1956727,2.8914549,-1.1330376,5.2034988,2.4971731,-16.8066799,0.0352160
2.5889948,6.9302262,9.2424035,1.1779398,10.6488115,3.5621903,-13.0675994,2.6559998
3.0443598,4.4931859,6.3457422,0.3529267,8.8441760,2.7180858,-9.7996967,1.5732496
1.1368279,-5.1546578,-0.6459797,-1.2167938,3.3692451,2.4257353,-3.3578100,-2.9615115
2.6206856,-0.2405748,2.6178050,0.1559039,-3.5909071,4.9213156,9.5018364,-2.0977317
2.3361483,7.9145430,6.5418789,1.2235466,-9.2950916,5.2055576,13.4565271,0.0664733
-0.6802052,0.9090563,2.0080095,-1.3402069,-9.2352216,3.9589521,8.2602054,-0.3060512
-1.4487204,-5.7602670,-0.8339389,-3.2849614,-7.3187030,5.8431071,9.6737098,2.0536610
-2.0902286,-3.3841811,0.6426449,-2.0694496,-5.4687911,1.8693787,11.7011260,1.0613690
-3.6773648,-1.2189536,-0.4445161,-1.6450276,-3.2757707,-10.3340707,8.3580774,-4.2367613
-4.0807948,-4.8451503,-4.4698053,-3.3886497,-3.7839739,-16.5095588,7.4251287,-5.8863209
-2.4419614,-4.8052845,-4.1514937,-3.8883097,-2.2046852,-11.2558443,12.4883672,-0.4699966
2.9386513,1.3957449,2.0220191,-0.5415194,4.0334719,-2.3100320,23.3936802,7.4973905
6.0804619,1.1683990,3.9477335,1.6974348,1.7791134,-0.8843905,29.4610075,9.7680080
0.5948653,-4.1088154,-2.0691053,-1.2549459,-8.0817937,-6.1554439,22.3304514,4.3685672
-2.3485991,-4.5280898,-4.0949494,-1.7536821,-6.6801756,-4.5799809,15.4673970,2.0146475
0.1609051,1.1647475,-0.2282061,-0.1186016,-0.1678046,0.9638343,13.0003619,3.7231302
1.5875953,7.2203292,0.7573443,0.3656001,0.1520379,3.4271112,8.2592837,1.3837664
1.5187631,4.6675075,-2.7185244,0.8326081,-1.5140027,7.0005679,2.8217372,-2.2679437
1.0198389,0.8946183,-4.9559469,0.1605564,-3.3913774,10.1677170,-1.3550249,-3.3096880
2.9836611,4.3336196,-3.2385072,0.6117910,-1.8293315,10.3797164,-3.5950082,-3.0275220
7.2953756,6.2289602,0.1004081,2.6785574,3.4493618,12.3206377,-1.1849302,-0.0983713
4.4687966,0.2779988,-1.6028489,0.6757671,2.8777793,10.4201550,-2.8195162,-1.9722906
-1.3267311,-2.7076408,-5.1912220,-0.9638531,0.7561050,3.7232973,-9.2266042,-6.6443230
-1.9296267,0.1819336,-6.5771815,0.0508190,1.9939998,0.9297221,-10.2822356,-6.8626552
0.5731848,1.8668975,-4.9228154,-1.2475259,3.1740412,2.7549254,-7.4406220,-3.5837073
4.2235419,2.1661349,0.9668108,-2.3545137,3.6599005,5.2243564,-3.5988087,2.2299934
5.5784592,1.7524663,4.9974793,-2.5409107,1.0494381,5.0362109,-1.3171746,6.6437085
5.2191614,1.5571681,4.5369352,-3.6752605,-2.4521780,5.1751772,-2.7843063,7.2672331
9.2098846,5.1199939,5.7014654,0.0185960,-2.8905754,10.0361652,-1.2352782,9.1418298
9.4095329,6.0986447,5.8524205,2.0659714,-3.7682985,9.5022140,0.9301750,8.8993149
5.0466778,3.5764075,5.4039600,0.0064844,-0.6118119,2.7619372,2.3994280,7.6180958
2.9514181,-0.6531581,4.1662602,-1.2108696,1.2667738,-3.4869814,2.9561292,5.4540965
1.8995886,-3.3925044,1.4879060,-1.6371338,-4.5759683,-8.0589816,-0.0674068,1.5905693
-0.5725773,-0.8259942,-0.0490468,-0.0611447,-6.8899714,-8.0037541,-1.7175445,0.7959932
-3.1958013,-0.4694468,-1.1826520,-0.4977393,-2.1381860,-6.8946837,-1.3379563,1.0437204
-2.6322571,-2.7509015,-0.7002147,-1.3764200,2.4087453,-8.1614103,-1.6513478,-0.6427456
-0.8980159,-1.0893690,1.2848663,1.4515767,3.5896805,-6.1249915,-0.9900444,-0.5733889
-3.0397618,-0.6031237,-0.1762329,1.3856131,1.7630457,-2.5558724,-2.3781982,-1.5671775
-5.0888009,-2.8811370,-2.9636120,0.2246029,0.6441612,-1.9820193,-5.4413021,-4.3536614
-3.3125616,-2.3860450,-1.8928439,1.4755905,1.4073326,-1.1081949,-4.1108930,-3.8843606
-0.3997303,0.4153064,1.3666401,2.4184111,2.0089600,2.0151004,-0.3528669,-1.7258689
0.5613299,0.0017428,1.6718613,1.9905743,1.8585360,2.4063264,-1.5404770,-1.1679813
-1.5564863,-2.9363554,-1.0281158,-0.0942299,-0.0642652,-1.2198801,-5.8840746,-4.3911671
-3.0248419,-2.5051316,-1.7643553,-0.4834636,-0.2640732,-2.9637054,-5.9000376,-7.1721396
-3.6593802,-2.2474378,-2.1372908,-0.3750169,1.8874933,-3.5397098,-5.0097072,-5.9142902
-4.7654277,-3.9806629,-3.3048852,-1.5888714,2.1035296,-4.9920325,-6.5409471,-5.5654617
-4.3967662,-3.7250999,-3.3726858,-2.2357370,-0.2238716,-5.6001799,-6.8364571,-6.8568834
-2.5527486,-1.4404965,-1.3645367,-1.3165674,-1.4042903,-3.8772560,-4.1968077,-3.6833841
-2.1071595,-0.4312674,0.2591030,0.0753353,-0.5087000,-1.3608322,-2.1613466,-0.6670204
-0.9349220,1.5824596,1.4980217,1.9476758,1.8193421,0.7376944,-0.3936392,1.5748215
-0.2830946,2.9780368,3.0013351,2.8249608,4.0424231,1.8395688,1.3974388,3.9482812
-1.1538840,0.4387947,2.0144039,1.6842270,1.6926970,1.3021856,-0.0266404,1.9865951
-2.0861352,-2.5824946,-2.3996722,-0.6712363,-2.9757717,-1.3985906,-2.8347066,-2.5229660
-0.4865545,-1.6013322,-1.2311537,-0.5158953,1.0910037,-1.2848028,-0.4907142,-1.5063193
1.7334487,0.2817422,2.5323574,1.4976593,4.9185639,2.0085642,3.0813551,1.3616052
0.6683732,1.1134685,1.0656750,2.0854784,0.0863824,2.5064691,2.3635842,0.4802775
-0.9690271,0.9794308,0.1535453,0.7144200,-2.7516327,1.4553088,1.0230366,-0.8779407
2.0674964,2.0606880,3.1732684,1.2150631,-0.1377414,3.0846640,4.0609269,1.8015781
3.8510012,2.9300655,3.2354040,1.3173798,0.9427535,2.6083408,4.8179584,2.9663615
2.0667760,1.3882662,1.6145075,-0.6683849,-0.0176098,2.1339844,2.8652446,2.6463220
-0.3934744,-0.7126509,0.9311838,-1.0860794,-0.7345916,3.5601170,3.7008114,3.3586783
-2.5825093,-1.1852058,-0.7605297,-0.2242799,-1.7447756,1.3088702,2.9505854,2.4752756
-2.8655757,-1.4510213,-2.7908254,-0.6728071,-3.8397628,-2.1898059,0.3900251,0.7031370
-0.3725195,-0.3735079,-1.0522829,-0.3394713,-3.8552215,-2.3623063,1.8776426,1.4768173
2.5465798,2.3587442,1.8585804,1.9700252,-1.1686417,-1.4798916,3.9250167,2.9452259
2.7278244,2.3528324,0.3258329,2.2045506,0.0570279,-1.7737100,2.1769970,1.7184935
1.3682560,0.4135691,-2.3874410,-0.0292254,-0.2225737,-2.9732076,1.2490898,0.3881778
-0.2039928,-1.2958150,-2.9865938,-1.5913848,0.8278684,-5.0252877,1.3936435,0.8602076
-2.6610363,-2.7810203,-2.9803632,-1.9808191,1.4605312,-5.9102821,-0.9678503,-0.6076674
-2.4180117,-1.7184218,-2.8310991,-0.8391337,-0.0416423,-2.8723718,-3.5040575,-3.2242926
-0.5561853,-0.5353821,-3.0014370,-0.6343216,-1.3264648,0.5727963,-5.4239761,-3.5595488
1.1475289,0.5967724,-0.5109378,-0.4809906,1.1292478,3.8451983,-2.9797970,-0.0166724
2.6822588,1.7201843,2.4900748,0.8427931,4.2380212,6.9122369,1.2218920,3.0875364
1.3131970,0.4177232,1.5545542,0.6255899,3.3860041,5.6784439,-0.2143985,1.0056502
-1.0327856,-0.7301256,-0.2541551,-0.2558568,1.1726901,2.7275732,-1.1441741,-1.1971738
-1.9432770,-1.8506356,-1.5169833,-1.2930646,-0.5223508,1.7044279,-0.4937213,-0.7810447
-0.8133637,-1.2003146,-0.1901006,-1.5168788,-1.2843234,2.3332208,-1.1275492,-1.3419239
0.7356723,1.5299263,2.3888294,-1.0010364,-1.0282979,2.5710689,-0.7518624,-1.9402198
-0.0608918,0.6270931,0.8624394,-1.0897826,-0.5685822,0.8638746,-1.1620054,-1.0489547
1.0272759,0.3823095,1.1903322,1.6919600,2.1211155,1.3788243,1.0596857,1.0474500
4.6952490,4.0117483,5.5325691,5.0284356,4.1040265,3.6766025,3.6174956,3.6333006
2.7867650,2.8875310,3.3264231,1.9816983,0.3399408,0.2874929,-0.8736838,1.2174048
-3.9080619,-3.2129630,-3.6831355,-4.0771834,-4.5627883,-5.7890185,-4.5260418,-3.8417032
-4.9531085,-4.4274680,-4.6801083,-4.7591137,-4.4236477,-5.6925428,-2.2996004,-3.5106260
-0.2427885,-0.6313995,-1.0806885,-0.5521470,-0.8330074,-1.2272406,0.4601759,-0.2023604
0.5395029,-0.0456555,-0.2243632,0.2339764,0.7265529,0.5108343,0.5541111,0.7615581
-0.2052429,-0.1470861,-0.1598599,-0.8280196,0.1676356,-0.1715296,0.5801578,-0.4188043
1.6296153,1.8234952,1.2578099,0.7888138,-0.4967509,-0.6675629,1.6569383,-1.0006951
0.3697104,0.5872441,-0.0474646,-0.1347677,-1.5741533,-1.4738950,1.3640036,-0.8020723
-0.1379764,-0.0846590,-0.8192722,-0.5785531,0.1991740,-1.1277740,2.5695242,-0.7592672
2.2628824,1.0676426,1.3558358,2.1400344,3.4872668,-0.5542280,3.7823431,0.7745415
-0.4022147,-1.1540108,0.0018370,0.5402392,1.4601795,-1.9064618,0.1377989,0.3270443
-2.1009342,-1.4079364,-1.7960616,-0.9510062,-1.4276423,-1.3098438,-1.7984017,-2.1501818
0.2046665,-0.1950264,-0.8283056,-0.7189340,-1.4887619,-0.8569565,-0.5308701,-2.7059606
0.8704991,0.2780441,0.0392357,-1.2979154,-0.7492486,-1.7849697,-0.2721794,-1.5398193
1.8521019,1.2322287,0.3538785,0.5180604,0.5250622,-1.1054158,-0.5186075,-1.2147252
2.1776511,0.5508107,0.3138264,1.0731551,1.0061395,-0.8988479,-0.3732231,-0.4658947
-0.7269749,-0.6682217,-0.8420657,-0.9849858,0.1177707,-1.3499691,0.4280417,0.4391244
-2.2816150,-2.4885049,-2.0523285,-2.5479756,-0.0545110,-1.3652451,0.0759472,-1.2120502
-0.9110000,-2.8921711,-0.7656004,-2.3745638,1.7091088,-0.6055213,-1.1699123,-0.8915856
1.3755386,0.5241888,1.7676002,1.0443505,3.2585589,0.9662921,0.2639116,1.7589750
0.9605170,1.4829922,0.9591837,2.2891271,1.9278201,0.8534168,0.7646318,1.7758323
-0.6903132,1.1557420,-0.2562583,0.9288502,-1.1333751,1.7757490,-0.9411910,3.6658925
-0.5968756,1.5600680,-0.0128699,0.6810760,-3.7885133,3.3400847,-0.8895698,4.6611301
-0.1281404,1.6834597,1.2362800,1.3113116,-1.4366790,3.1138570,0.8569822,3.5723520
0.3057861,2.4757547,2.6288611,2.1183687,2.5401315,2.3520456,0.7894589,2.8380964
0.5801794,1.4969287,1.1548615,1.5507039,0.7460263,0.7621654,-0.1092586,0.2754813
2.1187346,2.7292745,1.3198456,2.2738234,-0.0973036,2.1208997,2.5189775,1.2004437
4.8670157,6.5603756,4.9911474,5.1707705,3.1257312,5.7084076,5.5289172,5.9763238
2.4961926,2.6083603,3.1311767,3.6321716,1.6520028,2.3404135,2.1874242,4.3952135
-0.3089559,-2.1794527,-0.7465039,-0.3799103,-1.0020367,-1.9573163,-0.9558856,-0.0428860
0.4399758,-1.4732518,-0.3966084,-1.5926641,-0.3307280,-0.6656938,0.8467137,-0.2197876
-1.3942064,-2.5204775,-1.2511160,-1.7490806,-1.8281634,-1.3462456,-0.4722067,-0.6554605
-3.4219446,-2.9399091,-2.9535118,-1.9648675,-3.9133715,-2.8283021,-3.0750990,-2.5552089
-3.0750923,-1.9718059,-2.2313135,-1.9880077,-2.4982216,-1.4050305,-1.4506385,-3.4562558
-1.9633820,-2.3993510,-1.4716258,-1.5493347,-1.0251836,-0.9681483,-0.1370282,-3.7236297
0.3217652,-0.6813988,-0.0207033,0.1566910,-0.0819384,-0.4392615,0.6284925,-2.1448750
-0.7689031,-0.9864864,-0.1840535,-1.2266249,-0.6083479,-0.2632996,0.2274616,-2.0215346
-3.0062586,-3.2112171,-2.5723325,-4.0740712,-2.7195031,-1.3160134,-1.9083123,-2.8272407
-1.1885933,-0.9039713,-1.3773830,-2.0445216,-0.9130511,-0.4049765,-1.2269648,-0.7434324
-0.3857207,-0.0136551,0.3066237,0.0505789,1.0325727,0.5111380,-0.0405665,-0.0883494
-0.1623093,-1.3782102,-0.0115141,0.7411429,1.1610614,0.6521121,0.3489351,-0.4033245
1.2158208,0.1000497,0.4632863,1.8771385,2.4126472,0.9055332,1.0653978,0.0745772
-0.9465963,0.4011094,-0.2852351,-0.1353345,0.2565147,-1.2031590,-1.5213597,-1.1730959
-2.3314254,-0.0304124,-1.0153039,-1.8307617,-2.3583888,-2.7584551,-3.5909160,-1.2805055
1.0907268,1.6306992,0.4855888,-0.2460505,-1.4185459,-0.1234964,-0.2280824,1.4428162
2.4404650,1.1993183,0.8827090,0.1729443,-1.2670008,1.6727566,1.6157044,2.7570707
1.5501843,0.1521441,0.7365023,0.2924902,0.0569462,0.6715453,-0.1400765,1.4125120
1.6723168,1.2295217,1.4232869,1.5713127,2.7541820,0.8918989,-0.1362050,-0.7122335
1.9937340,1.2225885,1.8409295,1.5532954,1.9924487,1.8722082,0.6024497,-0.7619146
2.3170368,1.0204112,1.9130479,0.9288654,0.8179829,1.3006223,0.9666651,0.7452415
0.7367771,1.6084346,0.5635690,0.2434750,0.9765480,-0.4515916,1.2625182,-0.0905073
-0.8282727,0.1538548,-1.0864709,-0.5088313,-0.2568986,-1.2242571,0.0449872,-0.9876014
-0.1423501,-0.4630345,-0.5438287,0.2460052,-0.2879054,0.5436326,-0.0841833,1.9272221
-0.3191417,0.3708047,-0.1350307,0.3846947,0.7188851,0.9126858,0.5386172,2.9536950
0.4413896,-0.2428205,-0.2924768,0.2276104,1.3675144,-0.5104869,0.8254751,0.4522718
-1.1428082,-2.4365838,-2.6425682,-1.4309058,0.1502616,-2.2870396,-0.6004408,-2.5975757
-3.2804947,-2.5087973,-3.9975620,-2.7315269,-1.0460936,-2.7074887,-3.1342380,-3.1853682
0.5784525,0.6051816,0.1481653,0.9438053,0.3226102,0.0784080,-1.5407969,0.2381549
2.1673587,1.7592773,2.4309288,2.5446144,0.0004374,1.4401838,1.8939239,2.0515352
0.3627548,0.5520493,0.9215123,0.6287616,0.7559301,1.0445516,2.1668652,0.5117420
0.2946362,-0.3770328,-0.0816705,-0.1387552,2.1941602,0.3371104,-0.0263201,-0.6414367
-2.3348932,-1.7083012,-1.9128287,-1.8238424,-1.1601112,-1.8758552,-1.6940083,-2.2439627
-4.4010563,-1.7598899,-2.1704713,-1.4129439,-2.3930172,-1.6411087,-0.6452153,-2.5855644
-1.9155382,-0.0876758,-0.0134440,0.2742518,-0.5700739,-0.2198122,-0.3455783,-1.1742366
0.2904886,1.0300671,0.9007135,-0.1496418,-0.2308819,-0.6788051,-1.2998696,-0.5803718
0.6158248,0.9388784,0.7186032,0.7311365,0.4323524,-0.3928304,-0.4117131,-0.3774836
-0.8517229,-1.0247196,-0.7099820,-0.9264198,-1.4540680,-0.8911228,-1.1824730,-2.0212160
-2.1580153,-2.6866471,-1.8897098,-3.5447038,-4.3890804,-1.6965402,-2.7881701,-2.9133922
0.5007836,0.0901964,0.5129873,0.6304767,-0.8363630,0.3810947,-0.4627300,0.3446920
2.3155496,2.8758497,2.2780779,3.2674868,3.0039687,1.1326478,1.4791542,1.7630655
2.3388714,3.2501077,2.5512928,2.6335351,3.4983151,1.3917410,2.0694361,2.7002691
1.6629323,2.7711059,2.7139847,2.8999191,3.9069142,3.2042383,3.2558422,4.4406953
-1.0804335,0.4056240,0.8766486,0.1633150,0.5390829,3.2799682,2.7944939,2.2184659
-1.5975154,-2.0083821,-1.7838483,-2.2756573,-3.4264079,0.8056227,0.8152173,-0.8277376
-0.9752337,-3.3654399,-3.3371013,-2.6846012,-3.0821448,-2.6198090,-1.0966822,-0.9856525
-1.8805757,-3.2988440,-2.6669287,-2.8335345,-0.9568275,-2.9618113,-2.1687097,0.0238315
1.3438412,0.7156022,1.3256725,0.8069425,3.1729665,0.5460203,-0.2905306,1.8730872
4.7049130,3.6355207,3.9562749,2.8649979,3.4476148,2.2210705,1.8518696,2.5383909
1.0736928,0.8181741,0.6331080,-0.8803362,-2.7572103,0.5208136,-0.1031234,0.5961755
-0.9647095,-1.1838576,-2.1443928,-2.0035331,-4.1284576,-0.3672154,-0.9280767,0.5719106
1.6239658,0.1587742,-0.1326863,0.5028768,-0.6793513,0.1103979,0.9083436,1.0801886
2.9713436,1.6489733,2.5538524,2.7325497,2.4993686,0.6180015,0.7427007,-0.3290907
2.2106180,1.7930479,2.8390384,3.5694500,4.4526336,1.0522021,0.3374096,-0.1563980
-1.7192153,-0.5817708,-0.3452626,0.3059846,-0.6553741,-0.3267288,-0.8428461,-0.8025530
-3.5518799,-2.5623577,-2.4649950,-2.0126250,-3.8055969,-1.7237681,-1.8737300,-2.2707272
-0.7532902,-1.6043746,-0.5598891,-0.0867802,0.7440874,-0.4540950,0.2373247,-1.4931071
-0.0809093,0.0562518,0.6485488,0.4677723,0.4881955,0.9080627,0.9985427,-0.7751656
-0.1806397,0.3456548,-0.1292389,0.0037808,-1.3338171,0.6347144,0.3755031,-0.2296054
0.1163229,-0.0841271,-0.8153970,-0.1842068,0.3417340,-0.0565931,0.2096579,0.3585623
-0.8162003,0.0039398,-1.2733999,-0.9624847,0.8773122,-0.1156893,-1.1683159,0.4292567
-0.3322081,0.2151002,-1.0147593,-0.1816538,1.8480231,0.6489886,-0.1858789,0.8373778
-1.1223509,-1.0819937,-1.2009817,-0.1611243,0.5512013,-0.0227319,1.6907674,0.2631074
-2.6797318,-2.8728940,-2.1057832,-2.0725957,-3.0621154,-2.0365524,-0.4198912,-1.2195039
0.5522492,-0.8449325,-0.0669975,-0.5248658,-1.5133656,-0.5054552,0.1407816,-0.6446284
3.2844263,3.0511298,2.5506847,2.4332145,2.5023090,2.3429113,3.1921503,1.3877103
2.7987754,4.3836644,2.3009963,1.8490789,3.5586620,1.9268938,1.4655060,3.0890517
2.0154269,2.0560788,0.0438575,-0.8976054,1.0850769,-1.0366515,-1.5613111,1.2890148
-0.9749263,-2.7593152,-3.0550958,-3.8577155,-3.3185814,-3.8209554,-2.5344042,-2.7289612
-3.4791562,-5.0982463,-3.7620706,-4.5281832,-5.4613163,-2.8107653,-1.7381914,-2.8240452
-2.5218351,-2.0920288,-1.3664160,-2.1167497,-4.4685493,-0.7177185,-0.3820764,-1.1491739
-1.8187249,1.4530413,0.5570391,-0.5724968,-1.6679914,-1.0636398,-1.3016197,-0.6941425
-2.6587996,0.0562451,-0.4715998,-1.3644729,0.9064546,-2.0435908,-3.4865120,-1.0796745
-2.2967057,-2.5711487,-1.7549387,-1.9618802,0.2972157,-2.3228478,-3.4566523,-2.8348904
0.8102560,-0.5676962,1.4754760,0.4240475,-0.2763290,0.0959384,0.6017914,-1.3380705
4.1939211,4.3169620,5.7920236,4.5999802,3.4961197,3.6505569,4.3412092,3.5320078
6.2972872,7.6881281,6.6803232,6.2441577,7.4479540,4.5858203,3.9251552,5.2174567
4.3395476,4.8168740,3.6689712,3.3484834,4.6023574,2.5101185,1.4549240,2.1648906
0.8067482,0.4250514,0.8884653,0.7510579,0.7649150,0.4411701,0.5055767,0.0496496
1.9901485,0.9570182,2.1130576,1.7634738,1.5783534,0.8901774,1.7678628,0.2468428
2.2464297,0.8579647,2.0653088,0.9322131,0.1081175,1.3525570,1.7218576,-0.2453162
-1.5803460,-2.2615680,-1.7110435,-2.4396726,-3.2762411,-0.8798239,-2.0203800,-1.5878350
-1.6467926,-1.9921234,-1.6721652,-1.0343267,-0.7150390,-0.7963006,-2.5615650,-0.8661754
1.0579250,1.0078146,1.5163969,2.6579052,3.9062909,2.4957872,2.1186691,2.4252471
0.2443766,-0.1383035,-0.2304925,1.1331118,2.6032919,1.3963928,1.6513729,1.7587063
-1.2585831,-2.5832079,-3.2343272,-1.6959010,-0.3760020,-1.4888550,-1.7906840,-1.8543576
-0.4029985,-2.1557320,-3.1379656,-0.7975831,-0.3137095,-0.8884755,-1.0826039,-1.0722046
-0.3984962,-2.2529083,-3.3687236,-0.0417227,-1.1114601,-0.4887008,-0.7115601,0.3064652
-1.8024063,-2.5640931,-3.0759809,-1.6813570,-2.8291267,-1.2237658,-0.9935971,-0.5115931
-2.8131363,-2.7542114,-2.6600516,-3.3714727,-2.7929923,-1.7152732,-0.7142661,0.0904234
-3.4791851,-3.1790693,-3.5449732,-3.1987657,-2.4062759,-2.4331542,-1.3463812,0.1716808
-4.8493898,-3.2050533,-4.2636442,-3.3202444,-3.4376996,-3.9219847,-2.7110502,-2.9606432
-4.1261338,-3.0812293,-3.2363695,-3.6057178,-3.1306376,-3.4948727,-3.3359552,-4.0285995
0.6258084,0.0037354,0.5090468,0.5580935,0.0651098,0.4351403,-0.6807470,-1.0130202
4.1972997,4.4020361,4.5731751,5.7556090,2.6448200,4.0229113,3.4136402,2.0769022
3.3820472,4.1131222,5.3945446,5.2245357,1.2228710,4.1670688,3.8142368,2.2831569
1.9668308,2.1591841,3.9763606,2.4451060,-1.0330672,2.5257237,1.8095920,1.0961254
1.7661102,2.0290329,2.8716412,1.9386090,0.6478316,2.1338059,1.0269616,1.6761606
0.5271230,1.1163986,1.5896785,1.0874773,2.4525843,2.1179904,0.3956736,1.4949133
-0.6022914,1.7949028,1.4635121,0.5035627,2.0023328,1.5148305,0.8326076,0.2225327
0.5985265,4.2062344,3.0032045,2.2091173,1.3695346,1.5682262,2.5885328,1.3809311
0.7802642,1.9842602,1.3125969,1.2957231,-0.8336423,-0.0166481,1.3654317,1.6481842
-1.7679536,-2.1801140,-2.2624745,-2.2116420,-3.6611642,-2.8599959,-1.6460622,-1.2449379
-2.3528433,-2.3188636,-2.3030813,-2.4049689,-3.6725644,-2.4376073,-2.7853856,-1.7661845
-1.9105559,-2.3221667,-2.1666964,-2.6911787,-2.9784703,-2.2103849,-3.9731080,-1.6622569
-2.7478804,-3.0595596,-3.4475430,-4.0800234,-2.7292805,-4.0920686,-4.2868520,-3.9033891
-0.5717417,-0.6957735,-1.2336495,-0.5126707,0.6412466,-2.2509079,-0.5743860,-2.0052150
2.2502201,1.8043370,1.9511159,2.7918793,2.9970597,1.1126447,2.7261324,1.7044805
1.6671173,2.7260889,1.9190477,1.8598659,2.1220092,1.4252338,1.8403173,1.0943458
-0.7697727,1.5851280,-0.0690767,0.2906438,1.2368794,0.2360693,-0.3670264,-1.0187603
-3.2640953,-1.9603508,-2.7619118,-1.5175188,-1.4824073,-0.8904137,-1.4786863,-2.1504458
-2.0428958,-1.7135332,-2.3758124,-1.3081113,-1.4890138,-0.4639285,-0.4967428,-0.7503188
1.4021047,0.9956890,0.3951627,0.4316351,2.8353967,1.0309061,1.5027659,1.8260974
2.5294691,1.1146387,0.9248317,1.3817631,4.0358223,2.0059338,2.2577193,2.7584237
1.9248918,0.3983095,-0.2668999,1.1359914,1.6450886,1.3845612,0.9015164,1.9066795
1.0993942,-1.0223487,-1.1828897,-0.3387437,0.0597578,-0.3307880,-0.4085937,-0.8077315
0.2724721,-2.0729957,-0.6736027,-1.3253242,0.3231930,-0.8417056,0.4138047,-2.0623306
-0.6650382,-1.5788095,-0.1265617,-2.1625152,-0.8982209,-1.2718483,-0.2386489,-0.6396876
1.0525217,-0.3266995,0.2727649,-1.2829511,-1.8020631,-0.5004385,-0.8442914,-0.2416205
4.6381864,2.1693504,2.2552642,1.8398605,1.6409378,2.6994753,2.2819431,0.5592900
1.4798281,0.8074000,0.5742734,0.7462302,1.1250228,1.2302538,1.0601043,0.3478566
-3.8106806,-3.5068693,-3.1035860,-2.4041725,-3.4354266,-3.0035584,-3.2141671,-1.9861862
-3.0894931,-2.8316014,-1.8987616,-2.2382511,-2.6672458,-3.2981772,-2.7683771,-1.2638941
-1.8386964,-0.5665677,-0.2317859,-2.0622555,-1.0883683,-2.3171699,-1.4200597,1.0519783
0.4474505,0.7142145,0.9204200,-0.5491630,-1.2275008,0.1891053,0.6608842,1.7268061
4.0523707,3.0751272,3.6384791,2.6192588,1.1827845,3.0020582,2.5412317,1.8120683
3.1764663,2.8247973,3.5686101,2.4332981,3.7168306,2.6697220,1.1141341,0.8066543
2.0458441,2.4508096,3.2452154,2.3628292,3.8636723,3.0618658,1.9414829,1.3521469
1.4396491,2.9887296,3.1718572,2.8442386,1.6095443,2.6736508,2.5195980,2.2922492
-0.6347656,0.6290582,0.4034109,1.4785472,-0.1049458,0.5377189,0.5905166,1.7249705
-1.6899247,-1.7484124,-0.4192867,-0.2929211,-1.1825934,-0.1476132,-0.0907835,1.4276810
-2.6629472,-2.2684471,-0.1311616,-2.4387748,-2.4919832,-1.3418419,-1.5140298,-0.6745059
-3.6188534,-2.3426012,-2.6319216,-2.6140510,-0.5772628,-1.9317693,-2.2795606,-2.3792250
-2.0357042,-1.0995195,-2.4501698,-0.5492753,1.6922562,-0.3246412,-1.2308159,-0.9812717
0.6003213,0.4260510,-0.0475342,0.5659252,-0.2163845,0.2434460,-0.5109323,0.1361604
0.5975708,0.0846776,-0.6960157,0.0429777,-2.1754615,-0.6260750,0.8760699,0.4207884
-1.2700194,-1.5180911,-1.8294149,-1.7036501,-2.0056511,-1.5834883,0.6058375,-0.3313539
-1.6336961,-1.9981612,-1.5605232,-1.9256142,-2.2840508,-1.4348191,-1.1342862,-1.1218158
-0.3223483,0.2148343,-0.9496083,0.7909464,-1.1378572,-0.2812132,-0.7908262,-1.1749418
2.4788612,3.6656483,1.3265750,3.8590215,3.6563068,2.1345341,1.1925377,-0.1407473
3.7870437,3.5799652,2.6154911,3.1777689,4.5274234,3.5986295,2.9084838,1.6840559
-0.0884600,-1.4594984,-0.9939613,-1.7511696,-1.2628763,-0.7856235,0.5434249,-0.8928683
-2.2219765,-4.1453406,-3.1949886,-3.3120321,-2.4668270,-3.9615726,-2.6580730,-3.9145680
1.9837117,-0.0742237,0.2893950,0.8515172,1.3564003,-0.2267633,-0.2384039,-0.5384053
3.0325753,3.3727597,2.0131470,2.7671227,1.7580107,1.4264837,1.7636961,1.3978432
-0.8600437,1.6245990,-0.0003712,0.9965392,-0.0448893,-0.1695738,0.3358569,-0.2436945
-1.5790432,-0.1497242,-0.6741510,-0.4663122,-1.0614448,0.3769369,-0.5982659,0.0053939
-0.1686190,0.6332101,0.4470161,-0.8988407,-0.0341698,0.8189390,-0.8175408,-0.0429023
-1.4380555,-1.1610487,-0.5496742,-0.9277963,-0.1069118,-1.3835501,-1.4733585,-1.8615581
-1.8534817,-2.6293086,-1.3781604,-0.4539754,-1.9021466,-2.0035751,-1.5059688,-1.4145053
0.6239486,1.2983048,1.3172063,0.6825690,-1.3014162,1.1646259,0.8884452,1.2518189
0.3523085,1.3143283,1.0590050,0.4454213,-1.3553054,1.6883954,1.3107358,0.0163845
-2.2886625,-2.7859214,-2.1697727,-1.8222385,-1.2824664,-1.5303608,-2.2210956,-2.9326670
-0.5067041,-1.0296219,-0.7317536,-1.3285717,2.6245040,-0.9631869,-2.3522606,-0.4016240
2.1434167,1.2232723,1.5405423,1.2719486,3.1951694,1.7651152,0.5609464,2.2729455
-1.8178963,-2.1460208,-1.7372694,-0.8215307,-2.7529548,-0.7199933,-1.1585269,-0.6690352
-5.5543356,-4.6361320,-4.8805595,-4.0101206,-5.8884511,-4.3596589,-3.4418818,-2.4807906
-2.5524611,-1.8031409,-2.2474885,-1.7928510,-2.8190082,-2.5737600,-0.7946098,-0.7607455
1.9856980,3.7734078,3.3215228,2.7629567,2.1556287,1.5370605,1.8930932,1.5011803
3.2196329,4.4247379,5.0903267,3.3659305,5.0358230,2.3377507,1.4407288,3.1359037
3.5330914,1.6437240,3.1989774,1.9036975,4.4282909,2.8063309,2.3541846,3.5330043
5.0133086,3.3974376,3.1654615,2.4324352,2.1238688,4.9737729,5.2413637,3.9119868
3.6832454,3.7434859,2.8833088,1.6995670,0.2833072,3.5456406,4.2403232,3.5478473
-0.6498468,-0.7151085,0.3128243,-0.0832220,0.1916824,0.0851089,0.3698665,1.2049094
-2.8541309,-3.5138791,-1.8988478,-0.9071658,-0.8683917,-1.9236138,-2.2406091,-1.4238626
-2.2302519,-3.4426748,-2.5257970,-1.6820991,-1.2457310,-2.2622662,-2.5103010,-1.7281441
-2.0025619,-2.6185924,-1.8236345,-1.7652190,0.6368364,-0.7324327,-1.0410506,-0.7262094
-1.8517416,-1.5245461,-1.5103569,-1.9849088,-1.2714914,-0.4101800,-0.5460601,-1.8683280
1.7992526,2.1495442,1.0580315,0.5967082,-1.1188562,0.9274999,1.6420457,0.1364714
3.6982213,4.0280420,3.2104350,3.9616447,2.3948963,1.6996536,2.5286684,2.5287400
1.3444986,1.4281664,0.8661951,1.7063370,1.5519351,-1.8668387,-0.9371931,-1.2565809
-1.5681724,-1.4530492,-2.1504931,-2.6870196,-1.3701167,-3.9849197,-2.2581523,-4.4603685
-2.4979268,-2.1408237,-2.4681675,-2.7471490,-2.3194231,-2.1871128,-0.8312862,-3.0358894
0.3938883,0.5520715,0.2118461,0.8778516,0.6421497,1.1462259,1.1476637,0.6263847
2.6712043,3.1418408,2.6063041,2.9282034,3.8698064,3.9983389,3.1280784,3.5219177
1.1939510,0.8482911,0.9590679,0.5783796,1.8421436,1.7186795,0.9830492,1.2546450
0.2443642,-1.4511175,-0.9646661,-1.3380561,-0.1604901,-2.3326622,-1.8855610,-0.7368772
1.5234685,0.5597135,0.4500574,0.6249042,0.6929293,-1.4833720,0.2252899,2.0994754
2.2137626,1.3675507,1.5484797,1.0974288,0.7204099,0.6961734,2.6408412,2.1032048
0.3700550,-0.9241782,-0.1111065,-1.4446103,0.8529523,0.4790322,1.4512887,-0.5200597
-1.8592272,-2.3898486,-1.9559583,-2.4237243,0.5530054,-0.9269410,-1.1252734,-0.9053766
-1.7527887,-1.3958165,-2.0169845,-1.3972236,-0.9231634,-1.3784360,-1.9896990,-1.7227070
-0.2117499,0.7799245,-0.9952370,0.0502398,-0.3933874,-0.3296224,-0.7611042,-0.4484458
-1.7942251,-1.2843916,-2.6583891,-1.4808132,-0.8323154,-1.3388967,-1.8455416,1.3228320
-3.8771781,-4.4817756,-4.5266122,-4.2255787,-3.7238633,-2.5716545,-3.4163037,-0.3782856
-1.7929353,-3.0208602,-3.0392155,-3.1536700,-4.7913894,-1.7462618,-2.4702714,-1.2913757
1.4853454,0.3421704,-0.1491011,0.3259648,-2.4227814,0.2545175,-0.5211799,1.4134916
1.6158825,1.5249867,1.2983294,1.5809661,-0.4578219,1.6806534,0.7273353,2.8269748
-0.1817934,0.1582969,-0.1254818,-0.3146148,-1.9211999,0.1033528,-0.8672852,-0.9696148
0.9398821,0.2143538,0.2005064,-0.0355397,-1.6087828,-0.0427900,-1.3864676,-3.2096764
1.5987803,1.1173963,2.4132056,2.3027866,1.8014070,1.8451365,1.1812228,-1.0501252
-2.1245909,0.0624932,0.6420660,0.5908743,-0.7458263,0.7273935,0.5528685,-1.8417762
-3.0152184,-0.0470481,-0.8335472,-0.9233143,-3.7208313,-0.1922247,-1.3495474,-3.0741554
1.2303344,2.4175595,2.5618439,2.7433366,3.0533298,2.3792597,1.7722031,1.8077243
4.3673609,4.3136193,5.3987082,5.6401877,7.2294638,4.4905471,4.1028713,5.1080412
2.2300444,1.7878387,3.2740962,2.7665960,2.4981715,2.4394852,0.5967030,1.2245729
-1.9661643,-1.8055835,-0.6705927,-2.0144316,-2.3461794,-0.7048898,-1.5260834,-1.9159002
-0.7710603,-0.3911029,-0.3870609,-1.5780841,-3.4490111,-0.0786764,0.6153629,-0.4920769
2.0264431,2.2799294,2.3933597,1.7866433,-0.4871848,1.3842386,1.3743851,1.2757585
0.1156809,1.4439348,1.3888103,1.5844499,2.6794380,-0.1403868,-0.1917559,0.7608311
-1.9264712,-0.3657527,-1.2088832,-0.1075275,1.9558543,-1.6831015,-1.1340562,-1.1112338
-2.0906299,-1.2312961,-1.6852858,-0.6835450,-0.7253634,-1.9557025,-1.4786940,-1.5373598
-1.6149227,-1.6875231,-1.8528710,-0.7447763,-2.1013017,-2.1927241,-1.9173555,-1.3587747
0.2406239,-0.8721240,-1.1159542,0.0939255,-1.3534967,-1.0196328,-0.6134344,-1.0424813
-0.1070610,0.0259756,-0.2773016,0.0188998,0.0525247,0.0812759,1.2586691,0.1867142
-1.4822004,0.0300903,-0.5178252,-0.2582755,1.5978245,-0.2331300,1.1475855,0.2550690
-1.6091885,-0.7013014,-1.2592384,-0.3966028,0.5814384,-1.7897716,-0.8280404,-1.9029380
-2.2205741,-1.5080321,-1.6849744,-1.3646431,-1.2727868,-2.6424068,-1.6743431,-2.5002543
-2.1540776,-2.1901110,-1.3294048,-1.3133634,-0.6459627,-1.0219823,-0.9452179,-0.6378859
0.0785436,-1.7025784,-0.0866967,0.3264563,-0.0768070,1.0877300,0.4857280,1.5092728
2.1700753,0.5960900,1.1746862,0.8659713,0.6818060,1.3484530,2.5221084,1.8059516
1.3059273,1.6318739,0.7199205,-0.6013181,2.6853365,-0.4961402,2.1607228,-0.0770166
-2.4823363,-1.1037649,-2.2966940,-2.0936515,2.2419408,-2.9310382,-1.7651195,-3.1044478
-2.7345537,-2.1657751,-2.4304160,-1.2232153,-1.4557436,-1.7528756,-2.1290914,-3.4797847
2.3313463,1.1394930,1.8041335,1.1147192,-2.5215388,2.2932677,2.0528989,0.4550738
3.9424182,2.7348453,2.6232735,1.8249128,1.3904856,3.3455144,2.1667879,3.7360973
1.0565025,1.6621916,0.3932157,0.7814475,3.1219072,1.3240281,-0.1824964,2.7329489
1.4763988,1.8722122,1.0209643,0.9277656,1.9246157,0.5827639,0.6652210,1.6280770
0.3706407,-0.6939416,-0.3981149,-0.4657695,-0.9063051,-0.4098844,-0.6186880,0.1173949
-1.8869636,-3.1145541,-1.4836077,-2.2054862,-3.0394170,-0.3469595,-1.2372947,-0.5421454
1.6949464,0.7331315,2.4703239,0.1848589,-0.0536511,2.9631322,2.2847629,2.6139315
3.8945545,3.6247768,3.8992740,2.0931137,2.3799837,3.8490424,2.2385895,2.6845294
0.0815598,0.6368421,0.2332153,-0.4901852,-0.6566743,-0.0872776,-1.8808532,-1.5201048
-2.1215834,-1.6827575,-1.4822793,-1.8295040,-2.9888511,-1.4885595,-2.5222913,-0.9019277
-0.7197973,-1.3342742,-0.7062106,-0.8653752,-1.6515261,0.3323875,-0.4637836,1.2633233
0.8753615,-1.2800228,-0.5465375,-1.1873206,0.4056331,0.0658432,-0.0103000,0.8550642
1.2809920,-0.5665347,-0.0225701,0.2898101,0.5905611,-0.1545772,0.4216870,0.7265309
2.3193469,2.2721667,1.9543626,3.0913135,-0.1545163,1.6311075,1.7282155,0.9661866
3.2724308,3.0826860,2.2293841,1.9151965,1.3054441,1.8323494,0.7186552,1.3248431
2.5579018,2.0082540,1.1840388,0.9978391,3.9608407,1.2539780,0.0678473,1.8014127
1.1055411,1.2674014,1.0334412,1.7969516,2.8360798,0.8752399,2.1090074,0.2434499
0.0781113,0.0552745,0.3641078,0.5828227,-0.2149140,-1.0003741,2.0250682,-1.0988758
0.3242727,0.9572152,-0.0335409,0.3315148,0.4221664,-1.5175434,1.0564621,0.4795931
-0.1770752,1.5932531,-0.2612358,1.0700637,1.7413562,0.1497762,2.0025804,0.4663791
-2.6772395,-1.8229547,-2.4458146,-1.3565348,-1.3327722,-1.2046016,-1.0542926,-2.8522754
-2.6916801,-3.3289426,-2.4211835,-3.1351225,-3.3355654,-1.9600117,-3.0240124,-2.9763293
-1.1300002,-2.2109909,-0.7029146,-1.8760003,-1.1456365,-0.1707576,0.6423121,-0.2647433
-2.6721682,-2.7604874,-2.8633309,-2.1481711,-1.4840596,-2.6982694,-0.3545737,-1.3490645
-2.7743174,-2.2349787,-3.4588132,-1.7730838,-2.7457507,-3.8288398,-2.2049824,-2.0459863
-0.7168785,-0.8551643,-0.4661624,0.2602091,-0.3086092,-0.8744644,-1.1050165,-0.0533746
-0.6730139,-0.4897370,0.2830800,0.1753544,0.1737012,-0.3397579,-3.1485000,-0.7280606
0.2697032,0.8084405,0.6852765,0.5291296,-1.0035125,0.1265094,-2.6142455,-1.6642463
1.9282201,2.6047855,2.3603995,1.8852349,0.5692805,0.8986600,1.0181019,-0.3935905
-1.5012388,0.2307814,-0.6504939,-1.0299763,-2.2262673,-2.4199059,-1.1729881,-2.0911045
-3.8780785,-2.2752621,-2.9361569,-3.1673066,-3.3369055,-3.4944387,-2.9503328,-2.1767268
-0.2001068,0.5515882,0.7948761,0.3813287,2.8245455,0.4419114,0.3215085,1.6747102
1.1801883,2.1408985,2.4526277,2.7760831,3.2824153,1.8394416,1.6364157,1.9298662
-0.9545168,0.2142424,0.8655091,1.2138310,-0.3716024,1.0394864,0.9662525,-0.3294526
-0.3361071,-0.1136145,0.4231827,-0.6975245,-0.3794653,0.9550093,0.6758580,-0.1348485
-1.0579303,-1.6527157,-2.0139672,-2.8064086,-2.1155103,-1.7455538,-1.9681248,-1.0861000
-1.5422868,-2.0177654,-2.4994896,-1.3394620,-2.7719224,-1.9126978,-2.3349709,-1.0402311
1.5601094,1.6673952,1.1491472,2.7253606,1.5610140,2.0176059,1.4459334,2.3311061
2.6344355,2.9111953,1.7591573,2.3115226,3.7927432,2.5749447,2.9656255,3.3208895
1.6232105,0.2812485,-0.4957811,-0.4140590,0.9558130,0.8862764,1.3157612,0.9746066
2.0842608,-0.6269246,0.8236036,0.6112029,-0.7615901,2.1456270,1.3331145,1.6230557
2.0145724,0.7154809,2.6619472,2.2571880,0.5742080,3.4724397,2.1175635,3.1854057
-0.8416219,-0.3218526,-0.3470759,0.0622387,1.2128970,0.6958206,0.1273414,0.9975682
-3.7367849,-2.6136983,-3.1714592,-2.3140440,1.1097421,-2.7138567,-1.6578872,-1.5788069
-1.0319696,-0.4161360,-0.2618012,-0.0255453,2.0046829,-0.6918999,0.3222879,-1.1443533
0.9122805,-0.0230582,0.6986460,0.9582626,-1.2792164,2.0191509,0.8738317,-0.6418295
1.0933423,-0.3421932,0.4686342,0.3090937,-3.1990501,2.4516876,0.8111880,1.6779802
1.7519997,1.2879593,1.1249891,0.4078551,-0.0993855,0.7570252,0.5144492,1.6801566
-0.9729094,-1.0373887,-1.2537247,-1.5929865,-0.6060141,-1.7629267,-1.6515993,-1.9208375
-3.1718353,-3.1122387,-2.5956229,-3.3112134,-2.3155033,-2.2016307,-2.1487506,-2.4340904
-3.0030533,-2.5296483,-2.0514373,-3.1732756,-1.0112518,-2.3579653,-2.0602981,-1.9289551
-2.8113596,-2.1798701,-1.8194433,-2.5000520,-1.4072850,-1.8699318,-2.3049461,-2.5339103
0.2661145,0.3277422,0.9712455,0.0513959,-1.5568152,0.5182308,0.2358587,0.4939907
1.8574198,1.0975993,1.8447697,1.6038257,0.5383232,0.1850368,1.8723096,2.3591461
0.1739401,-0.2151117,0.0376910,1.0700972,2.2263080,-2.0273986,-0.0858360,-0.8059483
0.1901065,0.6324579,0.6386340,0.5982246,1.6716049,-1.7846405,-1.5322683,-1.9927836
1.0674903,1.6898259,1.4252639,0.5135334,-0.4844071,0.0848306,-0.5280629,0.2205116
1.8298387,2.0475317,0.8710200,0.8901843,-1.1756639,1.0879497,0.4685104,-0.1452725
4.0526477,2.6137692,2.1629675,2.1230088,0.5977385,2.3605028,2.1846515,-0.1322865
3.9693349,2.0977322,2.4976780,1.8529667,1.8372113,2.8581218,2.7410747,1.6608495
0.6646478,1.4963094,0.4455680,-0.2363727,1.6344499,0.4588038,0.2878650,0.5260235
-0.8582562,1.4215252,-0.1680471,-0.3681233,2.2027080,-1.1688385,-0.7535353,-0.3116163
2.7053900,2.9278037,2.8457629,2.4715648,4.2781641,2.2653083,2.6141317,3.5087651
4.1745111,2.6291179,3.4553154,2.2975724,2.6341469,4.2076321,4.7975863,3.1919902
1.2674526,-0.0963634,0.0011211,0.1638072,1.3860464,1.0699607,2.4954532,-1.4587870
3.1614558,2.7004338,1.4662962,2.9491663,5.9174775,0.6265229,1.8523296,0.5695552
3.8750301,4.3583895,2.7983591,3.9789053,4.6521061,0.6313480,1.7854779,3.2357674
-1.3701722,-0.4001025,-1.2563181,0.1801627,-0.1591680,-1.9088425,-0.3599850,1.5576305
-3.4708633,-2.5616531,-2.9279019,-1.9626069,-2.1562203,-2.0679472,-1.5287994,1.0398630
-2.4023150,-2.3863812,-2.6115424,-2.7470402,-5.2952646,-1.3689181,-1.9833430,-0.0302565
-2.4608032,-2.3286912,-3.2112051,-3.1514994,-3.1556725,-1.5215329,-2.1625162,-1.8149325
-2.7552543,-1.5235403,-2.6477143,-2.3344706,0.1190230,-1.1732093,-2.0888055,-0.8226609
-2.4200629,-2.5488915,-1.8277936,-1.1265339,-1.9451128,-1.2240686,-1.8001335,-0.5443710
-0.8199706,-2.2237941,-0.4100880,0.5444931,-0.4697591,-0.3556628,-0.2050207,0.1605507
-0.5985610,-0.7263704,-0.0442628,-0.3916927,-0.5104921,-0.0560608,-0.8224428,0.6564814
-0.5763682,-0.6992377,-0.3194688,-1.3423314,-3.8091920,-0.2734662,-1.3487268,-1.0257824
-2.1324591,-2.4460360,-0.8142579,-0.5636443,-4.0019840,-1.1475182,-0.8112438,-3.5316826
-2.1574728,-1.0961057,0.8790161,0.5835848,-2.0213017,-1.3039122,-0.8754553,-2.7153917
0.9375922,1.6575802,1.7970097,1.0320511,-0.3558942,0.1018861,-0.6565832,-1.2038074
2.1325258,1.7876774,0.5149002,0.9360303,0.9725166,1.7968640,0.4462595,-0.2525696
1.4945787,1.2000054,0.8614514,0.6906336,0.9837046,2.8754814,0.8214115,1.8413102
-0.4293235,-1.1559328,0.0186235,-0.0088952,-0.2753027,1.4255413,-0.3508031,1.1604912
-4.2133613,-4.3520618,-3.7765272,-2.0107884,-2.1967667,-2.4134590,-2.6177541,-3.4863684
-2.5766646,-1.5922788,-2.0367207,-1.3184762,-1.1125090,-1.3575215,-1.3319497,-2.2399802
0.7250784,1.3337561,0.9575126,0.5317679,0.8625175,1.0651559,0.7887307,0.4264096
0.7970073,0.7909666,0.5104404,0.6211022,0.1491878,0.6757155,0.7546951,0.4523400
-0.8512453,-0.9933752,-0.7214510,-0.3438082,-1.7930472,-0.1586247,-0.5134448,0.2024580
-1.0425203,-0.8865617,-0.0677104,0.1313260,-0.5876537,-0.7199557,-1.3084070,-0.2057430
-0.4055012,0.6136425,1.0194020,0.5537431,0.9866203,-1.7657541,-1.0025465,-1.5188515
0.3699562,1.9837428,1.4046456,0.5265493,1.7046272,-1.0661622,0.9218623,-1.2999182
1.1657488,2.0881854,0.6391599,0.8340189,1.4393870,0.8177565,1.6703679,-0.1738558
1.6254723,0.8783602,0.0760384,1.0535510,-0.1836732,1.3087852,0.0423396,0.3175395
0.4635909,0.3167527,-0.3328660,0.5314692,0.4404920,0.3811000,-0.9345111,-0.6825362
-1.7646206,0.1407129,-1.2739975,-0.5387537,0.3154194,-0.3382819,-0.2530510,-1.1427462
-1.7079098,-0.4779432,-0.4522096,-1.9296552,-2.4183376,-1.0113096,-1.0889007,0.2741803
1.5828003,1.4038251,2.6928145,-0.6828501,-0.0738373,0.4748769,-0.1192511,1.6539474
2.2650139,1.4068172,2.1163671,1.0234251,2.2909088,1.9390097,2.4640674,1.1063720
1.6606738,-0.9242219,0.5166186,0.1700803,0.3334607,1.6803745,2.6017272,0.8428699
3.2873388,1.1659981,2.8748823,1.2642173,1.8217230,2.7708966,3.2638036,1.1314244
2.0376413,1.9372539,2.4105962,1.7099097,3.3632574,1.6280046,2.0357754,1.0292788
-2.2101276,-2.7396265,-2.6281975,-2.6709924,-1.0437504,-2.3393042,-1.8167473,1.2117264
-3.6142743,-4.1335855,-4.4299997,-3.6069315,-3.2755030,-3.6906379,-2.1285270,0.1787678
-1.3842985,-1.1232594,-1.8687785,0.2487138,0.2495351,-2.2031423,-0.6548541,-1.1707655
0.9402359,1.1937140,0.2694636,0.9899283,2.6009058,0.1366387,0.2858544,0.4862327
2.8055627,2.9024129,2.1067350,1.1001461,2.5202943,2.5616030,2.4990544,4.1653244
2.8472966,2.0364282,2.0006056,1.8500627,0.8097733,2.5579388,2.0787262,3.3661038
0.8501590,0.3479170,0.2009686,0.1122455,-0.6812202,1.0524329,-0.4013851,0.3391590
0.1271295,0.1577071,0.1253463,-0.5816300,-1.6591190,0.8685917,0.3102917,0.7508771
-1.0950547,-2.1170396,-1.4843420,-1.1665611,-4.0349395,-1.4331824,-0.7450199,-1.1663247
-4.1196866,-3.7722914,-3.5287669,-3.1253675,-3.0124978,-4.6692267,-4.5090950,-5.0290246
-2.6854055,-0.6213542,-0.1395207,-0.7795374,1.7984604,-1.9795257,-2.4561720,-2.0306018
0.2171592,1.1000052,1.2818976,0.2428795,1.1991801,-0.0806742,-0.0988835,0.4098261
-0.6640047,-0.6877809,-1.6106950,-2.0525966,-2.1312233,-2.0380637,-1.5320356,-1.4476312
-2.2665293,-2.2516796,-2.5239490,-1.2309907,-2.2151047,-1.6542341,-1.1655358,-1.8638791
-1.0707328,-0.6660993,-0.7780011,1.0405469,-0.8882661,0.7879218,0.7781817,-0.3205854
0.4202942,0.8441200,0.1883192,1.1816124,0.9971450,1.2671823,0.3342425,-0.1828568
0.8425863,0.7367053,0.7274774,1.2539074,2.5917599,1.3111862,0.5587725,-0.4553106
1.2690773,1.3444969,1.7142955,2.0944871,1.9001814,2.1153153,2.5060032,1.1871568
0.8841649,0.3603828,0.3941083,1.1839513,0.2251550,0.2730611,1.0867450,0.6782091
-0.2397351,-1.1069255,-2.3201265,-0.6668656,-0.6187665,-1.7759652,-0.8369778,-1.2699777
1.9158195,1.8050968,0.2627931,1.1620940,1.8062248,1.0130321,2.2222066,2.5155320
3.0924418,3.1561512,2.9892472,2.5634572,3.3053038,2.6592639,3.6172696,3.7552115
0.0524146,0.6013504,1.0903258,0.1204042,0.7415584,1.3045568,1.0253326,0.9817635
-1.0591994,-0.6580009,0.1391669,-1.5498832,-0.5851646,0.2347030,-0.3523264,0.6207935
1.9499036,1.4758875,2.3296021,1.3033079,2.0319406,0.6529781,0.9130521,1.4355665
0.5018265,0.3677610,0.2495548,1.2023293,-0.5282616,-0.3887351,-1.0791939,-0.6839566
-1.0185411,-1.7675048,-1.7179813,-1.7102055,-3.6475702,-1.1860227,-2.3720890,-0.5722412
-0.6121186,-1.3257113,-1.1639619,-2.6776114,-1.5469450,-1.1787803,-1.0862289,-0.1510507
-1.3970815,-0.9779292,-1.3884023,-2.0985363,-0.7954364,-1.8287423,-1.2580999,-1.3758290
-0.7112931,-1.5974549,-1.5620169,-1.0202597,-0.9802173,-2.3114024,-1.5869668,-1.8619781
1.0293513,-0.8394910,-0.1172810,0.2246178,0.0465249,-0.1564482,-0.3365212,-1.4207273
-1.6322991,-2.2262763,-1.5424244,-1.4544032,-1.7822119,0.2576485,-1.5445500,-3.0070684
0.5698509,1.3834419,1.2433775,1.2564768,1.4776728,2.2124272,1.2569422,1.7054850
4.7695137,6.4255579,5.3807979,5.1835025,4.8984823,4.7468588,4.5461407,5.4449238
1.3854755,2.0154078,2.1155454,2.0533350,0.9773600,1.2699523,0.4636920,0.8003681
-3.1326939,-2.9171473,-1.7316452,-1.9320986,-2.3713285,-2.7159388,-3.6747959,-2.8858435
-0.7359171,0.1608017,0.9763992,-0.3183576,-0.4623056,0.1243376,-0.6660067,0.4641749
-1.4916537,-1.0613911,-0.8400309,-1.7608230,-2.4726087,-0.2068520,-0.1209183,-0.0122420
-1.6932084,-1.1416312,-1.3808082,-1.8789628,-2.4565209,-0.3298441,-0.4829682,0.2076229
1.7927358,1.6014989,2.0014074,1.3914577,2.5502096,2.2313143,1.4159652,2.9863548
-0.5856210,-2.3841681,-1.0991635,-0.7759890,0.2075155,-1.4556681,-0.8885626,-0.1919594
-2.1594790,-2.7050476,-2.8763219,-2.0668516,-3.2507183,-3.0369772,-2.2714580,-2.4919687
3.9082201,3.9792314,2.5185406,2.6905482,1.1598990,2.3942566,3.3569420,1.7421113
3.5142676,3.5984339,2.8936313,2.6875382,3.1305324,2.0681194,3.6768226,0.6746393
-0.6374536,0.6116063,1.2688944,0.4475714,2.6653252,-0.2552374,-0.3372925,-1.4390931
-0.4148693,-0.2693274,1.2899020,0.4764554,1.8024287,-0.5288300,-0.2813281,-0.2605944
-1.8919475,-2.5374103,-2.0785327,-0.9331495,-1.0479707,-2.9929016,-1.3010244,-2.8752855
-2.1945679,-1.2963096,-2.7655435,-0.3380711,-0.6965688,-1.8270150,-1.5557467,-2.3479965
0.0488453,1.4198509,-0.1586034,1.4071178,0.5631850,1.4889117,1.3118427,1.5161309
-1.0798372,-0.6156382,-1.5434955,-0.1422053,-2.3397391,-0.3323887,0.3821492,-0.8864157
-4.4957883,-4.5348966,-5.2716313,-3.3322611,-4.3152530,-4.6215613,-4.0082548,-5.8769707
-2.1344451,-2.1594910,-2.1570128,-2.3242907,-0.8901815,-2.6352725,-2.6715874,-2.4293985
-0.5268685,-0.3280913,-0.2887814,-0.7007964,-0.2722503,0.5184976,-0.9513428,-0.9429622
1.2566395,1.3050861,0.9318791,2.3179339,3.1038508,2.9118843,1.2135031,-0.3091855
5.7840905,5.0447195,5.2118064,5.0916937,5.5902565,5.1992340,4.9226618,5.0047111
5.1483749,3.8429829,4.5242013,3.1116466,0.1722830,3.1703759,3.7019595,5.4956712
-0.6405467,-0.3188609,-0.4801793,-0.7655643,-2.2431689,-1.3182400,-1.0228344,-1.1798803
2.8676448,3.9447604,3.7552722,2.8642053,3.8840173,2.6900853,2.1097034,3.0658132
3.7313955,3.6360018,3.8370952,3.3230813,3.8743219,4.4574160,3.4497750,5.3473484
-3.7838835,-3.4237946,-3.8702123,-4.5068488,-3.8642371,-2.0566826,-2.5320596,-2.6611637
-5.8693158,-5.3457406,-5.4875882,-6.6641285,-7.1805119,-5.0958961,-5.4600881,-3.9533048
-2.5049675,-3.0560031,-1.7178826,-1.6554960,-2.9870564,-2.3171591,-1.9868536,1.8084968
-3.9225019,-3.6285239,-2.6455755,-2.4563665,-1.4393251,-2.9596891,-1.6055808,-1.9679170
-1.6129004,-1.4155332,-0.9694187,-1.6382254,0.9152189,-1.6004060,-0.6375596,-2.6987169
0.3713250,-0.4382921,0.1624591,-0.1596244,1.2805503,0.2796689,0.4900165,0.3762119
-1.1543222,-1.8563107,-2.1086498,-1.6886888,-1.4862516,-0.9547476,-1.4081719,-2.3380557
2.5525173,0.7744254,0.3928355,0.6674548,0.0586936,0.6798840,-0.4339152,-1.1709889
4.5263511,2.3741137,3.0366014,1.7812868,1.2090378,2.9121560,2.1760458,3.7962336
-1.0497959,-0.9944013,-0.7864163,-1.7806269,-1.0281964,-0.3795393,-0.1193053,0.0925278
-0.0290390,1.2095749,0.7646797,0.5033004,1.3242999,0.7502545,1.3846077,-1.1380800
4.7794721,5.3508114,5.3700459,4.2503154,4.0240377,5.1797389,5.5936787,3.3464874
2.6262104,2.4480001,2.5456786,2.0329313,2.3416460,2.0663091,3.0872713,1.3559733
-0.4383037,-1.3497885,-1.7472318,-0.7942575,1.0144720,-2.4945081,-1.0062903,-2.3770745
2.3542537,0.6386394,0.0847603,0.7010724,3.1196613,-1.4006350,-0.7396795,1.7038320
4.3270144,3.5733382,2.5018034,2.3732878,4.4423493,0.7498576,1.9811648,5.0268281
1.0626569,2.5184919,0.5887967,0.8132915,1.9916684,0.7466247,2.7391075,2.4197784
-1.1565258,0.1144535,-0.7162406,-0.2304859,0.1532167,-0.1893363,-0.2344149,2.2183428
-1.4930341,-2.2476083,-1.3121697,-0.7662883,-1.3277188,-1.7529379,-2.9864630,1.6622773
-1.5739379,-3.3397317,-2.7700893,-2.0046479,-3.8475539,-2.8978128,-3.4947355,-2.4759081
0.7120534,-0.1073489,-0.0719583,-0.2242486,-1.9194535,-0.9792994,-1.5614347,-1.2433449
-0.7519333,0.4512927,0.4292885,0.6494399,-0.4795448,0.2708634,-0.5198929,-0.5120522
-2.2801965,-0.6159788,-0.7104573,0.1696658,-1.1702646,1.3342651,0.0262111,-1.0084570
-1.4674412,-0.8900541,-0.3670112,-0.4710512,-0.5382396,0.8598577,-0.4793272,-0.8886690
-0.8726985,-1.6173541,-0.4703611,-0.3509033,-0.6874701,-0.5851356,-1.1104555,-1.5376028
-1.6091552,-2.2350267,-1.7375127,-0.6347406,-3.9002692,-1.1348229,-1.8005775,-3.2850576
0.8203157,1.3030650,0.6507134,0.7917976,-2.2496626,0.3663876,-0.2465200,-1.0567870
2.3144431,3.4816847,2.2167129,1.8709130,1.1508002,1.1346216,0.8421988,0.8914183
-0.6731461,0.5924364,0.3553056,0.0531434,0.1875002,0.7702995,-0.1230442,1.4434180
-4.5874812,-4.2878460,-3.6865510,-3.4326372,-3.2372033,-1.9446224,-2.4704509,-1.3526790
-1.3067148,-1.9326793,-1.7457701,-1.1477720,-1.5782499,-1.6413889,-0.9268720,-1.8758883
-0.9140977,-0.3941116,-0.7045638,-0.3194126,-1.8164823,-0.8002095,0.0007177,-2.4818217
-1.6539570,-0.4510247,-0.6428628,-0.6911568,-2.2994963,0.4081971,1.2253668,-0.8831114
-0.9608406,-0.4661946,-0.5036793,-0.2920649,1.3596658,0.4039776,0.0189586,-0.5800347
-0.7225184,-0.4797336,0.7147277,0.1796456,3.5311298,0.4896531,-0.9476297,0.5963431
-1.8374210,-0.7224180,0.7666586,0.1160815,-1.1224376,0.2892178,0.7530415,0.3867226
-1.1763204,0.1280822,0.3739574,0.2558522,-2.3463797,-0.0503416,1.2239204,-1.5376470
0.4069983,0.3519591,0.6271874,0.0634513,1.8010594,0.0948164,0.4762805,-0.3907807
-0.3708748,-1.1041017,-0.7723523,-0.2269173,2.1374413,-0.5893914,-0.3070639,-0.4640902
-0.0059317,0.0322461,0.1291183,0.9508127,1.8878739,0.6998819,0.0073407,-0.4842057
0.9077081,1.6494764,1.7620240,1.2383383,2.0804835,2.2048315,1.3309734,0.9291445
1.0221778,1.1430634,0.3803333,0.6710671,0.5733764,0.7042980,1.7475528,1.9506101
-2.3614346,-2.6768888,-4.0750084,-2.5146922,-3.0430272,-3.3559834,-2.0559026,-0.4568227
-2.3540068,-2.4118136,-3.1174126,-2.9277408,-3.0171316,-2.7596492,-3.0110367,-0.9979608
1.0009366,-0.1707676,0.1659936,-0.3366845,0.3525334,0.0964277,-0.7914270,-1.4209132
4.3139604,3.0611511,4.2352860,3.3468724,3.9718455,2.5350704,2.3720146,0.8907486
1.4822479,2.6562485,2.6715796,1.1093731,0.2582874,-0.3292720,-0.1565570,-1.0821643
4.7719575,4.2996009,4.3411370,1.6775553,0.5388845,1.0052341,1.3092108,3.5911506
1.4287254,-0.5504276,-0.6709577,-1.8572043,-0.8391139,-1.1247873,-0.9550222,0.1382912
0.2904463,-0.1418275,-1.0645524,-0.7805369,-0.3043987,-0.1924922,-0.2228709,-1.2506212
3.1992856,2.8036324,2.5559142,4.1532614,2.3617719,3.2144093,2.7223765,1.8851669
2.0528543,2.0589227,2.1591594,2.9283866,3.3404765,1.9571239,1.3759152,2.1208446
-3.4783261,-1.3588702,-2.6959601,-2.8905018,-0.9987653,-2.6202425,-2.7358301,-1.5170126
0.6588597,1.5606737,1.1314013,-0.1541228,0.0524426,1.6791961,1.8435679,3.9892715
0.8645038,-0.3755383,0.0697403,-1.1411702,-1.5227337,1.3094841,1.9395472,0.6834257
-0.5985871,-2.2355229,-1.8940007,-1.0268559,-1.3782345,-0.8539667,0.2985281,-2.7290418
1.2528396,0.6227768,1.5486367,2.7661266,4.0794672,1.8508861,2.1196433,1.4262423
1.6137655,2.2331760,3.5589120,2.7497828,5.1141757,2.7409758,1.7360709,3.7977208
-4.2543858,-3.4609124,-3.1056856,-3.3166420,-2.8077266,-2.7142550,-3.7825550,-2.6474910
-2.0616597,-2.5483931,-2.1361152,-2.7500639,-3.5772801,-0.9352200,-1.4643898,-0.2168207
2.0374406,0.1239496,1.2543792,0.5620029,-0.3080395,2.0070838,1.5294564,3.7835577
-3.7787675,-4.7264671,-4.7928570,-2.7846932,-4.1854781,-3.4423536,-2.8307928,-4.0985602
-0.8030048,-0.6293771,-1.2199067,-0.1597548,-1.1995429,-1.0646894,0.5037277,-0.0196934
5.3656827,4.4576608,4.2547403,4.0135186,4.0097118,3.4302267,4.2293124,6.8470643
-1.8186381,-2.5115120,-3.8525703,-2.4554671,-2.5195808,-2.9128257,-2.6055802,-3.2133768
-3.1123308,-3.0640400,-4.4935194,-3.3699493,-2.7173632,-3.7679771,-3.8082468,-4.9666229
5.1564891,4.7863635,5.3799094,4.9200457,6.4501163,3.3462594,4.0430142,6.5659338
-2.5879034,-1.8355209,-1.4131955,-0.6118472,0.1933028,-2.3236222,-0.8037291,-1.4915387
-4.1019661,-3.1250142,-3.6901117,-2.5534438,-2.9341689,-3.6485837,-3.2374277,-4.9048962
6.5281763,7.4494712,7.1998264,6.1060638,5.2698054,5.4812996,5.8326341,7.2949890
0.0122937,2.6343001,2.0309162,1.2954994,1.1645646,1.2958244,1.4239401,-0.4789475
-3.3050017,-1.8555568,-2.1791411,-1.4882276,-1.3298979,-2.2429244,-3.4913039,-6.3203069
10.1220687,9.1450768,9.8191250,8.7790223,8.0747821,7.3809700,7.2850942,9.0872350
4.8442245,4.3228760,4.1253769,3.0233226,2.2395435,2.8791604,2.8394854,3.5823506
-9.6774319,-10.0059751,-10.6925269,-10.5054085,-10.7791677,-8.3182345,-10.4491299,-11.9853585
5.3954822,3.9858979,5.3607291,2.8331864,2.3688234,4.6791553,3.9776858,7.7936494
1.8245560,2.3245739,2.0669521,2.3747681,2.3599567,1.2726569,1.1531129,2.5715160
-8.1645782,-6.9200768,-8.8228744,-5.6631698,-5.1548942,-7.5242412,-8.9698489,-10.2728384
0.2000989,-0.1949211,0.6274989,0.5709805,-0.2516597,-0.1159954,-0.3517689,1.0142017
4.0330197,3.3684112,6.7540990,3.1404093,1.7472723,4.2068132,4.2211706,8.4454477
-17.1337461,-16.0775306,-15.9082531,-14.8208177,-12.5584576,-11.2044563,-13.5370903,-17.0762118
3.0717560,2.6658451,2.9348944,1.5816399,4.6078761,3.7571599,3.5677785,4.7381533
4.6418428,4.9830384,4.8076665,3.9866623,3.4264014,3.9654241,5.1796951,6.3731752
-12.4634852,-12.4557789,-12.4686327,-9.2410213,-10.8159279,-8.7988183,-9.2899567,-14.0743648
-1.8589571,-3.3390904,-1.8804707,-1.1925003,-1.8122086,-0.4802467,-0.8392693,-2.8854184
0.7563915,1.1395285,0.9819366,0.1676486,-0.4188342,1.3498389,0.7876937,0.1506715
-4.9307768,-3.4497115,-4.8738479,-5.1292984,-4.2461261,-2.9023155,-4.1463112,-6.2452905
-15.6118455,-13.2154439,-16.3598242,-13.4363710,-11.7967871,-11.8454159,-12.2637512,-20.8008075
1.6950973,2.0647190,1.4715416,2.4487364,1.1516712,1.1421801,2.5298919,-0.7839203
33.1166720,30.0343632,34.0918432,29.9115928,26.6959522,26.4253209,28.7950545,38.0502505
