22.2875890,21.9462370,24.3362706,19.5000129,17.9955217,18.6934275,19.3890932,27.9196789
-15.0290713,-11.0106582,-12.1910002,-10.9219426,-11.0645529,-9.4709587,-11.7589649,-14.7925532
-1.0747040,1.1177962,1.2576622,0.9340161,0.9060174,2.1594687,-0.9770881,1.2766799
0.8795062,2.9250545,2.5277710,3.2256841,2.3620630,2.7856024,2.4648783,2.2242034
-4.1049084,-1.4049809,-1.9778384,0.2930686,-1.6355643,-0.7194376,0.7536052,-4.2053794
2.0293691,3.4907875,4.4563523,6.1156323,2.4254832,4.1939220,4.5949345,3.2143253
-1.7155798,-0.1566289,-0.5235120,1.5511361,-1.5613526,0.3773594,-0.1209513,-1.3258926
-0.7709456,1.2643647,-0.0792684,0.3635940,-2.9864510,1.6423449,1.0408582,0.7462455
-3.5326975,-1.8668608,-2.9166927,-3.0361023,-4.3940664,-1.0956955,-1.8707545,-1.6030509
0.2704183,0.7900636,0.1019738,-0.1144234,2.5478038,-0.2701168,-0.2401225,1.5019865
3.3571385,3.6747539,2.2681076,2.7349586,4.2150060,1.4278380,1.3743421,2.4441297
2.1129459,2.6754704,1.3341020,1.2066239,1.4967683,1.0360162,0.8617083,0.1837529
-1.8058483,-1.2049589,-1.8571632,-1.8928258,-0.5746604,-1.9606877,-1.3398008,-3.8694530
3.1665953,2.5768075,2.5529091,2.6330185,3.2014652,2.5488055,2.2028144,1.1495923
7.0587129,5.3899811,5.5151268,5.0203670,5.5400939,5.6486961,4.5123844,4.1011632
4.3329156,2.1839656,2.5193185,2.5952737,3.5947151,2.2840504,2.5997769,0.5861891
5.3463141,2.6726655,4.1440677,3.7378537,4.3876758,2.8302163,4.7968168,3.6818106
-3.8703488,-6.5954057,-4.4903402,-5.1146193,-4.0715197,-5.1296455,-3.2971815,-4.3931617
-12.7518316,-14.3695260,-13.1454092,-13.0604691,-12.8522965,-11.9134149,-12.4714474,-11.2234746
-12.8604823,-12.0514326,-12.7736718,-12.1530059,-14.1447820,-10.0038519,-12.2727521,-9.9138978
-4.3177189,-3.3483641,-3.9386868,-4.7173245,-6.1110222,-3.7792371,-5.4491342,-2.7673623
-2.3828483,-1.6896672,-1.7604210,-2.4003862,-0.8311124,-3.3145210,-4.3591294,-1.4159686
-1.3216342,-0.4132469,0.2956665,-0.5928795,-0.3109478,-1.1713633,-1.7482721,1.2974996
-0.5509398,0.0726789,1.8015899,-0.8771411,-2.9757542,-0.1670857,-0.0206352,1.3848883
0.7038844,0.7440566,2.4259693,-0.6098554,0.1993847,-0.0134940,1.1136435,0.5990455
-2.0381317,-2.6190828,-1.8787540,-1.8841211,0.5831485,-1.9825957,-1.6163638,-4.4340665
2.5095729,1.6543544,2.7854114,3.3832494,2.5274903,3.0671447,1.7420512,1.9757884
-1.9091908,-1.0101330,-0.7346604,-0.2393141,-2.5118370,-0.1168561,-1.4124332,-1.2325844
-1.1335130,-0.1494487,-0.9959678,-0.3703218,-1.3176730,-0.2739064,-0.7118971,-0.1940816
-0.7130162,-0.4659872,-1.8284016,-0.8154272,-0.6213409,-0.6069958,-0.3450139,0.5515291
-1.3919709,-1.3825099,-2.1327930,-2.2690174,-1.6985811,-1.8622527,-0.1511628,-1.0209002
2.7904158,1.3783092,1.2303142,1.0527688,1.8203117,1.5157374,3.2317205,1.1442935
8.3083325,6.0798798,5.5401861,6.5003310,6.8791462,6.6283465,7.3017144,6.1428276
4.7241172,4.5706558,3.1475909,4.9540491,4.4298482,4.2840270,3.9976789,3.0309451
-0.1246256,1.1408968,-0.4428055,1.6976290,1.7799349,0.7973698,0.1263806,-0.3537070
-0.9658816,0.1662856,-1.2024901,0.3624510,2.2597312,0.2934403,0.8083147,-0.5745237
1.5403218,2.6237426,1.6253290,1.5909199,3.3424598,2.7165848,3.6738291,2.4878476
-1.1096247,0.4623878,-0.5240105,-1.1646847,-1.2066460,0.4116059,1.3079969,0.3789950
-1.3762801,-0.1558021,-0.2940455,-1.3333242,-1.9980368,-1.2502081,0.0479560,-0.3502879
-2.3954243,-1.8688353,-1.7205829,-0.7779964,-0.7722135,-3.3123264,-3.0944556,-2.3683878
-4.7954246,-4.4183223,-5.0673124,-1.9327465,-2.4526094,-5.3796264,-5.3408545,-3.8147848
-0.2632184,-1.1347648,-0.3286928,0.8957809,-0.0934153,-0.7981103,-0.1069425,2.2948616
1.2769737,-0.0503503,1.5888188,1.5798826,2.6833424,1.3867310,1.6572215,1.9017697
1.3480867,1.1935689,1.0782602,0.4433103,2.4578214,0.8613207,1.2825528,-0.5406819
1.1832706,0.8307407,0.5038981,-0.9933399,-0.4441303,0.0416052,-0.1817304,-1.3495942
0.8587998,0.0443253,0.7553127,0.5540003,-0.2327393,0.5159012,-0.8292701,-0.3748948
-0.2751907,-0.8766096,-0.3047173,0.8364225,-0.4051533,-0.3671309,-0.9369513,-1.0469082
1.4871960,0.8425697,0.9077532,0.7737128,0.4823108,-0.1159382,0.0518067,-0.5958004
4.7866806,4.5968924,4.3138839,2.5191136,1.9502665,2.3249504,2.2419633,2.9775204
4.3296019,3.5516596,4.2887943,2.2101842,0.6509699,3.0310436,2.8391063,3.6894146
0.3545585,-0.5265706,0.7813977,-0.5124793,-0.6624918,1.0252993,-0.1681158,-0.5975526
0.0251542,0.1526775,0.4023526,-0.5494161,-0.6943771,1.0739297,-0.7104174,-0.1497212
-0.8011190,-0.6385305,-1.1554847,-1.7200598,-2.3038695,-0.0523142,-0.1726674,-0.6242284
1.4660723,1.5133049,2.0097691,1.1238049,1.6738263,1.1485046,2.8388360,2.0095337
0.9628106,1.1063516,2.4524270,2.0611278,2.1289575,0.5359777,1.3521803,2.2076961
-1.0405654,-1.5784262,-0.8555708,-0.3055949,-0.4439023,-0.1229287,-0.4695763,0.0600655
-0.7160949,-0.9593121,-0.7907837,-0.9021244,-0.7776603,1.4802555,1.3707511,0.3255887
-1.1288153,-1.4764007,-0.3843523,-1.9016753,-2.2038369,0.7976865,-0.0423617,-0.8634752
-2.2256633,-2.9983104,-1.5513297,-2.5341774,-2.5049279,-1.1022093,-2.2026745,-2.7172389
-2.1896868,-0.8255969,-1.1967913,0.1543181,0.3772047,-0.7502025,-1.0030177,-1.6338967
-0.5621972,1.9599548,0.2299707,2.1886502,2.6287376,-0.4090149,-0.2252183,-0.1343591
-0.6351612,1.4709204,0.0698488,1.1602336,1.6293354,-2.0074208,-0.8610061,0.1492629
-3.1991974,-0.9648396,-1.9579892,-0.8144483,-0.1658855,-2.5385009,-1.0073827,-0.9583844
1.0044236,1.5230833,1.2920613,1.0519103,1.1446882,2.2541239,2.6220565,2.4848392
2.3987527,2.1652470,2.0410887,0.5330416,-1.0243765,2.9266788,1.7405099,2.1776011
0.7141697,0.4485761,0.4108439,-0.4364968,-2.2533824,0.4918333,-1.0418481,-0.7179361
5.4881620,3.2371643,4.2907734,3.4229516,2.2010249,2.4261133,2.1655656,2.9096098
4.8430443,2.7317686,3.4152286,2.7912047,3.5549769,1.7845167,1.9233096,2.7807286
-3.8458311,-3.5484071,-4.2634317,-3.6540704,-1.7177032,-3.4319113,-3.4587610,-3.0563172
-8.3467061,-6.6013129,-7.9418929,-6.4842023,-6.9494605,-5.5950557,-4.9872362,-5.3466523
-6.4410886,-4.3745680,-6.1614686,-4.0040758,-4.6408029,-3.4320239,-3.1967652,-4.3452938
-1.1534675,-0.0356341,-1.5728229,-0.6947453,1.4173030,-0.3734165,-0.8248313,-1.1690282
-0.2150434,-1.3762482,-1.4080606,-1.5084602,-1.4726499,-0.8313867,-1.5670405,-0.5408247
-0.9784545,-2.6228763,-1.9004512,-0.2913638,-3.5106448,-0.7824942,-1.3042567,0.4835177
0.0412641,0.5167289,-0.2187424,2.0851647,1.6177755,0.3204284,0.6950972,0.4347938
2.6023470,2.6071308,1.2562279,2.1904872,4.1951289,1.7806212,2.3520944,0.6620885
3.1310276,1.7418185,1.3853193,1.1336674,2.9349572,2.6270948,2.4489132,2.0985168
0.8623825,-0.0948751,0.7128461,-0.7053910,0.8435443,1.3075638,0.1890495,0.5672453
-0.3624295,-1.6194914,-0.1322232,-2.1684217,-0.7726148,-1.1658975,-1.0391655,-0.9754339
1.0060365,-0.3762141,0.4568279,-0.6939255,0.0037673,-2.3345647,0.6341401,1.4269481
0.8163918,-0.7102767,-0.3542824,-0.0458353,-1.8511599,-3.3033927,-1.0732784,-0.0675775
0.1196116,-1.7331717,-1.0793194,-1.0988204,-2.0323995,-2.8268139,-3.5541417,-3.0952634
-0.9490027,-1.2681008,-0.9222766,-2.0763587,1.1132970,-1.4666782,-2.4940006,-3.0923331
1.2535541,1.0980461,1.8210625,0.2342467,4.2114748,1.1739160,2.1125090,0.8288453
2.8773385,1.2906851,2.4537376,1.3908356,4.2524750,1.1914157,3.5629284,2.1373510
2.2793326,0.3682308,1.9927545,1.0407735,2.8064573,-0.0989854,2.0898678,1.5327002
2.0160163,0.7419010,2.5540799,2.0616962,1.5335407,-0.0489157,1.4595043,2.6951195
0.7428185,0.5421196,0.9028307,2.2137656,-0.1626149,-0.0993865,0.1891249,3.3304762
0.8455192,0.6413234,0.4571006,1.6852483,-0.4253606,1.5843305,-0.4516893,2.7047516
3.0810851,2.1533613,2.3654320,2.0189348,0.8150401,4.2842673,1.8796144,2.5264498
4.0767181,4.1386998,3.5725650,3.0403891,2.9208069,5.2831720,4.8134333,4.9225858
3.1557323,5.0651155,3.2634302,3.9222740,4.6716100,4.0635255,4.5493053,5.1073750
1.8668522,4.0407906,1.5420510,3.4133904,3.6018121,2.2977280,2.4925370,1.8881829
1.0674250,2.9415181,1.2703198,2.0461271,1.3442803,2.1867833,0.8322565,1.4452330
0.8599314,3.0372395,3.0083418,2.1134872,0.2797050,2.5309188,0.4152915,1.9038873
0.4359579,1.8921815,2.3523782,2.1085501,-1.0153719,2.1743755,1.7768878,1.1043943
-1.0288332,-1.0209337,-0.4770219,-0.5062707,-2.6774048,0.4883294,0.5427591,-0.5398334
-6.1936993,-5.3760250,-5.4087841,-5.6870188,-5.8116590,-4.9615878,-5.4538999,-7.5588589
-6.9688111,-4.2301072,-5.6713874,-5.7963495,-6.4727825,-5.5199952,-5.2350216,-8.8792013
-5.3027632,-2.5642930,-3.8362102,-4.3205584,-6.0339168,-3.1936099,-3.8117629,-6.7512446
-6.1084444,-4.5870691,-4.1897714,-5.1007675,-5.3528663,-3.5497139,-5.7861725,-6.8915095
-5.6216013,-5.0707282,-4.0193055,-4.7896472,-3.3604324,-3.6595510,-4.7731802,-4.6200531
-3.6472087,-3.9163413,-2.3464484,-2.8576504,-2.0306298,-2.5668942,-2.2328604,-1.8394179
-2.6002471,-3.0952194,-1.1481911,-0.9831926,-1.9498844,-1.4283873,-1.1293335,-1.8810163
0.4489150,0.2494063,0.6932197,1.7090110,0.4446106,0.6917217,0.6732411,-0.7981666
0.9257504,1.2274513,-0.1025398,1.9180964,0.8400950,0.8508455,0.2104159,-1.1997634
0.0987803,0.8782879,-0.0746549,1.7612667,0.1368763,1.5448036,0.6371888,0.1818868
-0.7812315,0.1988583,-0.1285006,0.4539209,0.6621518,0.9691707,1.3588312,1.2527432
-0.6090436,0.0918161,-0.6439633,-0.4555426,1.2875741,-0.5917040,1.2693571,0.6978746
1.2066176,2.4285916,1.1425352,1.8086307,1.5307103,0.4729707,1.7078715,1.5334665
2.2476728,3.7933527,2.2770414,3.6675930,2.6362146,1.3930115,1.6971176,2.5515830
0.6025774,-0.0399581,-0.6506013,1.0231298,0.9465183,-1.0299965,-0.8227364,0.0194864
0.1262148,-1.9612177,-1.2795238,-0.8494568,-0.4973911,-1.3998657,-1.5236389,0.0095542
1.9039528,1.2197660,1.4897002,1.5784592,2.0788463,0.8417095,1.0260765,3.3967311
2.6690042,2.1588114,1.8966149,1.4492862,0.7110250,0.3890759,0.9779364,2.5782241
0.8466797,-0.1304087,0.1771338,-2.0761865,-2.6343193,-1.2008906,-1.0904122,-0.7452778
0.8848087,-0.0435020,0.8124608,-1.3244145,-0.0789613,0.4959636,-0.1637766,0.9186608
2.2055523,0.1083852,1.1860992,-0.9674348,0.5099573,0.9388370,0.0872102,1.8762755
2.2168744,-0.1861901,1.0373573,-1.3158785,-0.0729768,-0.2533949,0.4346019,-0.1504391
1.9019462,-0.4098591,1.4311452,1.0027088,2.7007655,0.2438701,1.4842199,0.7009023
1.0656920,-1.2155599,0.6931817,0.5338381,1.9589466,1.2861076,0.3731042,1.9360395
-0.9877438,-2.1098243,-1.3908510,-2.4802135,-4.3240954,0.1158670,-0.8103105,-0.4827593
-1.4239614,-2.1682791,-2.2453818,-3.1007991,-5.2007855,-1.5404610,-0.2412915,-0.9495494
1.4826710,1.3590953,0.7852494,0.0849001,3.1893443,0.9638871,2.4086886,2.5117365
3.3734634,4.3399539,3.3147432,3.4114451,7.2349014,3.0443887,3.8772799,3.8491900
0.3752063,1.1802133,0.3791658,1.5475610,2.3916989,0.3296492,0.3754655,1.6767834
-2.8924655,-2.4518947,-2.3622496,-1.8374790,-1.7672459,-0.6384902,-1.7572528,0.1556281
-0.4311554,-0.1793803,0.2716480,0.5077000,-1.8811914,2.6298497,1.9266507,1.4610009
2.9086746,2.8044377,2.0772355,3.3922944,-1.1338184,3.2998786,3.4089205,1.3464517
1.3515079,1.5367815,0.4379876,0.7841148,1.3932545,0.3603973,1.0883053,-0.3944560
-1.1705838,-0.2517873,-0.1950797,-0.9136523,3.5324471,-1.1486856,-0.4048745,-0.1885465
-0.5720597,0.3870376,0.6596695,0.8174743,1.2467319,-0.7652571,-1.4894161,-1.1341896
0.2141569,0.9531260,0.7644293,0.6908079,-0.3325187,-0.6462639,-1.6833752,-3.4603717
-0.6190228,-0.3018752,-0.4632243,0.0782500,0.7836181,-0.6980713,-0.8463125,-3.0638520
-0.7233023,-0.6529547,-0.8415084,1.3327957,0.0306149,0.0094765,-0.3135414,-0.8098726
-0.8966621,-0.4066553,-0.6622245,0.4653095,-2.1373464,-0.4970085,-0.7214443,-0.0887497
-1.8708217,-1.6032488,-2.3887655,-1.7258707,-2.1417874,-2.1923836,-2.3256965,-1.6192888
-0.2537988,-0.2737710,-1.5671193,-0.2374210,0.2988739,-1.1339859,-2.0737945,-1.2096494
0.9235692,0.7384006,0.8093106,0.5078503,0.3942749,-0.7703437,-1.2539281,-0.5353476
-1.0567932,-2.0416293,-0.1098415,-1.5576497,-1.7533178,-1.9647786,-1.1558132,-1.6277806
-1.8537719,-2.8142541,-1.6323742,-1.5337068,-1.0385795,-0.8645851,0.2525582,-1.4870596
0.5944872,0.5407210,-0.1951768,0.7560924,1.8333057,1.3726845,1.8805917,0.5823295
1.9295960,3.3943505,2.5771528,1.4134787,1.7942680,2.6837089,2.4751547,2.0544465
0.9629635,2.4819317,2.4966701,-0.0019405,0.4983223,1.9066695,1.5523583,1.7202295
-1.2871259,-2.2835699,-2.0295944,-2.0400042,-0.9840905,-2.0657351,-1.6515812,-0.9641591
-1.2381953,-2.6702171,-2.5032680,-1.0076037,-0.2956799,-2.4808341,-1.4948748,-1.6996592
0.9709307,1.2380973,1.3971910,1.4954801,2.3176656,1.8142813,1.5027128,0.6678135
0.2106722,0.9619319,1.4906487,1.1514650,-0.2095887,2.1569658,1.3053456,1.6034335
-1.7046193,-0.6431772,-0.3072856,-0.3520286,-3.3050057,-0.3860338,-0.4390279,-0.1802558
-1.2341154,-0.2188248,-0.2424786,-0.8541660,-1.7601612,-0.4440334,-1.0846372,-0.7878940
-1.3313269,-1.3847466,-0.8135435,-1.4015849,-1.8445590,-1.1381302,-0.6897485,0.0309461
0.7727136,0.4084614,0.5560400,0.5018415,0.2091039,-0.8661448,1.8423745,1.6570193
3.3568946,3.4522322,2.1950145,2.3917734,3.2955674,0.7602177,1.6876926,1.7692892
2.3001998,2.5996523,1.7279775,1.2077467,1.1807725,1.9424169,0.7141461,1.5982050
-1.5487275,-0.1100725,-0.4316755,-0.6812777,-1.8874613,1.1880716,0.2868324,0.8200411
-4.6761410,-2.5861607,-2.9876237,-1.3912682,-0.9970845,-1.6637672,-1.9811907,-1.4450771
-2.4744791,-1.8436434,-1.4519691,-0.0007101,2.1719158,-1.1671742,-0.4116231,-1.0144031
2.3175586,1.5560413,2.3431790,2.2323040,2.6671849,2.1978049,2.7461926,2.4777369
0.0518774,-1.2980890,-1.0290132,-0.7966652,-2.8096021,-0.6975887,-1.5537986,0.2083836
-2.6069076,-4.2787446,-4.5395135,-3.2844121,-5.9162499,-4.4426292,-4.8488321,-3.5932472
0.5783533,-0.9612676,-1.8201688,-1.1937014,-1.7504394,-2.2430515,-1.8498244,-2.3428995
3.5324092,1.3352444,1.1981284,0.3146744,4.5254032,0.9853054,1.6143879,0.8920132
3.8399926,1.1229985,1.9028075,0.8571750,5.9055204,2.2276186,2.7560296,2.6815097
1.2740190,0.4273650,0.1260462,0.2105293,0.6844107,1.4435052,0.8804623,0.5565638
-0.0934258,0.5258148,0.1428280,0.6174788,-1.0437400,0.7984269,-0.0557717,-0.8984931
1.1444782,1.4597390,2.2932543,1.9354850,1.8837933,1.0204141,-0.1701554,0.7177781
-1.8308780,-0.4589262,-0.2309266,-0.9504604,-1.3818056,-1.1547738,-3.2642888,-0.5961382
-2.9754714,-0.3271092,-0.9692188,-1.5462673,-4.6091136,-0.3293132,-1.5173087,-1.0359526
-0.2436338,1.4799453,1.5685442,0.4942900,-1.9894841,2.6831754,2.8134410,1.0047381
-1.2689399,-0.9736677,-0.1205476,-0.6368180,0.3678212,0.5121756,1.1046868,0.3506173
-1.2401841,-0.9770427,-0.1573844,1.0482645,2.5549586,-0.5464185,-0.2919672,-0.4108270
2.7642614,3.9077423,4.4685109,4.8603505,4.3190207,2.9812100,2.1359781,1.7896987
4.2657025,5.4511368,5.1717153,4.2465262,2.7277776,3.6869399,2.8393610,2.1767493
1.8447026,2.4541059,1.2790128,1.2360476,0.0514857,0.0867098,0.1374909,-1.0494639
1.8247698,1.9766718,1.2650100,-0.1922827,-0.2485797,-0.3584153,-0.2971712,-0.9849262
3.3507188,1.9670106,2.4445101,-0.5251623,-0.0041846,1.0948199,0.5004972,1.2348575
-0.0664623,-2.2098265,-1.4081160,-1.3421448,-1.2899693,-1.4833676,-1.7046988,0.3724318
-4.2626146,-4.9848369,-4.8932476,-2.9448294,-3.6791428,-4.0242787,-2.7643345,-2.2366006
-4.3685052,-4.3705166,-4.9052753,-3.9070674,-5.5468340,-3.7901179,-2.1621260,-4.1712954
-3.5337818,-3.2781622,-4.3355644,-3.0676076,-4.5403712,-2.7615495,-2.4784964,-4.1743307
-1.3773399,-0.3771018,-1.7529490,-1.0068587,-0.8520596,-0.9115440,-0.8969267,-1.3191888
0.3355107,0.9066078,0.2118518,-0.2293354,0.9520999,0.1762340,1.6205844,1.0726187
-0.3335651,-0.9956900,-0.6023589,-0.2961792,0.2867968,-0.2391589,0.8615641,0.5055030
-1.5978031,-3.0057930,-2.1832163,-0.7885643,-0.8748870,-2.5688009,-2.7571146,-2.7239718
-1.1561577,-2.1838121,-1.9115291,-0.3512180,0.0595525,-2.1958947,-1.2592761,-2.4207189
0.8835887,1.6135288,1.4764925,2.1904303,2.8654426,2.8156681,4.2616607,3.0482517
3.4963967,4.2819806,4.6654696,3.6089505,4.7165914,5.7072429,5.3191430,6.5624601
2.9148142,1.4674370,1.9428328,-0.1878245,3.0597048,2.1582333,1.4839519,4.0625498
-0.2729988,-2.5972968,-2.2267290,-4.5240248,-1.4802586,-2.1421093,-1.3900269,-0.2244741
-0.2873639,-2.2991281,-1.8888097,-3.5622442,-2.0144359,-1.8566829,-0.8051437,-1.0919469
1.6403072,-0.5333161,-0.0753901,-0.0736770,2.2105236,-0.7345687,-0.0051022,0.4821161
1.7720270,-0.3324079,0.3969191,1.4667913,2.9079053,-1.0982991,-0.4505618,-0.2517718
1.5409243,-0.2123332,-0.1019842,0.6638723,0.8337058,-0.9446608,-0.1157202,-0.6872519
2.5388313,1.5730112,0.9200315,1.2618349,2.5319446,0.4258145,1.7588718,1.8366300
2.8447973,3.3815976,3.2021860,3.1389156,5.7583345,1.6894998,2.9228507,3.1526710
-1.6164521,-0.2321329,-0.0379201,0.1204574,1.4054950,-0.9512397,-0.6251599,0.8110192
-4.8497143,-3.0077762,-3.5685339,-2.2279773,-4.0123990,-2.0066442,-3.2081342,-0.9356828
-2.5395709,-0.4266508,-1.8580756,0.3855852,-1.0374538,0.8196732,-1.3084646,-1.3856668
-1.4370074,-0.4021381,-1.1159659,0.6578692,0.6963877,0.5047909,-1.3358084,-2.1458795
-3.0271487,-2.4939002,-1.9838316,-1.8053790,-2.4190985,-1.1326331,-2.3917465,-1.7821546
-1.0893892,0.0713567,0.0752141,-1.0998144,-1.8817530,0.6591074,0.3770716,0.6263806
2.0650485,3.5056318,2.9204599,2.3488335,0.3920655,2.8782048,2.9394662,2.4703015
1.4611401,2.7826698,3.1355289,4.4958478,0.9174360,3.2460661,2.0779595,2.0264887
0.0289787,0.9490194,1.4646993,2.8218254,-0.0119517,1.8551900,-0.4846212,0.2343832
0.4980533,1.1658888,1.2132384,0.5104562,-2.0845631,0.2829597,-0.9866646,-0.3002223
0.0118239,0.9793848,1.4869628,-0.8859858,-2.5472569,0.1239169,0.3265313,-0.0995412
-2.4769547,-1.0228301,-0.6197283,-3.1755296,-1.4672376,-0.5607202,-0.7283116,-0.9912112
-2.2864789,-2.1533653,-1.4426467,-3.2473030,-1.2336238,-1.7112233,-2.2495378,-1.8142763
1.4586114,-0.4436382,0.9884608,-0.3734926,-2.0971018,-0.4820026,-1.0979007,-0.8427596
2.5592900,1.8867901,1.8124863,1.5740339,-1.9033333,0.9876693,0.2945119,-0.0931952
1.1522000,2.0173696,0.8412315,1.7541680,0.7634514,0.8069719,0.4154529,0.0383221
1.5771258,1.2643658,0.9942657,1.1542755,1.5177066,1.2890677,0.4566283,1.5770931
1.5767957,0.8702430,1.3809150,0.2872335,0.3346842,1.0416720,0.2968716,0.5909476
-0.7468365,-0.6446880,-0.4622724,-0.9182622,-0.4350023,-1.8891894,-0.7937697,-3.4509175
-0.5793201,-0.3814257,-1.1852016,0.2690440,-1.4372778,-1.8509523,0.0735514,-2.1751237
1.2463624,2.0446174,1.1866754,3.0948181,0.0022246,0.8316954,1.9961586,1.7301376
0.1499502,1.1583748,0.8875575,1.6453145,0.8830682,0.1638745,0.4354028,0.5298781
-2.3382495,-2.2050291,-2.2119263,-2.0130383,-2.9696749,-2.0246697,-2.1335252,-2.2547883
-4.5565377,-3.8593031,-4.2799611,-2.9467824,-4.8940864,-3.8871542,-2.7195663,-4.0609191
-4.3339511,-3.2615388,-4.0163275,-2.7127498,-0.7659973,-3.6843956,-1.9103306,-4.0952030
-1.6066699,-1.1462527,-1.6558667,-1.6812141,2.7617250,-0.4344803,0.1033488,-0.6502557
0.6909965,2.2208556,0.9405462,1.8091974,3.7754531,2.5936525,2.4172376,3.5836710
2.4417253,4.6090195,2.8658048,4.1625485,4.2757888,4.4401061,3.0050026,4.9859961
3.1099943,3.1207882,2.9041194,2.6859153,1.6287204,3.8445129,1.3727974,2.5801618
0.9949794,-1.2691159,-0.0870401,-0.6492917,-0.9305803,-0.5721034,-0.4541488,-0.8150869
-0.4836992,-3.1719150,-1.3468563,-2.3696076,0.9611647,-2.2460950,0.8195769,-0.8260480
-0.8739979,-2.9543686,-0.5810908,-2.1826089,1.7658402,-0.3744198,1.2496322,-0.8401305
-2.7200424,-3.7746806,-2.2801496,-2.2746743,-0.6980973,-1.4893629,-2.3093754,-2.3212555
-2.9290162,-3.1933916,-3.0131026,-2.5169410,-1.8272831,-2.3268658,-2.8898579,-1.5635582
0.7963973,0.3747046,0.3596917,-0.3881589,-0.2187674,0.2827380,0.6895709,0.3045794
3.4987854,3.0486141,2.9655199,2.3447411,1.1422750,1.6392086,2.3512733,1.6114823
2.6274751,2.3378246,2.4774958,1.1677376,0.7101935,1.3833326,1.4372397,2.6418755
2.0827664,0.9292170,0.8799925,-0.7068253,-0.0342550,1.2044068,-0.4363005,2.3322473
1.8081084,0.6717037,0.4395645,0.4724669,1.4186241,0.9024601,-1.1235046,1.4940511
-0.0974214,-0.1079641,0.2593383,0.5208270,1.4249353,-0.1499233,-0.8274476,-0.2864905
-0.0944563,0.0027584,0.1715206,0.3473348,-1.1992113,-0.6472057,-0.7524977,-1.6216346
0.9344272,1.3222861,1.1827006,1.8040106,-0.8765651,0.4430824,0.5486760,0.4849123
0.3737138,0.9257141,1.0786557,0.5892960,-0.7968486,1.0003725,1.3121774,1.8634604
-3.2142906,-2.7631379,-2.6137427,-4.3544371,-4.7906967,-2.0319280,-1.9133968,-1.7557938
-5.6934608,-5.0931817,-4.9713221,-5.7837686,-5.0129026,-4.2601534,-3.2995519,-2.5290444
-1.8228292,-2.4379755,-2.5064374,-1.3753916,-0.7000695,-1.4214076,-0.9225553,-0.5962663
1.7687894,0.3972551,0.0178540,1.4905750,1.5914486,0.4644802,-0.1130140,-1.2670260
-0.5307328,-1.0539877,-1.4984538,-0.7295610,-0.7428007,-2.2182116,-0.8967149,-1.7324628
-0.9187405,-0.7125756,-1.5891344,-0.9847249,-2.1906466,-2.1486548,-0.4719947,-0.8659143
3.6138980,4.0314345,3.6425720,3.5259964,2.2870077,3.3544292,2.1234840,2.2528706
5.2203584,5.1188916,6.0887092,5.0901493,3.2746062,6.2245114,4.2677955,4.4558328
2.1117933,2.3450635,2.4715447,2.5888690,0.4076145,2.3662016,2.9286550,1.4681332
0.5304044,1.9072110,0.5261384,2.0950431,3.9046574,-0.5374837,1.1748675,-0.0834875
2.2999195,2.7734219,1.6939102,2.6033906,6.8376478,1.6789487,1.4892519,1.5086797
2.2182994,1.3655770,1.2712212,0.3252189,2.6621876,1.2345434,0.6572842,0.4605547
-1.0698365,-1.4593157,-0.9319177,-2.2288881,-2.0886312,-1.0396465,-0.4795427,-0.1976492
-1.2519073,-1.5874546,-0.9275221,-0.1963410,-1.8288877,1.3329642,1.1608383,1.7185445
0.6348308,0.3698553,0.9900053,2.6813020,0.5818407,1.9634932,1.3526181,0.1880546
-1.3612081,-0.4617333,-0.0724301,0.0186627,0.0826785,-1.2454743,-1.0566858,-2.6141335
-3.2125380,-1.8440308,-2.2065689,-2.3353716,-0.1751332,-1.7328316,-1.2914237,-1.4532173
-1.1672126,-0.1060832,-0.9760016,-0.1305477,1.3186826,0.1229955,-0.1664679,0.4440508
-0.5951038,-1.2011081,-0.8349234,-0.8775172,-0.8010685,-0.4003400,-1.6616181,-1.3256159
-2.0000054,-3.3565108,-2.6441829,-2.9410649,-3.0005344,-2.4105026,-2.8879428,-3.8271772
-2.7606560,-2.3663299,-3.2207654,-2.4245414,-2.3169117,-3.0306475,-1.8792220,-2.8366781
-3.5168528,-2.6569092,-2.8834104,-2.5049628,-1.9607059,-2.6098148,-1.8313398,-0.6742691
-2.0775330,-1.4141932,-0.9714538,-1.2641668,0.2740235,-1.5089360,-1.3449140,0.1736282
0.5692452,1.1325568,0.5594952,-0.2357345,0.6821690,-0.7010813,0.1899833,0.7403389
1.5104525,1.2930673,1.2892281,0.2765339,-1.6280484,0.4115451,1.1685301,2.0049688
2.1339908,1.9260488,2.5476075,2.8138234,0.0044392,1.9956965,1.9062524,1.9384284
1.8038921,1.5968860,1.7281655,1.8811941,1.5091381,1.2181947,0.8146151,0.1022064
0.5616599,-0.5226533,0.1636120,-0.5981325,-0.9549862,-0.2922319,-0.9351580,0.0333846
0.6628739,0.0327231,0.8405937,-0.0324260,-2.1886180,0.3617363,-0.4892759,1.3303710
1.4756321,2.2596108,1.7916198,0.1800211,1.5517600,1.7791744,1.1634085,1.8803734
2.8337268,3.3364902,2.4738608,1.5922881,4.5119217,2.8090939,2.5370515,3.3107403
2.8545014,3.5223546,2.9200758,3.3443442,1.2850209,2.5787313,2.5529842,3.1328939
1.0293709,2.2078500,1.7603204,1.7330176,0.4594427,1.2033019,1.6696952,0.2290764
0.0763164,-0.0982989,-0.5279287,-0.0838089,1.9466979,0.0261439,-0.0921011,-1.4592879
-0.2521899,-1.2718813,-1.0156003,-0.5395015,-2.2563543,-0.6003710,-1.6616562,-1.0992750
0.1865092,0.0259616,1.0486569,-0.5720491,-3.0152547,-0.3214723,-0.1687370,0.1651074
0.9633244,2.0400274,2.2958903,0.0514511,2.2910217,0.2164712,1.6768209,0.4178358
0.4987131,0.9746025,1.1340274,0.6029947,2.5226207,-0.4539892,0.5304344,-0.5058293
0.7196809,-0.4447674,0.2250391,1.8198578,-0.1041901,-0.4148463,-0.5745657,0.0890173
-0.8887284,-2.0321176,-2.0220343,0.1282779,-1.7159321,-1.6420188,-2.5390308,-1.5562767
-3.0605906,-4.2966965,-4.5583511,-3.2806503,-3.4712384,-3.6664109,-4.4353328,-3.5271158
-1.8567061,-2.8264556,-2.6680216,-1.8490555,-3.6323979,-1.1800073,-2.0127752,-1.0102653
-1.7659317,-0.5342491,-0.8872327,-1.0735033,-1.7851730,1.1187923,0.6694578,-0.5292783
-1.7582941,0.1380946,-1.1490222,-1.3093684,2.0124387,0.6020456,1.0705770,-1.4278787
0.2571618,1.3860008,0.2614785,2.2603515,5.0756468,0.8572636,1.4118036,0.6115006
-0.3121384,0.4133357,0.0922290,2.2538850,2.7652165,-0.5257953,0.3371718,-0.0069419
-0.2274500,-1.1432597,-0.8469263,-0.0062410,-0.8942777,-1.1147258,-0.2603882,-1.8867935
0.9076892,-0.3664092,-0.0847910,0.2585709,-1.0699091,0.7625815,0.8948411,-1.3874435
-0.6841775,-0.5295326,-0.2267466,-1.2408048,-1.8122945,0.3222348,0.0524842,-0.0609019
-1.3343163,-1.4532693,-1.0664805,-2.7065446,-2.5750455,-0.0676159,-0.8339626,1.0354545
-3.0662389,-3.5106646,-3.4771468,-2.9784586,-1.1690051,-1.6215283,-1.8434678,-1.0924379
-6.4618668,-6.7087099,-6.6077612,-4.6486831,-3.2465181,-5.6887991,-5.1117208,-4.2977765
-3.4879421,-3.7228529,-3.7622636,-2.7529268,-4.5982849,-2.7009716,-3.5093000,-1.6404244
1.6867545,2.4004623,1.7685884,2.0611111,-0.9411640,2.8268242,1.6322318,2.5293372
2.9321989,3.5147770,3.1352494,2.5747819,1.5086284,2.7622210,2.8795950,2.7640189
3.0373875,2.2652161,2.8493386,0.5597444,1.9660205,1.7961121,1.0745654,1.6887740
3.1493826,3.1880062,3.8869552,1.0192535,1.6127432,1.8123338,0.5598598,1.7554838
0.8822238,2.8190628,2.6979196,0.9900519,0.3602827,0.1146699,0.7036322,-0.0229301
-0.3974361,0.9573950,0.9393373,0.7832122,1.4673721,-1.0122278,0.1742800,-2.6171355
1.9592892,2.1411116,2.6310321,2.6269488,2.6336049,1.9313835,2.0353584,-0.2636755
1.3061261,0.8461535,1.5729075,0.4582704,0.0358521,2.3730363,2.3172815,1.6745516
-0.2321605,-2.1073698,-1.4395630,-2.5034435,-0.7880007,-0.8514237,-0.6683778,0.0246273
3.1253011,1.1141884,1.3413615,0.5884260,2.9684720,0.2954170,0.2851664,2.4989698
4.9402937,3.1556826,4.2039798,2.4396705,5.1031462,1.8343206,2.3715754,4.6682050
2.4914399,-0.2597884,0.8716010,0.2478790,2.4221998,-0.3331881,0.9213753,0.6608809
-0.3024786,-2.7960153,-3.4024897,-1.8427832,-2.1393816,-2.1233779,-0.7534295,-2.5801028
-2.0725742,-3.0223987,-3.8178405,-3.0568123,-3.3138898,-2.3187314,-1.6127754,-2.3797882
-1.6142428,-1.6199854,-1.9441608,-1.7662550,-1.2423688,-1.5184417,-1.1151296,-0.8482400
0.6557422,0.1442258,-0.3698301,0.0617447,0.9954513,-0.9849547,0.9338524,2.0823801
1.8256602,0.7763680,0.2318508,0.1823018,3.5092435,-0.6706501,1.7251915,4.1738999
1.3050306,2.1929735,1.1164000,2.2431119,4.4152319,0.5751504,1.4687361,3.8326571
-0.3192131,2.8189654,0.8509081,3.9786951,1.8798580,0.7228338,0.6405856,2.4533218
-0.4114039,1.7291838,-0.4993383,2.3284468,-0.8712583,0.6855804,-0.3097979,0.9433683
1.3690074,1.3202098,0.5861727,0.9854650,-1.2736874,2.3121960,0.4963835,-0.4328839
-1.9472103,-2.3458176,-1.0181803,-1.5084874,-3.0269713,0.1527216,-0.9773567,-3.1787065
-5.9557748,-5.6939144,-4.1509381,-3.7405938,-3.8194692,-3.5251727,-4.3374498,-5.1186586
-1.5516454,-1.4940095,-0.3244406,-0.7554633,0.4812655,-0.7885664,-1.9617425,-1.5648461
1.4606225,1.3874481,2.5365133,1.5669058,1.7441369,2.2272285,1.1142723,1.9926767
-2.1337934,-0.9579958,-0.5870111,-0.2629315,-2.1144311,1.0016182,-0.7847575,0.4818982
-2.3884510,-0.8753615,-1.2340522,-1.1595871,-4.1436809,1.1010060,-0.6120182,-0.8088595
1.1159998,1.7924442,1.3683871,0.5716142,-2.0883582,2.7914703,2.2509653,-0.1024777
2.7415664,2.7998789,2.5988277,2.3543666,1.5756194,2.3494359,2.1461366,-0.3198043
-0.0358450,0.0509321,0.3636693,0.5042092,0.4174032,-0.7917807,-0.9928471,-1.6103196
-3.7142679,-2.4019176,-2.0241587,-2.3631804,-1.6344341,-1.8835094,-1.5283439,-1.3355337
-2.0730725,-1.0531965,-0.9094561,-1.6068026,1.6594462,-0.3763914,0.7729495,-0.7431335
0.5552851,0.9725428,0.8658806,0.6441723,2.4706112,-0.3916273,0.3114556,-2.0210969
-0.4017899,1.4169817,0.6352477,1.4682845,-1.4309306,-1.2637378,-1.8931445,-2.9769724
-0.6981720,0.8109664,0.0959328,1.1694569,-3.5966986,-1.0236733,-1.6391900,-1.9303849
-0.1828224,0.0577518,-0.2382161,0.0430989,-3.1953748,-0.1170446,-0.4429081,-0.8480336
0.0217195,0.2788512,0.1574422,-0.1731339,-0.3102235,0.3762392,-0.2276500,-0.3553196
0.0970162,0.7101295,1.0623845,0.5676012,2.0888194,-0.6158684,-0.0106804,-0.6276696
0.2372403,0.9439290,1.0145988,0.6649272,0.6635360,-1.6278944,0.2782303,-0.7107290
-0.5463558,-0.3024518,-0.7932088,0.1090122,-1.8231208,-1.7219913,-0.4222341,-0.3083043
-1.8803146,-2.1124025,-2.3694737,-0.7191684,-1.9070177,-0.9093368,-0.6420791,0.4873567
-0.8624283,-1.6488071,-1.5582186,-1.4419187,-0.2956842,0.3193442,-0.2369301,2.7284075
1.1686711,-0.3091420,0.0294980,-0.8274318,2.4032917,1.0164606,-0.0643403,2.7615249
1.0262065,-0.9357974,-0.1422480,-0.0988972,3.6891619,0.3918046,0.0445920,-0.5116447
0.5926224,-1.8509378,-0.3310163,-0.7340451,0.9676218,-0.3605876,0.7099591,0.3448286
0.7487521,-1.2644975,0.4705224,-1.4456070,-0.4793655,0.1997845,1.5600001,1.4032658
-0.0758801,-0.8956858,0.6677914,-1.0440267,0.2664212,0.3190687,1.0466994,-1.4865816
0.9388761,0.7187269,1.8165167,1.4185282,0.1864686,1.5909226,1.2356727,0.2814929
2.9249076,3.4698741,3.2468438,3.0031011,1.3334437,3.7574743,2.1558846,3.4301394
1.6677732,2.7866649,1.4732900,0.5815967,1.7470545,1.1491026,0.0853034,1.5659841
1.6628244,2.3148790,0.9720947,0.4158543,2.2537264,-0.1436323,-0.1082901,2.1716012
1.1912398,2.0779129,1.2971738,1.0743398,1.8998315,2.0060134,1.6896639,2.5038023
-1.4108660,-0.7225511,-0.9166433,-1.0896251,-1.7667650,0.4065090,0.2228629,-0.7808011
-0.6910767,-1.8102344,-1.5081588,-1.0930851,-3.1044028,-2.0620089,-1.8629858,-1.3504620
1.9993308,0.1784323,0.6662401,0.5888630,-0.0218757,-0.9773304,-1.4360271,0.3584876
2.7840291,2.0560617,1.7454929,0.6290624,1.8083579,1.2627641,0.5845983,1.5243509
1.8229906,2.0837401,1.3719340,0.0697070,-0.0017244,1.9947810,1.9213576,2.7821329
0.9019807,0.8497561,0.6820531,0.7323822,-0.6330361,0.8238325,1.8087649,2.8261192
-1.1808436,-1.7772141,-2.0799700,-0.4112567,0.0724751,-1.6879481,-0.4216500,-0.8822596
-2.6538255,-3.1434863,-3.5331248,-3.0889616,-0.2951564,-3.0146229,-3.1562349,-3.8469895
-0.3911816,-1.5127048,-1.2367250,-1.4887696,-0.5331906,-1.9364498,-2.7186424,-2.2858918
1.0735739,0.7058043,1.0076649,1.9858224,0.0173939,0.3354004,0.5171726,0.1192034
-0.7816198,1.7754360,0.7525236,1.3442583,0.6079509,1.7279207,2.8092062,1.0323975
-4.3363541,-1.7307054,-3.8485430,-2.8463046,-2.5928346,-1.7612660,-1.0718023,-1.7284407
-4.1875309,-3.5971346,-4.7163673,-3.4642045,-3.7098314,-3.6311070,-4.0670722,-2.8533409
0.9761146,0.9160218,0.9795866,0.8737791,2.2054125,0.7859836,0.7343120,1.3655718
3.2969717,2.8651886,2.7010198,3.9622046,5.2576483,2.1933484,3.1044557,2.3135710
1.4477903,1.0183669,1.2691896,3.8587230,1.5407674,0.3731181,1.2152629,-0.0724462
-1.1387002,-1.4348108,-0.0877429,0.8053734,-2.7444024,-0.5631838,0.1146475,-1.9206522
-0.9775288,-1.2282229,-0.4387315,-0.9799728,-1.7480024,-0.1502983,-0.4482479,-2.5600890
0.1212570,1.1319615,0.0161523,-0.0715218,-0.2587892,0.4845374,-0.7614401,-1.6000522
-1.5724413,0.1531764,-1.2633961,-0.9154141,-1.3546923,-0.9604199,-1.3697601,-2.1495882
-2.4498170,-1.1951141,-1.2024334,-1.9016533,0.8613903,-1.3200777,-0.9695145,-2.6051257
-2.3269356,-1.8598023,-0.9682044,-1.6126965,2.1296298,-0.6016442,-0.2077391,-0.0563826
-2.5920518,-3.2986138,-2.0721641,-1.8335456,-2.3165259,-1.5308574,-1.2860930,-0.1228498
-1.2405989,-1.3946397,-0.6084728,-1.4464788,-4.8000408,-1.5203316,-1.4656787,-2.6036031
0.9773590,1.3200366,0.9834876,-0.2555707,-1.1003631,0.4430660,0.4156466,-1.3597108
3.7752259,2.4330366,2.1742295,1.4463425,2.6066782,2.6755224,2.1230384,2.4760192
3.8054129,2.2821907,2.7246924,1.3276109,2.0267233,2.0436432,1.0597299,3.4130382
1.0377786,0.1950820,0.7908011,-0.6515735,1.0842322,-0.6742584,-1.0543796,1.2579881
-0.0333581,-0.7112901,-0.0725546,-0.9583296,-0.1504292,-0.5846497,-0.6162094,0.4361457
-0.2723152,-0.3831533,0.4676798,0.2521959,-1.5156477,0.9342823,1.1339091,1.2927174
-1.0505806,-1.9256020,-0.5787807,0.3675241,-0.9352092,-1.0691275,0.2636302,-0.7279353
-0.3284748,-1.5924067,-0.6423184,-0.0650634,0.0867867,-1.5992317,-1.3764996,-1.6434573
0.7334434,0.5505371,-0.3501582,-0.6155397,0.1032342,0.7554688,-0.5152160,1.2112478
1.5133778,0.8387355,-0.2579757,-0.2969447,-0.8359863,0.9599550,0.5489570,2.8156000
1.4743800,-0.0487905,0.6465661,0.7281199,-0.9064665,0.5419056,-0.3042738,1.6502004
1.2582143,0.7550957,1.7412404,1.3719336,1.2564104,1.0294091,0.4145441,0.7872862
0.8490803,2.1595409,1.9223911,1.3482633,2.3447563,1.0385203,2.0499908,-0.3176854
0.3720023,1.5576343,1.3970399,1.3514920,2.4135679,1.9384379,1.8645850,0.8367363
-1.0163413,-0.9751949,-0.2977686,0.3751103,1.4570894,0.4723848,-0.2748076,1.7052938
-3.6214464,-2.6278853,-2.6596540,-1.5418062,-0.5106165,-3.5790843,-2.4444974,-2.0679893
-1.4875636,-0.2005861,-1.1266517,-0.1315096,-0.7009180,-1.9452974,-1.0057489,-2.2101648
2.9592231,3.6604936,2.6521318,3.2354301,-0.3045354,2.7782094,2.1460069,1.3013507
0.1625752,1.6973803,0.4758703,0.6534201,-0.0392926,1.1855877,0.8955386,-0.2161178
-2.0900841,-1.3758026,-1.4235951,-3.0170165,1.8772275,-0.7342091,-0.7691167,-0.9931024
1.4221134,0.8277227,1.7601336,0.6232793,3.4607741,1.6645522,0.9675660,1.4418432
1.1261812,1.5260425,1.0018267,3.4256180,1.9657212,1.4567793,1.3807987,0.6241829
-0.6147884,0.2879566,-1.1943388,1.3593632,-0.8159759,-0.2166945,1.4097400,0.0961683
2.6185198,2.4653654,1.4017776,2.3270373,0.4064893,1.1894148,2.7248410,3.2504217
2.0856960,1.4083729,0.8483811,1.7592194,1.3417878,1.7213383,1.2392420,1.5466377
-1.0958204,-1.3922439,-1.3151375,-0.9694396,-1.0719809,1.1448905,-0.0612225,-1.7161167
-0.8252026,-0.9679449,-0.5906356,-0.9453697,-1.3081215,-0.3313397,-0.6878561,-0.9073631
-0.7116125,-1.6187296,-1.1898933,-1.4696999,0.0064571,-2.2035991,-2.2328481,-1.5160103
-0.4331683,-1.6032344,-1.7763886,-0.9846116,0.2888134,-1.2356972,-1.1242789,-1.5323932
-2.2482265,-1.9785937,-3.2597855,-2.3513380,-2.5618776,-2.6284967,-2.1347431,-1.1623919
-5.7714717,-5.1221445,-6.0918338,-6.1706932,-7.8127573,-5.8627754,-5.3141829,-3.7436141
-2.2048504,-2.8942179,-2.5349539,-2.2338094,-5.2214171,-1.8463460,-1.1773608,-1.6068417
5.2233081,4.3636014,5.5367240,4.5836578,3.7390279,4.2807796,4.7670756,4.2890801
4.3867224,4.0406699,5.7795291,2.3674364,2.9769646,2.8354403,2.2626922,1.8628185
-0.8247118,-0.6801406,1.1700986,-2.1283801,-1.8660479,-0.4202138,-1.4119427,-2.5194151
-1.5943831,-0.1129744,0.3277732,-1.8159167,-0.1132693,-0.4113651,-0.6327353,-0.2503100
-2.3338947,-0.4168070,-1.1182336,-1.8030949,-1.5264480,-0.9257734,-1.1633356,0.5646086
-4.2923472,-3.4268564,-3.1288734,-2.8406234,-5.5800967,-1.9203207,-3.0886871,-1.4844859
-2.3338202,-1.6963039,-0.6866950,-0.8544971,-2.3807363,-0.3538866,-2.3327819,-0.1078624
0.4249057,1.3338668,1.3980466,1.3138912,2.5130026,1.4745574,-0.5074847,0.9837314
1.8995068,1.9307429,1.8223779,1.5339879,2.5722105,2.0597269,1.0579203,0.3495155
2.0825636,2.0486806,2.1080810,1.5025966,0.9821025,2.1929790,1.8985267,0.3860267
1.4702120,1.9687240,1.3384726,1.3426338,1.4649894,1.4347007,1.6379187,0.5094975
1.3268036,1.1061524,0.2868381,0.8172258,0.9501028,0.1528503,0.2426317,-0.0549403
1.6507891,1.2453714,0.5574333,1.5736933,1.4515246,0.2418324,0.7977380,0.2659351
1.7844278,1.4719704,1.1749118,1.6674077,4.5302211,0.2607547,2.4977203,1.0430999
0.8587439,-1.1416275,0.0546828,-0.9156739,3.0014664,-1.3187599,0.4892721,0.8108683
-1.7011040,-4.2735935,-3.0873530,-3.3960083,-1.9132020,-3.5569098,-2.7329751,-1.1117593
-1.6468975,-2.2310336,-3.2776853,-1.4508117,-1.9784567,-3.0792424,-1.8675877,-1.5209416
1.4393906,1.2063139,-0.5589069,1.7946311,0.7266631,-0.2996995,0.8849324,-0.0164690
3.9946525,2.2075545,1.7040903,2.3573473,2.9252594,1.9151383,3.4630987,2.3814977
4.5141024,1.3506621,1.9991900,1.3063462,5.4147526,1.9622812,4.3132093,3.6347435
3.5000262,-0.1188718,0.4989257,0.1609370,4.4114777,0.1985556,1.9028973,2.4604545
-0.1660538,-1.9428076,-2.0768529,-1.9894404,-1.9369317,-2.4332665,-2.2754688,-0.5383854
-2.9955802,-3.1818914,-3.0667449,-2.0383462,-2.3703109,-2.5276123,-2.3365536,-0.8393281
-3.8454793,-2.9738195,-3.2360982,-0.1389922,2.0286949,-1.2645210,-0.1361687,-0.1256392
-4.1810677,-1.6413100,-2.7242763,0.0998436,0.4316975,-1.5088921,-1.3133486,-1.8884861
-1.0438886,1.0618031,0.8785746,0.4476638,-1.6388679,-0.5691940,-1.8141044,-1.2055760
2.8274296,3.2649266,3.6891530,1.0168101,-0.2036194,0.9336957,-0.3946868,0.8080510
2.2667372,2.4705320,2.2763812,0.2139747,-1.5424585,1.4373487,-0.3962616,0.0874922
0.2102178,1.2529144,1.3230355,0.4170335,-3.4849147,2.9088478,1.4101761,0.5617537
-2.1526316,-0.4912865,-0.0977571,0.3712538,-3.4987279,1.6626451,1.3942862,-1.1760020
-2.1459192,-0.3777182,-0.7968505,0.2398255,-1.3517498,-0.4334961,-1.4113327,-3.7594406
-0.0557938,1.9884888,1.5122944,0.1731865,0.8365276,0.5221373,-0.7153252,-1.9396398
-0.6921228,1.0093928,1.3091474,-1.2329126,-1.6296222,0.4208150,-0.3594143,-0.4995205
-2.7429307,-2.1908099,-1.6349863,-2.1001782,-3.9967307,-1.3063563,-2.5735155,-1.8828554
-1.6256796,-1.6594847,-1.3121225,-0.7416335,-1.1865437,-0.5266779,-1.4005651,-0.4690074
-0.2767738,-0.3910414,-0.2014781,0.5956788,-0.0845490,0.1320631,0.0022552,0.5739878
-0.8142626,-0.9873852,-0.5475086,0.7674175,-1.5901352,-0.8489523,-1.0372748,-2.3569270
1.5683426,1.6428397,1.5249425,2.2943974,1.4811524,0.9634579,0.7653747,-0.9730523
4.8177412,4.5598772,3.8780121,3.7052965,4.4063977,3.7289070,3.9613014,3.6687269
2.0218507,1.0722103,1.3933558,0.3460379,0.6728895,1.8433401,2.0232232,1.3447557
-0.5396143,-1.1010452,-0.2541744,-1.1533873,-1.2897587,-0.0409894,-0.8443206,-1.6193428
0.5949719,0.9590246,0.5079819,0.9142574,-0.6288443,0.6453160,-0.7428910,-0.5686226
-0.6239082,-0.3331626,-1.2696492,-0.5492788,-0.9097937,-0.1392781,-0.9917764,-0.5918271
0.3722784,-1.1447881,-0.2821759,0.1619735,1.2245659,0.9488528,0.6452085,1.6542852
1.2007237,0.1839253,1.3004205,1.6550518,0.4531281,1.7715720,1.7902489,2.9831756
-3.8525605,-0.9977615,-1.5200254,-1.7992786,-0.9933824,-1.4105138,-0.2081291,0.2832778
-3.5948611,-0.7285981,-1.1612663,-1.2460584,2.2382667,-1.3875524,0.2094132,0.7956659
1.4072407,1.4642167,1.7727423,2.9681073,3.4039173,1.5721286,1.8082021,3.3306424
-0.3145857,0.4270857,0.1779932,1.2751442,0.7429502,1.0961293,0.6616131,1.6352687
-1.3534492,0.2770096,-0.8708882,-1.0418631,-0.9845331,1.1932437,0.6090457,0.8032760
1.2123032,0.6559518,0.2774581,-0.3661927,-0.8103960,1.6706936,1.8102671,2.1877839
1.1958073,-0.8180640,0.2314298,-0.8612470,1.3371181,-0.3373301,1.4201893,1.4799325
-1.0611687,-1.5607700,-1.3164590,-2.1717002,0.9413001,-2.2213900,-1.0344237,-0.9110424
-0.8773776,-0.3926007,-0.5692789,-1.3180376,-0.9346568,-2.0911656,-1.3701628,-0.3044360
0.5258227,0.0603756,0.6175480,-0.1872719,-0.0293844,-1.0144663,-0.0693270,0.7714349
0.1704612,-1.2794781,-1.1820980,-0.8894674,-0.8353485,-0.8951469,-1.0645187,-0.6669827
-2.5437437,-4.8101794,-4.4336053,-4.5098098,-4.8529941,-4.3037060,-3.6975885,-3.5590836
-2.8707451,-5.4704574,-3.7652318,-5.4187880,-5.0144385,-4.8774917,-2.7462493,-2.6146458
-0.2500903,-1.4440683,-0.5262621,-1.5393875,-1.1445077,-1.6582046,-0.5559097,-1.1968244
1.6145056,1.8863536,1.2301452,2.0637151,2.7472496,-0.1695637,-0.5527514,-1.2673553
0.3650036,0.4334456,-0.5926397,1.3311070,1.2120171,-1.3127890,-2.7119681,-2.2338414
1.0692907,0.7564615,-0.2022622,1.1278692,-0.1261016,-0.3616265,-1.9202343,-2.3247049
3.1296863,3.1926461,2.4983926,2.8581916,1.3529455,2.5448157,2.4766833,-0.5051929
2.7695822,1.9113506,2.3210676,2.0115101,0.4104235,2.4319981,3.0891590,0.3579051
-0.3228895,-1.9799902,-1.1435336,-1.4423715,-1.1590869,-1.0146066,-0.8274742,-2.5852688
-1.5814772,-1.4739011,-2.0461579,-1.1921646,0.3702388,-1.1400816,-1.4429737,-1.3838708
-0.9224799,0.8581828,-0.3823159,0.8462514,0.5305993,0.2152638,-1.7782809,1.2561289
-0.5470105,1.4301879,1.4687188,1.1353119,-1.0030257,0.4383713,-1.3895432,-0.2541859
-0.4993277,1.4901695,2.1278091,0.8944626,0.0779282,1.1939043,2.2589784,-0.3598640
1.0079020,1.6593413,2.1675421,1.5787783,2.1172283,2.0690089,3.4886714,1.4480624
2.2551043,2.2103939,2.6748542,2.6966752,2.4017121,2.7094039,2.0053364,2.2229931
-1.4518757,0.4037986,0.3293608,0.1152382,0.0389017,0.5743557,-0.7118275,0.9703626
-3.7016975,-2.0539969,-1.6988324,-1.9298352,-1.5500439,-1.5409710,-2.1984922,-0.7957165
1.9386714,1.3738222,2.4704403,2.9489335,2.5150547,3.2059245,2.4262972,3.6135163
3.6011551,2.6130567,2.7700154,3.5710114,3.7718562,4.1880707,4.7270664,4.7363286
0.5528983,-0.4428760,-1.2553034,-0.3658743,1.2132700,-0.0516634,1.8318413,-0.4393224
0.3731362,-0.4670922,-1.0534299,-0.5389812,0.5808166,1.0517786,0.9212492,0.2139569
0.0016853,-0.3448857,-0.4226726,-1.5131930,-0.7566216,0.3420475,-0.8089856,1.2960687
0.6315486,0.3408340,-0.3511421,-2.1104792,-1.1670691,-2.2261896,-2.4665468,-1.0384449
2.1151698,2.1393914,0.9822583,0.4671395,1.0622031,0.5479752,0.5976980,-0.4800397
0.1717666,0.0272286,-0.1799642,0.5884536,1.6948655,0.4313591,1.8195295,0.0630684
-3.7884146,-4.4428996,-4.4456340,-3.4323654,-2.3715996,-4.7460163,-2.6043905,-2.7746731
-2.5383664,-2.9281329,-3.4757452,-3.1818953,-3.8187147,-3.5137394,-3.1920983,-1.9954638
2.8774393,2.8257805,2.5811384,1.9929204,0.6848007,2.5057982,1.7790474,3.1872026
2.5101875,2.5948293,2.9271077,2.2502406,1.2422876,2.8453969,2.3443122,2.6790689
-0.6254602,-0.3898403,-0.4475897,-0.4548240,-0.9032354,0.6973155,-0.3309581,-1.6598644
1.6976042,1.5562975,1.1706478,0.9046978,2.0225105,1.9137334,1.3399331,0.6040118
1.5466753,1.0881361,1.0653967,1.1180310,1.4438019,1.0147800,1.0787201,1.4334905
-0.6496406,-0.3233746,-0.3219828,1.1764952,-0.9489211,-0.0527720,-0.1370106,0.3281444
1.1073514,1.9492909,1.9039711,2.9648494,1.2201707,1.1782900,1.7711665,2.9661739
-0.9895490,-0.5518766,-0.6474448,-0.7909409,-0.9347601,-2.0329532,-2.0045889,-0.8562629
-5.1923594,-4.0490651,-4.5989970,-4.4048359,-3.6389999,-5.7849712,-6.2856007,-6.3014521
-2.2889027,-0.6097215,-1.1847341,-0.2232385,-0.6499983,-3.1305276,-2.0499662,-2.0610924
0.3282746,0.9052759,0.9327089,0.9670634,-0.4765683,-0.0430365,0.8935673,0.9380157
-0.5350805,-0.7233611,0.0012230,-2.1967962,-2.2645050,0.1499413,-0.4617179,-0.5547779
-0.6771794,-0.9128904,-0.1485065,-2.4392256,-2.3628221,-1.2796843,-2.1194670,-0.9522928
-0.6079325,-1.0503017,-0.7303074,-1.6362239,-1.0558078,-1.9946663,-2.5376252,0.0182093
-0.9213919,-1.3003208,-1.5475004,-1.5936946,-0.9191165,-1.4860615,-1.3153407,-0.9371119
1.6056555,1.1033797,0.6190973,0.6578298,-0.3088737,1.0123957,2.1376123,0.0136127
2.4177193,1.8110503,2.0152402,1.7539953,2.5541842,2.8812188,3.5268612,2.4244623
-0.5067532,-0.2190866,0.5568648,-0.1978071,1.5559805,1.3244297,0.4336133,0.4413135
-1.7135472,-1.4629150,-0.4226096,-1.8195180,-1.9585638,-0.5022002,-2.1040013,-2.2757474
1.9552817,0.5120910,1.9108378,1.4230565,0.8654876,1.4471907,0.9389795,0.9426252
4.2546958,2.6658590,2.5385706,4.7363392,3.7378056,3.1685517,4.5451605,3.0097489
3.0718938,1.9681118,1.3150188,3.6207354,3.3066144,2.9914516,4.9171897,3.4337915
0.0945030,-1.7786800,-0.6149708,0.0853026,0.6789942,0.2987505,1.4250954,1.4612056
-0.6397841,-2.4529497,-1.6567879,-1.6769974,-1.4626331,-1.3284814,-1.2064812,-1.2722531
-0.9548677,-1.3400345,-2.1580930,-2.8085925,-0.9753560,-0.9438788,-1.6400465,-1.3267535
-0.3662037,-0.3058560,-0.8924796,-1.2659189,0.3312437,-0.5959171,-1.1178536,0.5797662
-0.6244208,-0.5728147,-1.2942511,0.3512291,-0.6726035,-1.5038169,-2.0413888,-2.2201668
-1.2283683,-0.9215744,-1.3128449,0.5466950,-1.2602360,-0.7968771,-2.0298055,-3.8274380
-1.7286984,-0.5562214,0.2400729,0.0890901,-2.1593441,-0.1168097,-1.1067167,-2.1559389
-1.3941166,0.6554727,1.0575286,-1.3612393,-2.0516254,-0.5450832,-0.4144384,-1.0592690
-1.4370890,-0.7407568,-0.9914735,-2.3399125,-0.1608822,-1.9960906,-1.6595860,-1.7276512
0.5514744,0.2405438,0.1342730,1.5799674,2.0487349,-0.9044402,-0.8492518,1.1156902
-1.5126171,-0.2839523,-0.4338015,1.3649810,-1.1906310,-1.0767431,-0.7886012,0.6581183
-5.0956827,-3.9035227,-3.6347593,-2.0840839,-2.9573171,-1.9542827,-2.4520577,-2.7584764
-1.4316800,-0.5540036,-0.7078250,-0.1580688,2.2843215,1.8116589,0.3467690,0.0846507
2.5559780,4.5277034,3.6106830,2.4426821,3.6013914,5.2624937,4.3886782,4.2934776
-1.2830014,0.2648454,-0.2899073,-0.4445566,-1.8409484,0.4957921,1.0498923,-0.4038394
-2.1277539,-1.7063798,-1.6159823,-1.2918311,-1.0548857,-3.3820157,-1.4228914,-2.1546071
1.4312115,1.0434323,1.1816228,1.3492739,1.5719234,-1.3118701,0.6391655,1.7367939
0.1905689,-0.9189950,-1.2378587,-0.4250239,-2.3048515,-1.3524399,-0.0917553,-0.4301420
0.1046202,-0.5695099,-0.8114974,-1.0555252,-0.6128921,-0.2252949,0.3993985,-1.0113533
2.0159914,1.9217944,2.1076433,1.1859314,4.2237806,2.8209638,2.4912644,2.5830086
-1.3903319,-1.3727028,-1.5607509,-1.6123104,-0.1040341,0.8704645,-0.2064875,0.8742756
-1.9104366,-1.3152505,-2.1284983,-1.9149513,-3.2746103,-0.0720255,-1.5845908,-0.2823633
3.9592090,4.3305601,4.1901781,4.1864972,2.8677159,3.7171337,2.9592194,4.0725079
1.2788254,1.0138584,1.3858725,2.1553564,2.3596536,1.5505653,1.4094790,0.6346426
-0.2419780,-0.5043845,-0.6789180,-1.2108753,-2.1628040,-0.6525962,-1.0772331,-1.2255727
2.7882083,2.3476365,2.5723253,0.2287837,-0.7774519,1.0600683,0.6599529,1.1823181
0.7821403,0.6606398,1.7415248,0.5688841,0.5017814,1.0095646,0.4379149,-0.3941047
-0.4067307,-0.2440154,-0.3548045,0.1513849,-0.1791399,-0.8092737,-0.8619687,-1.4214781
2.6715617,1.1178575,0.5383220,0.8796822,1.9546863,-0.8646699,-0.1344249,0.8265021
1.1945047,-0.5269980,-0.1885868,0.0733932,2.2618206,-1.0358553,-1.2915858,-1.1436005
2.4131802,2.1357455,2.6133585,2.4140385,2.9868145,2.1456411,1.4444817,1.3993007
2.5289336,2.9809661,3.0590175,1.8787163,1.1407961,3.2863768,3.1462635,3.2742565
0.2755610,0.0081532,0.9173654,-1.1428883,-1.1094863,0.1576781,-0.0063324,0.2160870
0.3878104,-1.5851455,0.0003621,-1.4698140,-0.6015542,-3.1655983,-2.4725174,-2.9374744
3.4066671,1.3317013,2.1431439,1.0973261,2.5337057,-1.0412346,0.9295961,0.6201216
2.5171198,0.4709765,1.0381296,-0.3957715,2.4368701,0.1290632,1.7436873,1.5693514
-1.0088587,-3.5812527,-2.7936018,-2.9341144,-0.6452919,-2.2964648,-0.8810113,-1.6943728
-1.2906150,-1.6539836,-1.7048208,-0.2388949,-0.3575268,-1.7316028,-0.3158221,0.5822916
-0.0330823,1.2110368,0.6212661,1.6283787,1.0352707,-0.6280884,0.2076729,2.7871353
-2.5846679,-2.0913664,-3.0863465,-2.1530325,-0.9431353,-2.8378449,-2.4103099,-1.9678253
-2.8112430,-1.8815901,-3.6217718,-3.8435965,-0.9684249,-1.0413382,-1.8115458,-1.4479798
-0.4224171,1.1078277,-1.0757310,-1.1506037,-0.1428790,1.7614232,0.5791480,1.8078617
-2.6577497,-1.5662327,-2.8327080,0.4690341,-2.0237514,-0.9991063,-0.5069121,-0.8867052
-4.5472912,-3.2126740,-2.8220073,0.2103517,-2.5338607,-2.7369425,-1.6197543,-1.8976238
-0.1802321,1.3013859,2.0084966,2.2317847,0.0677536,0.9061047,0.8833771,1.4829049
-0.8362608,0.8801142,1.2028467,0.6089398,-0.7899313,1.3250362,0.4433975,-0.8850023
-4.5012894,-2.7948984,-2.2494311,-2.8673590,-3.2458753,-0.6647622,-1.3620423,-3.7505407
-2.2272872,-1.3688324,-1.2310454,-1.0873087,-2.7962073,0.3579325,-0.5948743,-0.5332093
-2.3160822,-1.3940389,-1.9005692,-1.3823448,-3.0424109,0.1952505,-2.3416282,-0.6169758
-0.9266581,-0.7357861,-0.8449810,-1.1593037,-1.6928325,0.6864780,-2.2760668,-1.4163461
5.9198810,4.3743907,4.2887658,3.0771854,2.0198990,3.0439190,1.9880033,2.2581206
4.4411798,3.3983785,2.9981732,1.3026004,1.7766228,1.1983860,1.4865032,0.4747352
0.2637373,0.1252032,-0.0974098,-1.0891070,0.3256314,0.0055775,-0.1256926,-1.4576637
-0.6870875,-2.0201179,-2.4165466,-1.0680598,-1.8649360,-0.6782548,-0.6360562,-0.7946763
-0.7660435,-2.9284804,-2.9319167,-0.6214205,-1.6309162,-1.2003065,-0.6206147,-0.4979575
0.5020799,-0.0277416,0.5106116,1.1641483,0.4762036,1.3531990,1.3907506,1.0776751
3.8050430,4.0657577,5.0097890,3.2683771,1.1023730,4.0688213,4.3258855,3.9868538
2.8230092,3.0982382,3.7320524,1.6979523,0.5600388,1.6338667,2.6097743,0.0012689
0.5609271,1.7455545,1.7203365,0.6244876,1.7255019,-0.7359949,0.6078171,-2.7270432
-0.4644068,0.5745531,0.7636102,0.9528086,2.1922553,-1.0775373,0.1587263,-0.2811128
1.5775606,2.4151800,2.4449338,3.3558450,3.2912114,1.2233506,1.1656065,2.9762650
0.9982066,2.7801241,1.2875966,3.1578048,1.5423220,0.7352779,0.2340410,0.3836423
0.5620940,1.6531586,-0.1319385,1.6987674,-0.5901953,0.0575855,0.6547618,1.5566059
-0.3640133,0.4477777,-0.4706195,0.0934628,-1.5507932,0.6756038,0.3862814,2.2620050
-0.0889592,1.0034524,1.1745846,0.4434548,0.6453167,2.0116429,-0.0045982,0.6235861
-1.2156934,-1.1359345,-0.0508692,-0.2735058,1.4825750,0.3509949,-0.8248521,-1.2624576
-3.6489237,-3.6635505,-2.1987241,-1.4988979,0.2239305,-2.2084731,-1.4563741,-1.8656372
-4.7473095,-4.5146928,-3.3904662,-3.6342163,-1.2612576,-3.6607930,-2.5104093,-2.2298535
-3.5576403,-4.8629554,-4.3699714,-5.4581821,-3.3439796,-3.7569632,-3.2210581,-2.9809207
-1.1404058,-3.1726121,-3.4185467,-3.2774597,-2.7332571,-2.4107174,-1.8924633,-1.8770128
-1.6261654,-2.4706032,-2.6015536,-1.9330968,-0.6599340,-2.6750719,-1.6996364,-1.1418865
-2.5498455,-2.8180952,-1.2669252,-2.7176923,-1.5540756,-2.0481668,-1.8187518,-1.7679390
-1.7533563,-2.3094035,-0.5825361,-2.2359252,-3.1798180,-0.7464485,-2.0994224,-2.7075391
0.6914942,0.6894357,0.7719500,0.8488280,0.4912466,0.6172932,-0.6020552,0.7244014
0.5583416,1.2534648,0.5806975,0.8095625,2.4454462,1.0529567,0.4653526,1.8227761
2.5772931,1.7717693,1.4882097,1.8217217,2.3311848,2.5141860,1.9567180,1.8673255
1.9049613,0.7410285,0.5358738,2.3092804,1.2366048,1.3446760,1.6688027,0.5493900
3.3173503,3.2875595,3.5990067,4.2849528,3.0558026,3.2521185,4.4551624,4.7940301
0.4601094,1.2891426,0.6243630,1.0619411,0.4143429,1.5462903,1.7703714,0.5318175
3.0203427,3.9031994,2.6337650,1.7454715,2.8348130,2.6437916,1.9038168,2.5361657
3.8412439,4.0452728,3.4227244,1.7371037,3.3805368,1.7521296,1.5629900,3.5117329
0.6871618,0.2309417,0.2155514,-0.8364317,-1.5013754,-1.3995344,-1.0401962,-1.0717298
-1.7340985,-1.4986608,-1.7990369,-2.2052138,-3.8407987,-1.8952548,-2.1630311,-2.3673053
1.8618901,1.0676384,1.4293296,1.1055313,1.0250798,1.2107903,1.1021254,2.7619295
-2.2558144,-3.4583298,-3.1280359,-1.9480280,-1.6823202,-2.5572753,-2.3080614,-3.9634252
-2.0784188,-2.0036581,-2.4094862,-0.9168014,-1.1776058,-1.1962335,-1.1864551,-3.3881893
1.7964528,1.8464807,1.0682803,1.6591984,1.4995793,1.3022251,1.2400705,2.5755537
-0.3958270,-0.5984418,-1.0945879,-1.1697973,-1.8376661,-1.1038159,-1.1962709,-0.0468113
-4.3640983,-3.9436475,-3.6811209,-3.7761944,-3.7250346,-2.1783752,-3.2055292,-5.0692308
3.1692161,2.9914345,4.1958577,2.8715535,3.3998731,3.1646236,2.5440157,2.6914880
3.7819320,3.8299509,4.0066271,3.8489630,2.9893980,1.6092313,2.8476843,1.7312491
-1.4730494,-0.6370752,-1.7650764,0.0704372,-1.2786956,-1.9354977,-0.5032554,-3.4794163
4.2124186,4.6866460,4.1439541,4.8371702,4.0668693,4.1822043,4.6850782,5.9272374
0.4005027,1.1482444,0.6726801,1.0768075,0.7900502,1.7558395,1.3395528,2.2919413
-7.5206126,-6.6808985,-7.0677766,-6.7770721,-6.2109535,-6.2044257,-6.4852654,-7.7070990
-0.2299626,0.3640050,0.4398776,0.0958058,1.3997678,-1.4790054,-0.2685531,0.1140447
2.3047222,2.5688926,1.9411563,2.3878674,3.6855648,0.5355039,1.8454784,1.7471743
-6.3266270,-7.1931212,-7.9358443,-7.3947692,-5.9693409,-6.8488153,-6.8090753,-8.9592610
-0.0331088,-1.6935912,-1.5686413,-2.5030879,-1.4268160,-1.3898229,-0.9233235,-0.1010240
3.0632914,2.1467516,1.7683744,2.0372163,2.4130695,2.2407105,2.7038242,3.5566111
-6.8591639,-7.1540240,-7.3801448,-5.2331202,-4.9942090,-4.9139465,-5.9209566,-8.1661500
-0.7304683,-2.4739951,-0.7336341,-0.4594456,-0.5385867,-0.3076921,-0.6677381,-0.2960854
6.8561584,4.8369837,6.3557393,4.9551164,4.9365689,5.9684402,6.5703114,6.8776193
-4.0666322,-3.2460778,-4.2032041,-3.8478794,-2.9705378,-1.8878572,-1.8422788,-4.9030742
-3.2332972,-2.0316216,-2.1901412,-2.3483132,-2.1906092,-1.5488350,-1.5931100,-0.2773627
7.9704843,7.5523066,8.8902777,6.8683060,6.2682557,6.8509043,6.3559568,10.9353409
-7.2649474,-6.1260658,-7.5791010,-6.2067028,-4.1825161,-6.5788141,-7.2630746,-9.5635447
-3.7748295,-3.0770931,-3.6440974,-3.5627801,-1.1492059,-4.5135628,-3.5098789,-3.6549998
7.7832902,7.0812989,7.9564582,6.3479951,6.2864190,4.9858812,6.2205926,9.2302536
-0.4115328,-0.7888293,-1.7891363,-1.3377124,-2.4112918,-2.8033066,-3.0289055,-1.7588222
-5.4076280,-5.4637459,-7.4444337,-6.2243018,-7.6653558,-5.8632118,-7.4768503,-7.2684347
17.9111817,16.1878395,16.4233796,13.3706823,12.9724241,13.7472405,13.5123152,20.2370638
-1.2036322,-1.0821019,-2.0672291,-1.3127266,0.2689262,-0.9615016,-0.3109583,-2.1381669
-6.3073376,-6.4098822,-6.0553586,-6.0337705,-6.4811269,-4.5038661,-4.4060567,-5.6318895
8.6502766,6.9902792,8.9368576,5.0363863,4.7916348,6.3014384,6.0510816,14.2447182
1.3444341,0.7274566,1.2434839,-0.3585578,0.4762654,0.2047630,-0.3614311,4.3204704
2.2601183,2.5746972,2.7436737,1.2296865,-1.0335763,2.9267374,2.7229722,1.3937627
9.0333980,9.6223222,9.8575440,6.6183156,4.8892080,8.6124610,9.1323326,7.4886601
20.0183078,18.3857867,21.2035222,16.6746028,16.4894253,16.0613065,16.6697115,21.9866264
0.1148235,-0.6892961,1.5473154,1.5633385,0.1340547,1.5451013,1.1101831,0.2752329
-35.4061860,-32.1851603,-34.2017045,-29.1727657,-30.3132207,-25.6143205,-26.5544039,-39.5430472
